solid BliskSection
   facet normal -1.865086e-01 6.363081e-01 7.485496e-01
      outer loop
         vertex 6.242129e-02 2.270984e-02 -6.980552e-03
         vertex 6.332711e-02 2.306743e-02 -7.058830e-03
         vertex 6.273264e-02 2.492711e-02 -8.787785e-03
      endloop
   endfacet
   facet normal 1.895559e-01 -4.384650e-01 8.785312e-01
      outer loop
         vertex 6.230967e-02 1.882014e-02 2.624051e-03
         vertex 6.235358e-02 1.868280e-02 2.546033e-03
         vertex 6.489130e-02 1.817423e-02 1.744661e-03
      endloop
   endfacet
   facet normal 1.534340e-01 -5.392085e-01 8.280774e-01
      outer loop
         vertex 6.489130e-02 1.817423e-02 1.744661e-03
         vertex 6.235358e-02 1.868280e-02 2.546033e-03
         vertex 6.493479e-02 1.803817e-02 1.648007e-03
      endloop
   endfacet
   facet normal 1.600410e-01 -5.371560e-01 8.281608e-01
      outer loop
         vertex 6.489130e-02 1.817423e-02 1.744661e-03
         vertex 6.493479e-02 1.803817e-02 1.648007e-03
         vertex 6.536877e-02 1.807578e-02 1.588534e-03
      endloop
   endfacet
   facet normal 1.456970e-01 -5.701861e-01 8.084926e-01
      outer loop
         vertex 6.691707e-02 1.750293e-02 9.213970e-04
         vertex 6.687772e-02 1.762605e-02 1.015314e-03
         vertex 6.639384e-02 1.767652e-02 1.138111e-03
      endloop
   endfacet
   facet normal 3.328015e-01 -7.270141e-02 9.401902e-01
      outer loop
         vertex 6.633040e-02 1.787500e-02 1.243283e-03
         vertex 6.630678e-02 1.794888e-02 1.257357e-03
         vertex 6.583416e-02 1.800065e-02 1.428651e-03
      endloop
   endfacet
   facet normal 3.972628e-01 5.904854e-01 7.025021e-01
      outer loop
         vertex 6.474556e-02 1.863015e-02 1.811508e-03
         vertex 6.470546e-02 1.875558e-02 1.728746e-03
         vertex 6.360567e-02 1.900479e-02 2.141205e-03
      endloop
   endfacet
   facet normal 1.173370e-01 8.330222e-01 5.406534e-01
      outer loop
         vertex 6.625786e-02 1.956511e-02 -2.608151e-03
         vertex 6.602831e-02 2.028320e-02 -3.664741e-03
         vertex 6.429208e-02 2.004876e-02 -2.926701e-03
      endloop
   endfacet
   facet normal -9.858367e-02 8.115540e-01 5.759005e-01
      outer loop
         vertex 6.466535e-02 2.165701e-02 -5.324871e-03
         vertex 6.385716e-02 2.140929e-02 -5.114144e-03
         vertex 6.408932e-02 2.068303e-02 -4.050963e-03
      endloop
   endfacet
   facet normal 1.042450e-01 8.423196e-02 9.909783e-01
      outer loop
         vertex 5.796952e-02 1.893875e-02 3.643010e-03
         vertex 5.802019e-02 1.878023e-02 3.651154e-03
         vertex 5.887265e-02 1.906961e-02 3.536883e-03
      endloop
   endfacet
   facet normal -3.081647e-01 6.027565e-01 7.360157e-01
      outer loop
         vertex 5.824929e-02 2.386231e-02 -9.890812e-03
         vertex 5.794124e-02 2.482598e-02 -1.080899e-02
         vertex 5.632775e-02 2.407463e-02 -1.086923e-02
      endloop
   endfacet
   facet normal 1.696790e-01 7.385550e-01 6.524918e-01
      outer loop
         vertex 7.024022e-02 1.883584e-02 -3.108481e-03
         vertex 7.009169e-02 1.937690e-02 -3.682281e-03
         vertex 6.913778e-02 1.942129e-02 -3.484468e-03
      endloop
   endfacet
   facet normal -2.318740e-01 3.924763e-01 8.900544e-01
      outer loop
         vertex 6.639889e-02 2.956269e-02 -1.019397e-02
         vertex 6.669390e-02 2.893563e-02 -9.840605e-03
         vertex 6.641431e-02 2.956953e-02 -1.019297e-02
      endloop
   endfacet
   facet normal -3.787137e-01 4.952518e-01 7.818578e-01
      outer loop
         vertex 6.106355e-02 2.718724e-02 -1.091670e-02
         vertex 5.927287e-02 2.638998e-02 -1.127906e-02
         vertex 6.005781e-02 2.586460e-02 -1.056606e-02
      endloop
   endfacet
   facet normal 2.600852e-01 -6.991996e-01 6.659396e-01
      outer loop
         vertex 6.019957e-02 1.794123e-02 2.294655e-03
         vertex 6.006858e-02 1.817108e-02 2.587136e-03
         vertex 5.921056e-02 1.801253e-02 2.755773e-03
      endloop
   endfacet
   facet normal 2.513176e-01 3.233983e-02 9.673643e-01
      outer loop
         vertex 6.774083e-02 1.751897e-02 7.833254e-04
         vertex 6.784805e-02 1.754670e-02 7.545427e-04
         vertex 6.783932e-02 1.757471e-02 7.558730e-04
      endloop
   endfacet
   facet normal 1.463940e-01 8.987621e-01 4.132740e-01
      outer loop
         vertex 7.029684e-02 1.818000e-02 -1.952835e-03
         vertex 6.957106e-02 1.806587e-02 -1.447537e-03
         vertex 6.937978e-02 1.794283e-02 -1.112216e-03
      endloop
   endfacet
   facet normal 1.640541e-01 8.655688e-01 4.731563e-01
      outer loop
         vertex 7.037123e-02 1.834450e-02 -2.326127e-03
         vertex 7.030027e-02 1.861234e-02 -2.791495e-03
         vertex 6.938491e-02 1.864820e-02 -2.539720e-03
      endloop
   endfacet
   facet normal 2.221329e-01 8.951981e-01 3.863642e-01
      outer loop
         vertex 6.857423e-02 1.817186e-02 -1.179740e-03
         vertex 6.910020e-02 1.787053e-02 -7.839429e-04
         vertex 6.937978e-02 1.794283e-02 -1.112216e-03
      endloop
   endfacet
   facet normal 3.702231e-01 8.783348e-01 3.024282e-01
      outer loop
         vertex 6.860621e-02 1.774277e-02 6.498907e-05
         vertex 6.871530e-02 1.777099e-02 -1.505061e-04
         vertex 6.766649e-02 1.811539e-02 1.331722e-04
      endloop
   endfacet
   facet normal 4.022485e-01 7.398465e-01 5.392803e-01
      outer loop
         vertex 6.830133e-02 1.766392e-02 4.869044e-04
         vertex 6.842002e-02 1.769462e-02 3.562569e-04
         vertex 6.773427e-02 1.790335e-02 5.813934e-04
      endloop
   endfacet
   facet normal 3.912629e-01 8.056320e-01 4.448262e-01
      outer loop
         vertex 6.773427e-02 1.790335e-02 5.813934e-04
         vertex 6.842002e-02 1.769462e-02 3.562569e-04
         vertex 6.770518e-02 1.799436e-02 4.421671e-04
      endloop
   endfacet
   facet normal 3.808896e-01 8.083947e-01 4.487997e-01
      outer loop
         vertex 6.773427e-02 1.790335e-02 5.813934e-04
         vertex 6.770518e-02 1.799436e-02 4.421671e-04
         vertex 6.720179e-02 1.809222e-02 6.931091e-04
      endloop
   endfacet
   facet normal 9.543265e-02 -4.578954e-01 8.838690e-01
      outer loop
         vertex 6.741168e-02 1.743563e-02 8.119314e-04
         vertex 6.742400e-02 1.743703e-02 8.113304e-04
         vertex 6.736823e-02 1.757151e-02 8.870207e-04
      endloop
   endfacet
   facet normal 1.848769e-01 -4.226887e-01 8.872175e-01
      outer loop
         vertex 6.736823e-02 1.757151e-02 8.870207e-04
         vertex 6.742400e-02 1.743703e-02 8.113304e-04
         vertex 6.773316e-02 1.751699e-02 7.849995e-04
      endloop
   endfacet
   facet normal 2.464563e-01 -1.437950e-01 9.584270e-01
      outer loop
         vertex 6.736823e-02 1.757151e-02 8.870207e-04
         vertex 6.773316e-02 1.751699e-02 7.849995e-04
         vertex 6.774083e-02 1.751897e-02 7.833254e-04
      endloop
   endfacet
   facet normal -6.085319e-02 -9.063232e-01 4.181808e-01
      outer loop
         vertex 6.597736e-02 1.755271e-02 9.979863e-04
         vertex 6.602173e-02 1.741392e-02 7.036323e-04
         vertex 6.645887e-02 1.747308e-02 8.954821e-04
      endloop
   endfacet
   facet normal -5.920179e-02 -9.079324e-01 4.149142e-01
      outer loop
         vertex 6.645887e-02 1.747308e-02 8.954821e-04
         vertex 6.602173e-02 1.741392e-02 7.036323e-04
         vertex 6.673615e-02 1.725914e-02 4.668848e-04
      endloop
   endfacet
   facet normal -8.517159e-02 -9.571536e-01 2.767720e-01
      outer loop
         vertex 6.656668e-02 1.721532e-02 2.631726e-04
         vertex 6.673615e-02 1.725914e-02 4.668848e-04
         vertex 6.515682e-02 1.744924e-02 6.383069e-04
      endloop
   endfacet
   facet normal -6.729916e-02 -9.159123e-01 3.956961e-01
      outer loop
         vertex 6.515682e-02 1.744924e-02 6.383069e-04
         vertex 6.673615e-02 1.725914e-02 4.668848e-04
         vertex 6.602173e-02 1.741392e-02 7.036323e-04
      endloop
   endfacet
   facet normal -6.231844e-02 -9.478842e-01 3.124612e-01
      outer loop
         vertex 6.515682e-02 1.744924e-02 6.383069e-04
         vertex 6.602173e-02 1.741392e-02 7.036323e-04
         vertex 6.512102e-02 1.745560e-02 6.504562e-04
      endloop
   endfacet
   facet normal 4.538843e-02 -8.688696e-01 4.929559e-01
      outer loop
         vertex 6.398811e-02 1.780839e-02 1.347008e-03
         vertex 6.404330e-02 1.763577e-02 1.037674e-03
         vertex 6.417681e-02 1.761509e-02 9.889288e-04
      endloop
   endfacet
   facet normal 5.883992e-02 -8.672205e-01 4.944355e-01
      outer loop
         vertex 6.404330e-02 1.763577e-02 1.037674e-03
         vertex 6.398811e-02 1.780839e-02 1.347008e-03
         vertex 6.270353e-02 1.781540e-02 1.512185e-03
      endloop
   endfacet
   facet normal 6.854282e-02 -8.202394e-01 5.678989e-01
      outer loop
         vertex 6.270353e-02 1.781540e-02 1.512185e-03
         vertex 6.398811e-02 1.780839e-02 1.347008e-03
         vertex 6.256350e-02 1.802609e-02 1.833393e-03
      endloop
   endfacet
   facet normal 1.040088e-01 -8.102371e-01 5.767998e-01
      outer loop
         vertex 6.270353e-02 1.781540e-02 1.512185e-03
         vertex 6.256350e-02 1.802609e-02 1.833393e-03
         vertex 6.262807e-02 1.782412e-02 1.538041e-03
      endloop
   endfacet
   facet normal 1.006225e-01 -8.108789e-01 5.764985e-01
      outer loop
         vertex 6.262807e-02 1.782412e-02 1.538041e-03
         vertex 6.256350e-02 1.802609e-02 1.833393e-03
         vertex 6.112501e-02 1.817456e-02 2.293292e-03
      endloop
   endfacet
   facet normal 1.430014e-01 -7.580500e-01 6.363260e-01
      outer loop
         vertex 6.262807e-02 1.782412e-02 1.538041e-03
         vertex 6.112501e-02 1.817456e-02 2.293292e-03
         vertex 6.119675e-02 1.795013e-02 2.009810e-03
      endloop
   endfacet
   facet normal 1.851855e-01 -7.306763e-01 6.571290e-01
      outer loop
         vertex 6.006858e-02 1.817108e-02 2.587136e-03
         vertex 6.019957e-02 1.794123e-02 2.294655e-03
         vertex 6.112501e-02 1.817456e-02 2.293292e-03
      endloop
   endfacet
   facet normal 1.905751e-01 -7.522075e-01 6.307654e-01
      outer loop
         vertex 6.112501e-02 1.817456e-02 2.293292e-03
         vertex 6.019957e-02 1.794123e-02 2.294655e-03
         vertex 6.106184e-02 1.795585e-02 2.051567e-03
      endloop
   endfacet
   facet normal 1.654024e-01 -7.524405e-01 6.375542e-01
      outer loop
         vertex 6.112501e-02 1.817456e-02 2.293292e-03
         vertex 6.106184e-02 1.795585e-02 2.051567e-03
         vertex 6.119675e-02 1.795013e-02 2.009810e-03
      endloop
   endfacet
   facet normal 3.339422e-01 -6.722302e-01 6.607490e-01
      outer loop
         vertex 5.820824e-02 1.738509e-02 2.594535e-03
         vertex 5.843657e-02 1.747768e-02 2.573337e-03
         vertex 5.836021e-02 1.771655e-02 2.854956e-03
      endloop
   endfacet
   facet normal 3.291077e-01 -6.742313e-01 6.611355e-01
      outer loop
         vertex 5.836021e-02 1.771655e-02 2.854956e-03
         vertex 5.843657e-02 1.747768e-02 2.573337e-03
         vertex 5.849878e-02 1.750228e-02 2.567461e-03
      endloop
   endfacet
   facet normal 3.144516e-01 -6.822465e-01 6.600454e-01
      outer loop
         vertex 5.836021e-02 1.771655e-02 2.854956e-03
         vertex 5.849878e-02 1.750228e-02 2.567461e-03
         vertex 5.921056e-02 1.801253e-02 2.755773e-03
      endloop
   endfacet
   facet normal 3.006864e-01 -6.699587e-01 6.787805e-01
      outer loop
         vertex 5.921056e-02 1.801253e-02 2.755773e-03
         vertex 5.849878e-02 1.750228e-02 2.567461e-03
         vertex 5.960677e-02 1.785413e-02 2.423921e-03
      endloop
   endfacet
   facet normal 2.465969e-01 -7.266274e-01 6.412508e-01
      outer loop
         vertex 5.921056e-02 1.801253e-02 2.755773e-03
         vertex 5.960677e-02 1.785413e-02 2.423921e-03
         vertex 6.019957e-02 1.794123e-02 2.294655e-03
      endloop
   endfacet
   facet normal 3.592425e-01 -6.728170e-01 6.467318e-01
      outer loop
         vertex 5.820824e-02 1.738509e-02 2.594535e-03
         vertex 5.836021e-02 1.771655e-02 2.854956e-03
         vertex 5.680402e-02 1.678637e-02 2.751681e-03
      endloop
   endfacet
   facet normal 3.521267e-01 -6.625104e-01 6.611254e-01
      outer loop
         vertex 5.680402e-02 1.678637e-02 2.751681e-03
         vertex 5.836021e-02 1.771655e-02 2.854956e-03
         vertex 5.665637e-02 1.699688e-02 3.041267e-03
      endloop
   endfacet
   facet normal 3.900470e-01 -6.387696e-01 6.632018e-01
      outer loop
         vertex 5.680402e-02 1.678637e-02 2.751681e-03
         vertex 5.665637e-02 1.699688e-02 3.041267e-03
         vertex 5.564700e-02 1.618177e-02 2.849824e-03
      endloop
   endfacet
   facet normal 4.058875e-01 -6.528368e-01 6.395776e-01
      outer loop
         vertex 5.564700e-02 1.618177e-02 2.849824e-03
         vertex 5.665637e-02 1.699688e-02 3.041267e-03
         vertex 5.523279e-02 1.628250e-02 3.215509e-03
      endloop
   endfacet
   facet normal 3.990129e-01 -6.621129e-01 6.343462e-01
      outer loop
         vertex 5.564700e-02 1.618177e-02 2.849824e-03
         vertex 5.523279e-02 1.628250e-02 3.215509e-03
         vertex 5.531673e-02 1.599329e-02 2.860840e-03
      endloop
   endfacet
   facet normal 2.892179e-01 -4.180692e-01 8.611453e-01
      outer loop
         vertex 5.640296e-02 1.778961e-02 3.685568e-03
         vertex 5.509321e-02 1.697871e-02 3.731779e-03
         vertex 5.512127e-02 1.677934e-02 3.625562e-03
      endloop
   endfacet
   facet normal 1.598453e-01 -2.048826e-01 9.656462e-01
      outer loop
         vertex 5.630326e-02 1.810151e-02 3.812293e-03
         vertex 5.505399e-02 1.744016e-02 3.878767e-03
         vertex 5.506269e-02 1.726339e-02 3.839822e-03
      endloop
   endfacet
   facet normal 4.565234e-02 1.330948e-02 9.988687e-01
      outer loop
         vertex 5.625137e-02 1.826385e-02 3.812502e-03
         vertex 5.507181e-02 1.766286e-02 3.874420e-03
         vertex 5.630326e-02 1.810151e-02 3.812293e-03
      endloop
   endfacet
   facet normal 1.288376e-03 1.366860e-01 9.906136e-01
      outer loop
         vertex 5.630326e-02 1.810151e-02 3.812293e-03
         vertex 5.507181e-02 1.766286e-02 3.874420e-03
         vertex 5.506521e-02 1.760085e-02 3.882984e-03
      endloop
   endfacet
   facet normal 6.947737e-02 -3.101906e-02 9.971012e-01
      outer loop
         vertex 5.630326e-02 1.810151e-02 3.812293e-03
         vertex 5.506521e-02 1.760085e-02 3.882984e-03
         vertex 5.505399e-02 1.744016e-02 3.878767e-03
      endloop
   endfacet
   facet normal -3.376148e-01 7.635153e-01 5.505094e-01
      outer loop
         vertex 5.510772e-02 1.802720e-02 3.609689e-03
         vertex 5.510114e-02 1.792769e-02 3.743670e-03
         vertex 5.620313e-02 1.841474e-02 3.743993e-03
      endloop
   endfacet
   facet normal -2.718760e-01 6.146501e-01 7.404651e-01
      outer loop
         vertex 5.620313e-02 1.841474e-02 3.743993e-03
         vertex 5.510114e-02 1.792769e-02 3.743670e-03
         vertex 5.509517e-02 1.786513e-02 3.793408e-03
      endloop
   endfacet
   facet normal -1.430601e-01 3.708950e-01 9.175896e-01
      outer loop
         vertex 5.620313e-02 1.841474e-02 3.743993e-03
         vertex 5.509517e-02 1.786513e-02 3.793408e-03
         vertex 5.625137e-02 1.826385e-02 3.812502e-03
      endloop
   endfacet
   facet normal -1.623975e-01 4.283422e-01 8.889038e-01
      outer loop
         vertex 5.625137e-02 1.826385e-02 3.812502e-03
         vertex 5.509517e-02 1.786513e-02 3.793408e-03
         vertex 5.507855e-02 1.771863e-02 3.860965e-03
      endloop
   endfacet
   facet normal -7.261734e-02 2.422041e-01 9.675039e-01
      outer loop
         vertex 5.625137e-02 1.826385e-02 3.812502e-03
         vertex 5.507855e-02 1.771863e-02 3.860965e-03
         vertex 5.507181e-02 1.766286e-02 3.874420e-03
      endloop
   endfacet
   facet normal -4.563119e-01 8.734810e-01 -1.697362e-01
      outer loop
         vertex 5.622985e-02 1.833114e-02 1.375412e-03
         vertex 5.516868e-02 1.805170e-02 2.790215e-03
         vertex 5.615666e-02 1.856012e-02 2.750525e-03
      endloop
   endfacet
   facet normal -4.574584e-01 8.779249e-01 -1.413497e-01
      outer loop
         vertex 5.615666e-02 1.856012e-02 2.750525e-03
         vertex 5.516868e-02 1.805170e-02 2.790215e-03
         vertex 5.512230e-02 1.810414e-02 3.266004e-03
      endloop
   endfacet
   facet normal -4.577592e-01 8.776282e-01 -1.422157e-01
      outer loop
         vertex 5.615666e-02 1.856012e-02 2.750525e-03
         vertex 5.512230e-02 1.810414e-02 3.266004e-03
         vertex 5.614111e-02 1.860875e-02 3.100698e-03
      endloop
   endfacet
   facet normal -4.249127e-01 8.972353e-01 1.200749e-01
      outer loop
         vertex 5.614111e-02 1.860875e-02 3.100698e-03
         vertex 5.512230e-02 1.810414e-02 3.266004e-03
         vertex 5.510960e-02 1.806451e-02 3.517217e-03
      endloop
   endfacet
   facet normal -4.444623e-01 8.933223e-01 6.654714e-02
      outer loop
         vertex 5.614111e-02 1.860875e-02 3.100698e-03
         vertex 5.510960e-02 1.806451e-02 3.517217e-03
         vertex 5.614830e-02 1.858626e-02 3.450566e-03
      endloop
   endfacet
   facet normal -4.057053e-01 8.504445e-01 3.348842e-01
      outer loop
         vertex 5.614830e-02 1.858626e-02 3.450566e-03
         vertex 5.510960e-02 1.806451e-02 3.517217e-03
         vertex 5.510772e-02 1.802720e-02 3.609689e-03
      endloop
   endfacet
   facet normal -3.960971e-01 8.416916e-01 3.669637e-01
      outer loop
         vertex 5.614830e-02 1.858626e-02 3.450566e-03
         vertex 5.510772e-02 1.802720e-02 3.609689e-03
         vertex 5.616796e-02 1.852476e-02 3.612851e-03
      endloop
   endfacet
   facet normal -3.216175e-01 6.811387e-01 6.577327e-01
      outer loop
         vertex 5.616796e-02 1.852476e-02 3.612851e-03
         vertex 5.510772e-02 1.802720e-02 3.609689e-03
         vertex 5.620313e-02 1.841474e-02 3.743993e-03
      endloop
   endfacet
   facet normal -3.997779e-01 9.041777e-01 1.504670e-01
      outer loop
         vertex 5.620856e-02 1.839776e-02 -2.797405e-03
         vertex 5.520010e-02 1.771087e-02 -1.349177e-03
         vertex 5.627304e-02 1.819603e-02 -1.413873e-03
      endloop
   endfacet
   facet normal -4.103891e-01 9.114488e-01 2.901405e-02
      outer loop
         vertex 5.627304e-02 1.819603e-02 -1.413873e-03
         vertex 5.520010e-02 1.771087e-02 -1.349177e-03
         vertex 5.524181e-02 1.768603e-02 2.098740e-05
      endloop
   endfacet
   facet normal -4.275477e-01 9.038845e-01 1.399347e-02
      outer loop
         vertex 5.627304e-02 1.819603e-02 -1.413873e-03
         vertex 5.524181e-02 1.768603e-02 2.098740e-05
         vertex 5.627905e-02 1.817724e-02 -1.666989e-05
      endloop
   endfacet
   facet normal -4.289620e-01 9.018631e-01 -5.132809e-02
      outer loop
         vertex 5.627905e-02 1.817724e-02 -1.666989e-05
         vertex 5.524181e-02 1.768603e-02 2.098740e-05
         vertex 5.524617e-02 1.771619e-02 5.144903e-04
      endloop
   endfacet
   facet normal -4.531576e-01 8.841418e-01 -1.137605e-01
      outer loop
         vertex 5.627905e-02 1.817724e-02 -1.666989e-05
         vertex 5.524617e-02 1.771619e-02 5.144903e-04
         vertex 5.622985e-02 1.833114e-02 1.375412e-03
      endloop
   endfacet
   facet normal -4.599162e-01 8.818072e-01 -1.043706e-01
      outer loop
         vertex 5.622985e-02 1.833114e-02 1.375412e-03
         vertex 5.524617e-02 1.771619e-02 5.144903e-04
         vertex 5.524157e-02 1.780798e-02 1.310226e-03
      endloop
   endfacet
   facet normal -4.527194e-01 8.759598e-01 -1.665520e-01
      outer loop
         vertex 5.622985e-02 1.833114e-02 1.375412e-03
         vertex 5.524157e-02 1.780798e-02 1.310226e-03
         vertex 5.516868e-02 1.805170e-02 2.790215e-03
      endloop
   endfacet
   facet normal -3.071608e-01 7.191051e-01 6.233298e-01
      outer loop
         vertex 5.522123e-02 2.148641e-02 -8.918386e-03
         vertex 5.427226e-02 2.008244e-02 -7.766322e-03
         vertex 5.548798e-02 2.065191e-02 -7.824223e-03
      endloop
   endfacet
   facet normal -3.322830e-01 7.653963e-01 5.511410e-01
      outer loop
         vertex 5.548798e-02 2.065191e-02 -7.824223e-03
         vertex 5.427226e-02 2.008244e-02 -7.766322e-03
         vertex 5.458236e-02 1.930103e-02 -6.494176e-03
      endloop
   endfacet
   facet normal -3.225594e-01 7.650305e-01 5.573902e-01
      outer loop
         vertex 5.548798e-02 2.065191e-02 -7.824223e-03
         vertex 5.458236e-02 1.930103e-02 -6.494176e-03
         vertex 5.572638e-02 1.990613e-02 -6.662657e-03
      endloop
   endfacet
   facet normal -3.597548e-01 8.093969e-01 4.641694e-01
      outer loop
         vertex 5.572638e-02 1.990613e-02 -6.662657e-03
         vertex 5.458236e-02 1.930103e-02 -6.494176e-03
         vertex 5.481514e-02 1.869218e-02 -5.252082e-03
      endloop
   endfacet
   facet normal -3.409946e-01 8.101135e-01 4.769053e-01
      outer loop
         vertex 5.572638e-02 1.990613e-02 -6.662657e-03
         vertex 5.481514e-02 1.869218e-02 -5.252082e-03
         vertex 5.593002e-02 1.926910e-02 -5.434939e-03
      endloop
   endfacet
   facet normal -3.789467e-01 8.490068e-01 3.682213e-01
      outer loop
         vertex 5.593002e-02 1.926910e-02 -5.434939e-03
         vertex 5.481514e-02 1.869218e-02 -5.252082e-03
         vertex 5.498958e-02 1.822607e-02 -3.997860e-03
      endloop
   endfacet
   facet normal -3.616397e-01 8.509376e-01 3.809486e-01
      outer loop
         vertex 5.593002e-02 1.926910e-02 -5.434939e-03
         vertex 5.498958e-02 1.822607e-02 -3.997860e-03
         vertex 5.609266e-02 1.876030e-02 -4.144020e-03
      endloop
   endfacet
   facet normal -3.859267e-01 8.760036e-01 2.892719e-01
      outer loop
         vertex 5.609266e-02 1.876030e-02 -4.144020e-03
         vertex 5.498958e-02 1.822607e-02 -3.997860e-03
         vertex 5.505925e-02 1.803852e-02 -3.336946e-03
      endloop
   endfacet
   facet normal -4.005105e-01 8.755498e-01 2.701921e-01
      outer loop
         vertex 5.609266e-02 1.876030e-02 -4.144020e-03
         vertex 5.505925e-02 1.803852e-02 -3.336946e-03
         vertex 5.620856e-02 1.839776e-02 -2.797405e-03
      endloop
   endfacet
   facet normal -3.881288e-01 8.916378e-01 2.331053e-01
      outer loop
         vertex 5.620856e-02 1.839776e-02 -2.797405e-03
         vertex 5.505925e-02 1.803852e-02 -3.336946e-03
         vertex 5.511788e-02 1.788806e-02 -2.663797e-03
      endloop
   endfacet
   facet normal -4.039455e-01 9.029014e-01 1.469596e-01
      outer loop
         vertex 5.620856e-02 1.839776e-02 -2.797405e-03
         vertex 5.511788e-02 1.788806e-02 -2.663797e-03
         vertex 5.520010e-02 1.771087e-02 -1.349177e-03
      endloop
   endfacet
   facet normal -3.068691e-01 6.544825e-01 6.910022e-01
      outer loop
         vertex 5.462314e-02 2.335737e-02 -1.090951e-02
         vertex 5.334352e-02 2.229060e-02 -1.046739e-02
         vertex 5.386521e-02 2.104169e-02 -9.052802e-03
      endloop
   endfacet
   facet normal -2.590192e-01 6.182517e-01 7.420741e-01
      outer loop
         vertex 5.334352e-02 2.229060e-02 -1.046739e-02
         vertex 5.462314e-02 2.335737e-02 -1.090951e-02
         vertex 5.293592e-02 2.318611e-02 -1.135574e-02
      endloop
   endfacet
   facet normal -2.604682e-01 6.044719e-01 7.528413e-01
      outer loop
         vertex 5.293592e-02 2.318611e-02 -1.135574e-02
         vertex 5.462314e-02 2.335737e-02 -1.090951e-02
         vertex 5.481727e-02 2.440622e-02 -1.168448e-02
      endloop
   endfacet
   facet normal -2.254627e-01 5.620621e-01 7.957718e-01
      outer loop
         vertex 5.293592e-02 2.318611e-02 -1.135574e-02
         vertex 5.481727e-02 2.440622e-02 -1.168448e-02
         vertex 5.276446e-02 2.349225e-02 -1.162055e-02
      endloop
   endfacet
   facet normal -2.927319e-01 5.668880e-01 7.700299e-01
      outer loop
         vertex 5.794124e-02 2.482598e-02 -1.080899e-02
         vertex 5.765114e-02 2.566794e-02 -1.153911e-02
         vertex 5.632775e-02 2.407463e-02 -1.086923e-02
      endloop
   endfacet
   facet normal -3.199615e-01 5.805475e-01 7.487251e-01
      outer loop
         vertex 5.632775e-02 2.407463e-02 -1.086923e-02
         vertex 5.765114e-02 2.566794e-02 -1.153911e-02
         vertex 5.682445e-02 2.529987e-02 -1.160700e-02
      endloop
   endfacet
   facet normal -3.000492e-01 5.784011e-01 7.585662e-01
      outer loop
         vertex 5.632775e-02 2.407463e-02 -1.086923e-02
         vertex 5.682445e-02 2.529987e-02 -1.160700e-02
         vertex 5.604494e-02 2.495281e-02 -1.165070e-02
      endloop
   endfacet
   facet normal -2.999452e-01 4.339592e-01 8.495365e-01
      outer loop
         vertex 6.532678e-02 2.908536e-02 -1.029091e-02
         vertex 6.511734e-02 2.899211e-02 -1.031722e-02
         vertex 6.528758e-02 2.845343e-02 -9.981951e-03
      endloop
   endfacet
   facet normal -2.917974e-01 4.372496e-01 8.506862e-01
      outer loop
         vertex 6.528758e-02 2.845343e-02 -9.981951e-03
         vertex 6.511734e-02 2.899211e-02 -1.031722e-02
         vertex 6.471484e-02 2.881290e-02 -1.036317e-02
      endloop
   endfacet
   facet normal -1.946816e-01 4.104322e-01 8.908673e-01
      outer loop
         vertex 6.639889e-02 2.956269e-02 -1.019397e-02
         vertex 6.627817e-02 2.836693e-02 -9.669446e-03
         vertex 6.669390e-02 2.893563e-02 -9.840605e-03
      endloop
   endfacet
   facet normal -2.374731e-01 4.349974e-01 8.685527e-01
      outer loop
         vertex 6.669390e-02 2.893563e-02 -9.840605e-03
         vertex 6.627817e-02 2.836693e-02 -9.669446e-03
         vertex 6.694340e-02 2.628592e-02 -8.445335e-03
      endloop
   endfacet
   facet normal -1.079809e-01 4.552223e-01 8.838058e-01
      outer loop
         vertex 6.669390e-02 2.893563e-02 -9.840605e-03
         vertex 6.694340e-02 2.628592e-02 -8.445335e-03
         vertex 6.790616e-02 2.598100e-02 -8.170654e-03
      endloop
   endfacet
   facet normal -8.536235e-02 5.044722e-01 8.591979e-01
      outer loop
         vertex 6.790616e-02 2.598100e-02 -8.170654e-03
         vertex 6.694340e-02 2.628592e-02 -8.445335e-03
         vertex 6.760100e-02 2.422877e-02 -7.172162e-03
      endloop
   endfacet
   facet normal -3.054185e-02 4.988773e-01 8.661343e-01
      outer loop
         vertex 6.790616e-02 2.598100e-02 -8.170654e-03
         vertex 6.760100e-02 2.422877e-02 -7.172162e-03
         vertex 6.874944e-02 2.367464e-02 -6.812494e-03
      endloop
   endfacet
   facet normal 1.612067e-02 5.676580e-01 8.231066e-01
      outer loop
         vertex 6.874944e-02 2.367464e-02 -6.812494e-03
         vertex 6.760100e-02 2.422877e-02 -7.172162e-03
         vertex 6.823979e-02 2.223045e-02 -5.806524e-03
      endloop
   endfacet
   facet normal 5.468481e-02 5.576483e-01 8.282741e-01
      outer loop
         vertex 6.874944e-02 2.367464e-02 -6.812494e-03
         vertex 6.823979e-02 2.223045e-02 -5.806524e-03
         vertex 6.938716e-02 2.174843e-02 -5.557748e-03
      endloop
   endfacet
   facet normal 9.929771e-02 6.327250e-01 7.679837e-01
      outer loop
         vertex 6.938716e-02 2.174843e-02 -5.557748e-03
         vertex 6.823979e-02 2.223045e-02 -5.806524e-03
         vertex 6.885033e-02 2.032052e-02 -4.311916e-03
      endloop
   endfacet
   facet normal 1.458828e-01 6.186905e-01 7.719716e-01
      outer loop
         vertex 6.938716e-02 2.174843e-02 -5.557748e-03
         vertex 6.885033e-02 2.032052e-02 -4.311916e-03
         vertex 6.981564e-02 2.034174e-02 -4.511337e-03
      endloop
   endfacet
   facet normal -3.562428e-01 5.206933e-01 7.758669e-01
      outer loop
         vertex 5.927287e-02 2.638998e-02 -1.127906e-02
         vertex 5.765114e-02 2.566794e-02 -1.153911e-02
         vertex 6.005781e-02 2.586460e-02 -1.056606e-02
      endloop
   endfacet
   facet normal -3.529337e-01 5.406181e-01 7.636556e-01
      outer loop
         vertex 6.005781e-02 2.586460e-02 -1.056606e-02
         vertex 5.765114e-02 2.566794e-02 -1.153911e-02
         vertex 5.794124e-02 2.482598e-02 -1.080899e-02
      endloop
   endfacet
   facet normal -3.497512e-01 5.324567e-01 7.708203e-01
      outer loop
         vertex 6.005781e-02 2.586460e-02 -1.056606e-02
         vertex 5.794124e-02 2.482598e-02 -1.080899e-02
         vertex 6.037645e-02 2.486778e-02 -9.732910e-03
      endloop
   endfacet
   facet normal -3.342417e-01 5.919385e-01 7.334107e-01
      outer loop
         vertex 6.037645e-02 2.486778e-02 -9.732910e-03
         vertex 5.794124e-02 2.482598e-02 -1.080899e-02
         vertex 5.824929e-02 2.386231e-02 -9.890812e-03
      endloop
   endfacet
   facet normal -2.816616e-01 5.856476e-01 7.600550e-01
      outer loop
         vertex 5.604494e-02 2.495281e-02 -1.165070e-02
         vertex 5.481727e-02 2.440622e-02 -1.168448e-02
         vertex 5.632775e-02 2.407463e-02 -1.086923e-02
      endloop
   endfacet
   facet normal -2.718216e-01 6.039254e-01 7.492577e-01
      outer loop
         vertex 5.632775e-02 2.407463e-02 -1.086923e-02
         vertex 5.481727e-02 2.440622e-02 -1.168448e-02
         vertex 5.462314e-02 2.335737e-02 -1.090951e-02
      endloop
   endfacet
   facet normal -2.909216e-01 6.520774e-01 7.001140e-01
      outer loop
         vertex 5.632775e-02 2.407463e-02 -1.086923e-02
         vertex 5.462314e-02 2.335737e-02 -1.090951e-02
         vertex 5.522123e-02 2.148641e-02 -8.918386e-03
      endloop
   endfacet
   facet normal -2.841349e-01 6.546540e-01 7.004966e-01
      outer loop
         vertex 5.522123e-02 2.148641e-02 -8.918386e-03
         vertex 5.462314e-02 2.335737e-02 -1.090951e-02
         vertex 5.386521e-02 2.104169e-02 -9.052802e-03
      endloop
   endfacet
   facet normal -2.977823e-01 7.177540e-01 6.294084e-01
      outer loop
         vertex 5.522123e-02 2.148641e-02 -8.918386e-03
         vertex 5.386521e-02 2.104169e-02 -9.052802e-03
         vertex 5.427226e-02 2.008244e-02 -7.766322e-03
      endloop
   endfacet
   facet normal -2.418650e-01 7.178391e-01 6.528463e-01
      outer loop
         vertex 6.242129e-02 2.270984e-02 -6.980552e-03
         vertex 6.096097e-02 2.303924e-02 -7.883761e-03
         vertex 6.122609e-02 2.220989e-02 -6.873632e-03
      endloop
   endfacet
   facet normal -3.038441e-01 6.956847e-01 6.509236e-01
      outer loop
         vertex 6.122609e-02 2.220989e-02 -6.873632e-03
         vertex 6.096097e-02 2.303924e-02 -7.883761e-03
         vertex 5.881312e-02 2.209848e-02 -7.880909e-03
      endloop
   endfacet
   facet normal -2.539932e-01 8.166703e-01 5.182056e-01
      outer loop
         vertex 5.905975e-02 2.132696e-02 -6.778398e-03
         vertex 5.927529e-02 2.065271e-02 -5.610167e-03
         vertex 6.146687e-02 2.145668e-02 -5.803014e-03
      endloop
   endfacet
   facet normal -2.714726e-01 8.488309e-01 4.536394e-01
      outer loop
         vertex 6.146687e-02 2.145668e-02 -5.803014e-03
         vertex 5.927529e-02 2.065271e-02 -5.610167e-03
         vertex 6.041371e-02 2.039970e-02 -4.455475e-03
      endloop
   endfacet
   facet normal -2.403533e-01 8.712916e-01 4.278800e-01
      outer loop
         vertex 6.041371e-02 2.039970e-02 -4.455475e-03
         vertex 5.927529e-02 2.065271e-02 -5.610167e-03
         vertex 5.945317e-02 2.009623e-02 -4.377087e-03
      endloop
   endfacet
   facet normal -2.535642e-01 8.964556e-01 3.634178e-01
      outer loop
         vertex 6.041371e-02 2.039970e-02 -4.455475e-03
         vertex 5.945317e-02 2.009623e-02 -4.377087e-03
         vertex 6.056356e-02 1.993094e-02 -3.194625e-03
      endloop
   endfacet
   facet normal -2.054506e-01 9.241413e-01 3.221071e-01
      outer loop
         vertex 6.056356e-02 1.993094e-02 -3.194625e-03
         vertex 5.945317e-02 2.009623e-02 -4.377087e-03
         vertex 5.958768e-02 1.967547e-02 -3.084136e-03
      endloop
   endfacet
   facet normal -2.191413e-01 9.439281e-01 2.469347e-01
      outer loop
         vertex 6.056356e-02 1.993094e-02 -3.194625e-03
         vertex 5.958768e-02 1.967547e-02 -3.084136e-03
         vertex 6.066542e-02 1.961228e-02 -1.886131e-03
      endloop
   endfacet
   facet normal -3.143811e-01 7.433006e-01 5.904818e-01
      outer loop
         vertex 5.881312e-02 2.209848e-02 -7.880909e-03
         vertex 5.719003e-02 2.137721e-02 -7.837123e-03
         vertex 5.905975e-02 2.132696e-02 -6.778398e-03
      endloop
   endfacet
   facet normal -3.006738e-01 7.665995e-01 5.673804e-01
      outer loop
         vertex 5.905975e-02 2.132696e-02 -6.778398e-03
         vertex 5.719003e-02 2.137721e-02 -7.837123e-03
         vertex 5.742981e-02 2.062711e-02 -6.696579e-03
      endloop
   endfacet
   facet normal -3.155826e-01 7.954709e-01 5.173333e-01
      outer loop
         vertex 5.905975e-02 2.132696e-02 -6.778398e-03
         vertex 5.742981e-02 2.062711e-02 -6.696579e-03
         vertex 5.927529e-02 2.065271e-02 -5.610167e-03
      endloop
   endfacet
   facet normal -2.993960e-01 8.191260e-01 4.892798e-01
      outer loop
         vertex 5.927529e-02 2.065271e-02 -5.610167e-03
         vertex 5.742981e-02 2.062711e-02 -6.696579e-03
         vertex 5.763607e-02 1.998186e-02 -5.490131e-03
      endloop
   endfacet
   facet normal -3.153446e-01 8.470918e-01 4.277772e-01
      outer loop
         vertex 5.927529e-02 2.065271e-02 -5.610167e-03
         vertex 5.763607e-02 1.998186e-02 -5.490131e-03
         vertex 5.945317e-02 2.009623e-02 -4.377087e-03
      endloop
   endfacet
   facet normal -2.953862e-01 8.709177e-01 3.927460e-01
      outer loop
         vertex 5.945317e-02 2.009623e-02 -4.377087e-03
         vertex 5.763607e-02 1.998186e-02 -5.490131e-03
         vertex 5.780119e-02 1.946530e-02 -4.220468e-03
      endloop
   endfacet
   facet normal -3.107400e-01 8.938565e-01 3.232047e-01
      outer loop
         vertex 5.945317e-02 2.009623e-02 -4.377087e-03
         vertex 5.780119e-02 1.946530e-02 -4.220468e-03
         vertex 5.958768e-02 1.967547e-02 -3.084136e-03
      endloop
   endfacet
   facet normal -2.868735e-01 9.156272e-01 2.816565e-01
      outer loop
         vertex 5.958768e-02 1.967547e-02 -3.084136e-03
         vertex 5.780119e-02 1.946530e-02 -4.220468e-03
         vertex 5.791972e-02 1.909454e-02 -2.894442e-03
      endloop
   endfacet
   facet normal -3.471139e-02 9.917913e-01 -1.230656e-01
      outer loop
         vertex 6.062476e-02 1.973948e-02 2.466451e-03
         vertex 6.063801e-02 1.969803e-02 2.128701e-03
         vertex 5.958503e-02 1.968374e-02 2.310549e-03
      endloop
   endfacet
   facet normal -5.659032e-02 9.661312e-01 -2.517699e-01
      outer loop
         vertex 5.958503e-02 1.968374e-02 2.310549e-03
         vertex 6.063801e-02 1.969803e-02 2.128701e-03
         vertex 6.069171e-02 1.953005e-02 1.472015e-03
      endloop
   endfacet
   facet normal -3.903251e-03 9.826802e-01 -1.852682e-01
      outer loop
         vertex 5.958503e-02 1.968374e-02 2.310549e-03
         vertex 6.069171e-02 1.953005e-02 1.472015e-03
         vertex 5.966554e-02 1.943189e-02 9.730065e-04
      endloop
   endfacet
   facet normal -9.443168e-03 9.846537e-01 -1.742640e-01
      outer loop
         vertex 5.966554e-02 1.943189e-02 9.730065e-04
         vertex 6.069171e-02 1.953005e-02 1.472015e-03
         vertex 6.072909e-02 1.941311e-02 8.092438e-04
      endloop
   endfacet
   facet normal 4.085783e-03 9.961370e-01 -8.771782e-02
      outer loop
         vertex 5.966554e-02 1.943189e-02 9.730065e-04
         vertex 6.072909e-02 1.941311e-02 8.092438e-04
         vertex 5.970383e-02 1.931210e-02 -3.856105e-04
      endloop
   endfacet
   facet normal -1.246873e-01 9.919264e-01 2.313310e-02
      outer loop
         vertex 5.970383e-02 1.931210e-02 -3.856105e-04
         vertex 6.072909e-02 1.941311e-02 8.092438e-04
         vertex 6.071938e-02 1.944349e-02 -5.458388e-04
      endloop
   endfacet
   facet normal -1.176948e-01 9.908178e-01 6.654367e-02
      outer loop
         vertex 5.970383e-02 1.931210e-02 -3.856105e-04
         vertex 6.071938e-02 1.944349e-02 -5.458388e-04
         vertex 5.967567e-02 1.940019e-02 -1.747054e-03
      endloop
   endfacet
   facet normal -2.724949e-03 9.846989e-01 1.742433e-01
      outer loop
         vertex 6.062476e-02 1.973948e-02 2.466451e-03
         vertex 5.957865e-02 1.970372e-02 2.652176e-03
         vertex 6.064326e-02 1.968160e-02 2.793815e-03
      endloop
   endfacet
   facet normal 5.161211e-03 9.932012e-01 1.162955e-01
      outer loop
         vertex 6.064326e-02 1.968160e-02 2.793815e-03
         vertex 5.957865e-02 1.970372e-02 2.652176e-03
         vertex 5.959135e-02 1.966397e-02 2.991096e-03
      endloop
   endfacet
   facet normal 7.511145e-02 8.747675e-01 4.786859e-01
      outer loop
         vertex 6.064326e-02 1.968160e-02 2.793815e-03
         vertex 5.959135e-02 1.966397e-02 2.991096e-03
         vertex 6.066957e-02 1.959928e-02 2.940113e-03
      endloop
   endfacet
   facet normal 7.241577e-02 9.363306e-01 3.435710e-01
      outer loop
         vertex 6.066957e-02 1.959928e-02 2.940113e-03
         vertex 5.959135e-02 1.966397e-02 2.991096e-03
         vertex 5.961031e-02 1.960466e-02 3.148737e-03
      endloop
   endfacet
   facet normal 1.395493e-01 7.099769e-01 6.902600e-01
      outer loop
         vertex 6.066957e-02 1.959928e-02 2.940113e-03
         vertex 5.961031e-02 1.960466e-02 3.148737e-03
         vertex 6.070806e-02 1.947891e-02 3.056150e-03
      endloop
   endfacet
   facet normal 1.408366e-01 7.967046e-01 5.877302e-01
      outer loop
         vertex 6.070806e-02 1.947891e-02 3.056150e-03
         vertex 5.961031e-02 1.960466e-02 3.148737e-03
         vertex 5.964327e-02 1.950155e-02 3.280610e-03
      endloop
   endfacet
   facet normal 1.958220e-01 4.188629e-01 8.866835e-01
      outer loop
         vertex 6.070806e-02 1.947891e-02 3.056150e-03
         vertex 5.964327e-02 1.950155e-02 3.280610e-03
         vertex 6.075609e-02 1.932862e-02 3.116535e-03
      endloop
   endfacet
   facet normal 2.045968e-01 5.454291e-01 8.128021e-01
      outer loop
         vertex 6.075609e-02 1.932862e-02 3.116535e-03
         vertex 5.964327e-02 1.950155e-02 3.280610e-03
         vertex 5.968799e-02 1.936164e-02 3.363237e-03
      endloop
   endfacet
   facet normal 2.265763e-01 7.204632e-02 9.713251e-01
      outer loop
         vertex 6.075609e-02 1.932862e-02 3.116535e-03
         vertex 5.968799e-02 1.936164e-02 3.363237e-03
         vertex 6.080685e-02 1.916985e-02 3.116472e-03
      endloop
   endfacet
   facet normal 2.431128e-01 1.959518e-01 9.499995e-01
      outer loop
         vertex 6.080685e-02 1.916985e-02 3.116472e-03
         vertex 5.968799e-02 1.936164e-02 3.363237e-03
         vertex 5.973773e-02 1.920604e-02 3.382602e-03
      endloop
   endfacet
   facet normal 2.200796e-01 -3.070881e-01 9.258844e-01
      outer loop
         vertex 6.080685e-02 1.916985e-02 3.116472e-03
         vertex 5.973773e-02 1.920604e-02 3.382602e-03
         vertex 6.090269e-02 1.887003e-02 2.994250e-03
      endloop
   endfacet
   facet normal -2.728069e-01 9.596812e-01 6.773730e-02
      outer loop
         vertex 5.967567e-02 1.940019e-02 -1.747054e-03
         vertex 5.884437e-02 1.915807e-02 -1.664890e-03
         vertex 5.970383e-02 1.931210e-02 -3.856105e-04
      endloop
   endfacet
   facet normal -2.185697e-01 9.753781e-01 2.940910e-02
      outer loop
         vertex 5.970383e-02 1.931210e-02 -3.856105e-04
         vertex 5.884437e-02 1.915807e-02 -1.664890e-03
         vertex 5.885670e-02 1.911950e-02 -2.939853e-04
      endloop
   endfacet
   facet normal -2.301948e-01 9.687945e-01 -9.191071e-02
      outer loop
         vertex 5.970383e-02 1.931210e-02 -3.856105e-04
         vertex 5.885670e-02 1.911950e-02 -2.939853e-04
         vertex 5.966554e-02 1.943189e-02 9.730065e-04
      endloop
   endfacet
   facet normal -1.177761e-01 9.790330e-01 -1.662021e-01
      outer loop
         vertex 5.966554e-02 1.943189e-02 9.730065e-04
         vertex 5.885670e-02 1.911950e-02 -2.939853e-04
         vertex 5.878578e-02 1.934137e-02 1.063221e-03
      endloop
   endfacet
   facet normal -1.197998e-01 9.743168e-01 -1.906693e-01
      outer loop
         vertex 5.966554e-02 1.943189e-02 9.730065e-04
         vertex 5.878578e-02 1.934137e-02 1.063221e-03
         vertex 5.958503e-02 1.968374e-02 2.310549e-03
      endloop
   endfacet
   facet normal -2.002727e-01 9.699846e-01 -1.379154e-01
      outer loop
         vertex 5.958503e-02 1.968374e-02 2.310549e-03
         vertex 5.878578e-02 1.934137e-02 1.063221e-03
         vertex 5.872798e-02 1.952218e-02 2.418795e-03
      endloop
   endfacet
   facet normal -2.518619e-01 9.669714e-01 3.913882e-02
      outer loop
         vertex 5.872798e-02 1.952218e-02 2.418795e-03
         vertex 5.786176e-02 1.927586e-02 2.930128e-03
         vertex 5.873627e-02 1.949624e-02 3.112947e-03
      endloop
   endfacet
   facet normal -2.604745e-01 9.615662e-01 8.685279e-02
      outer loop
         vertex 5.873627e-02 1.949624e-02 3.112947e-03
         vertex 5.786176e-02 1.927586e-02 2.930128e-03
         vertex 5.787105e-02 1.924678e-02 3.279970e-03
      endloop
   endfacet
   facet normal -2.210886e-01 9.402296e-01 2.590137e-01
      outer loop
         vertex 5.873627e-02 1.949624e-02 3.112947e-03
         vertex 5.787105e-02 1.924678e-02 3.279970e-03
         vertex 5.874980e-02 1.945393e-02 3.278073e-03
      endloop
   endfacet
   facet normal -2.162311e-01 9.202396e-01 3.261949e-01
      outer loop
         vertex 5.874980e-02 1.945393e-02 3.278073e-03
         vertex 5.787105e-02 1.924678e-02 3.279970e-03
         vertex 5.788811e-02 1.919341e-02 3.441827e-03
      endloop
   endfacet
   facet normal -1.344533e-01 8.065587e-01 5.756608e-01
      outer loop
         vertex 5.874980e-02 1.945393e-02 3.278073e-03
         vertex 5.788811e-02 1.919341e-02 3.441827e-03
         vertex 5.877990e-02 1.935977e-02 3.417036e-03
      endloop
   endfacet
   facet normal -1.211409e-01 7.468481e-01 6.538675e-01
      outer loop
         vertex 5.877990e-02 1.935977e-02 3.417036e-03
         vertex 5.788811e-02 1.919341e-02 3.441827e-03
         vertex 5.792238e-02 1.908622e-02 3.570616e-03
      endloop
   endfacet
   facet normal -2.750919e-02 5.535473e-01 8.323633e-01
      outer loop
         vertex 5.877990e-02 1.935977e-02 3.417036e-03
         vertex 5.792238e-02 1.908622e-02 3.570616e-03
         vertex 5.882349e-02 1.922340e-02 3.509165e-03
      endloop
   endfacet
   facet normal -4.458901e-02 9.972532e-01 -5.914307e-02
      outer loop
         vertex 6.062476e-02 1.973948e-02 2.466451e-03
         vertex 5.958503e-02 1.968374e-02 2.310549e-03
         vertex 5.957865e-02 1.970372e-02 2.652176e-03
      endloop
   endfacet
   facet normal -1.923238e-01 9.794423e-01 -6.086289e-02
      outer loop
         vertex 5.957865e-02 1.970372e-02 2.652176e-03
         vertex 5.958503e-02 1.968374e-02 2.310549e-03
         vertex 5.872798e-02 1.952218e-02 2.418795e-03
      endloop
   endfacet
   facet normal -2.390380e-01 9.633223e-01 1.219468e-01
      outer loop
         vertex 5.957865e-02 1.970372e-02 2.652176e-03
         vertex 5.872798e-02 1.952218e-02 2.418795e-03
         vertex 5.959135e-02 1.966397e-02 2.991096e-03
      endloop
   endfacet
   facet normal -1.869958e-01 9.815898e-01 3.891048e-02
      outer loop
         vertex 5.959135e-02 1.966397e-02 2.991096e-03
         vertex 5.872798e-02 1.952218e-02 2.418795e-03
         vertex 5.873627e-02 1.949624e-02 3.112947e-03
      endloop
   endfacet
   facet normal -1.293255e-01 9.228614e-01 3.627697e-01
      outer loop
         vertex 5.959135e-02 1.966397e-02 2.991096e-03
         vertex 5.873627e-02 1.949624e-02 3.112947e-03
         vertex 5.961031e-02 1.960466e-02 3.148737e-03
      endloop
   endfacet
   facet normal -1.293110e-01 9.579774e-01 2.560429e-01
      outer loop
         vertex 5.961031e-02 1.960466e-02 3.148737e-03
         vertex 5.873627e-02 1.949624e-02 3.112947e-03
         vertex 5.874980e-02 1.945393e-02 3.278073e-03
      endloop
   endfacet
   facet normal -4.342691e-02 7.817447e-01 6.220846e-01
      outer loop
         vertex 5.961031e-02 1.960466e-02 3.148737e-03
         vertex 5.874980e-02 1.945393e-02 3.278073e-03
         vertex 5.964327e-02 1.950155e-02 3.280610e-03
      endloop
   endfacet
   facet normal -4.543686e-02 8.223900e-01 5.671069e-01
      outer loop
         vertex 5.964327e-02 1.950155e-02 3.280610e-03
         vertex 5.874980e-02 1.945393e-02 3.278073e-03
         vertex 5.877990e-02 1.935977e-02 3.417036e-03
      endloop
   endfacet
   facet normal 4.946427e-02 5.195754e-01 8.529916e-01
      outer loop
         vertex 5.964327e-02 1.950155e-02 3.280610e-03
         vertex 5.877990e-02 1.935977e-02 3.417036e-03
         vertex 5.968799e-02 1.936164e-02 3.363237e-03
      endloop
   endfacet
   facet normal 4.744145e-02 5.695493e-01 8.205869e-01
      outer loop
         vertex 5.968799e-02 1.936164e-02 3.363237e-03
         vertex 5.877990e-02 1.935977e-02 3.417036e-03
         vertex 5.882349e-02 1.922340e-02 3.509165e-03
      endloop
   endfacet
   facet normal 1.383169e-01 1.657405e-01 9.764213e-01
      outer loop
         vertex 5.968799e-02 1.936164e-02 3.363237e-03
         vertex 5.882349e-02 1.922340e-02 3.509165e-03
         vertex 5.973773e-02 1.920604e-02 3.382602e-03
      endloop
   endfacet
   facet normal -3.199676e-01 9.469684e-01 2.952180e-02
      outer loop
         vertex 5.884437e-02 1.915807e-02 -1.664890e-03
         vertex 5.799274e-02 1.886610e-02 -1.529441e-03
         vertex 5.885670e-02 1.911950e-02 -2.939853e-04
      endloop
   endfacet
   facet normal -2.936672e-01 9.558624e-01 9.305483e-03
      outer loop
         vertex 5.885670e-02 1.911950e-02 -2.939853e-04
         vertex 5.799274e-02 1.886610e-02 -1.529441e-03
         vertex 5.799665e-02 1.885387e-02 -1.498331e-04
      endloop
   endfacet
   facet normal -3.166214e-01 9.333527e-01 -1.691259e-01
      outer loop
         vertex 5.885670e-02 1.911950e-02 -2.939853e-04
         vertex 5.799665e-02 1.885387e-02 -1.498331e-04
         vertex 5.878578e-02 1.934137e-02 1.063221e-03
      endloop
   endfacet
   facet normal -3.110523e-01 9.344774e-01 -1.732007e-01
      outer loop
         vertex 5.878578e-02 1.934137e-02 1.063221e-03
         vertex 5.799665e-02 1.885387e-02 -1.498331e-04
         vertex 5.792342e-02 1.908296e-02 1.217736e-03
      endloop
   endfacet
   facet normal -3.069871e-01 9.415565e-01 -1.386734e-01
      outer loop
         vertex 5.878578e-02 1.934137e-02 1.063221e-03
         vertex 5.792342e-02 1.908296e-02 1.217736e-03
         vertex 5.872798e-02 1.952218e-02 2.418795e-03
      endloop
   endfacet
   facet normal -3.081011e-01 9.413151e-01 -1.378389e-01
      outer loop
         vertex 5.872798e-02 1.952218e-02 2.418795e-03
         vertex 5.792342e-02 1.908296e-02 1.217736e-03
         vertex 5.786563e-02 1.926373e-02 2.581371e-03
      endloop
   endfacet
   facet normal -2.932014e-01 9.553541e-01 -3.648889e-02
      outer loop
         vertex 5.872798e-02 1.952218e-02 2.418795e-03
         vertex 5.786563e-02 1.926373e-02 2.581371e-03
         vertex 5.786176e-02 1.927586e-02 2.930128e-03
      endloop
   endfacet
   facet normal -1.552198e-02 3.390882e-01 9.406265e-01
      outer loop
         vertex 5.705463e-02 1.875627e-02 3.693697e-03
         vertex 5.710452e-02 1.860022e-02 3.750774e-03
         vertex 5.796952e-02 1.893875e-02 3.643010e-03
      endloop
   endfacet
   facet normal -1.902241e-01 9.730684e-01 1.302024e-01
      outer loop
         vertex 6.071938e-02 1.944349e-02 -5.458388e-04
         vertex 6.066542e-02 1.961228e-02 -1.886131e-03
         vertex 5.967567e-02 1.940019e-02 -1.747054e-03
      endloop
   endfacet
   facet normal -1.766269e-01 9.616965e-01 2.096253e-01
      outer loop
         vertex 5.967567e-02 1.940019e-02 -1.747054e-03
         vertex 6.066542e-02 1.961228e-02 -1.886131e-03
         vertex 5.958768e-02 1.967547e-02 -3.084136e-03
      endloop
   endfacet
   facet normal -2.540414e-01 9.438853e-01 2.110532e-01
      outer loop
         vertex 5.967567e-02 1.940019e-02 -1.747054e-03
         vertex 5.958768e-02 1.967547e-02 -3.084136e-03
         vertex 5.884437e-02 1.915807e-02 -1.664890e-03
      endloop
   endfacet
   facet normal -3.050453e-01 9.349623e-01 1.810879e-01
      outer loop
         vertex 5.884437e-02 1.915807e-02 -1.664890e-03
         vertex 5.958768e-02 1.967547e-02 -3.084136e-03
         vertex 5.791972e-02 1.909454e-02 -2.894442e-03
      endloop
   endfacet
   facet normal -2.946821e-01 9.397968e-01 1.730447e-01
      outer loop
         vertex 5.884437e-02 1.915807e-02 -1.664890e-03
         vertex 5.791972e-02 1.909454e-02 -2.894442e-03
         vertex 5.799274e-02 1.886610e-02 -1.529441e-03
      endloop
   endfacet
   facet normal -3.273567e-01 9.289334e-01 1.729747e-01
      outer loop
         vertex 5.799274e-02 1.886610e-02 -1.529441e-03
         vertex 5.791972e-02 1.909454e-02 -2.894442e-03
         vertex 5.712368e-02 1.854026e-02 -1.424262e-03
      endloop
   endfacet
   facet normal -3.500699e-01 9.366775e-01 9.295174e-03
      outer loop
         vertex 5.799274e-02 1.886610e-02 -1.529441e-03
         vertex 5.712368e-02 1.854026e-02 -1.424262e-03
         vertex 5.799665e-02 1.885387e-02 -1.498331e-04
      endloop
   endfacet
   facet normal -3.447726e-01 9.386720e-01 5.175855e-03
      outer loop
         vertex 5.799665e-02 1.885387e-02 -1.498331e-04
         vertex 5.712368e-02 1.854026e-02 -1.424262e-03
         vertex 5.712587e-02 1.853340e-02 -3.557836e-05
      endloop
   endfacet
   facet normal -3.600724e-01 9.167702e-01 -1.728594e-01
      outer loop
         vertex 5.799665e-02 1.885387e-02 -1.498331e-04
         vertex 5.712587e-02 1.853340e-02 -3.557836e-05
         vertex 5.792342e-02 1.908296e-02 1.217736e-03
      endloop
   endfacet
   facet normal -4.011564e-01 9.050056e-01 -1.415571e-01
      outer loop
         vertex 5.792342e-02 1.908296e-02 1.217736e-03
         vertex 5.712587e-02 1.853340e-02 -3.557836e-05
         vertex 5.706535e-02 1.872275e-02 1.346503e-03
      endloop
   endfacet
   facet normal -4.008327e-01 9.058400e-01 -1.370659e-01
      outer loop
         vertex 5.792342e-02 1.908296e-02 1.217736e-03
         vertex 5.706535e-02 1.872275e-02 1.346503e-03
         vertex 5.786563e-02 1.926373e-02 2.581371e-03
      endloop
   endfacet
   facet normal -3.691654e-01 9.151911e-01 -1.616852e-01
      outer loop
         vertex 5.786563e-02 1.926373e-02 2.581371e-03
         vertex 5.706535e-02 1.872275e-02 1.346503e-03
         vertex 5.699692e-02 1.893681e-02 2.714348e-03
      endloop
   endfacet
   facet normal -3.568627e-01 9.334461e-01 -3.643404e-02
      outer loop
         vertex 5.786563e-02 1.926373e-02 2.581371e-03
         vertex 5.699692e-02 1.893681e-02 2.714348e-03
         vertex 5.786176e-02 1.927586e-02 2.930128e-03
      endloop
   endfacet
   facet normal -3.395805e-01 9.344408e-01 -1.072637e-01
      outer loop
         vertex 5.786176e-02 1.927586e-02 2.930128e-03
         vertex 5.699692e-02 1.893681e-02 2.714348e-03
         vertex 5.698540e-02 1.897284e-02 3.064719e-03
      endloop
   endfacet
   facet normal -3.136025e-01 9.455664e-01 8.693427e-02
      outer loop
         vertex 5.786176e-02 1.927586e-02 2.930128e-03
         vertex 5.698540e-02 1.897284e-02 3.064719e-03
         vertex 5.787105e-02 1.924678e-02 3.279970e-03
      endloop
   endfacet
   facet normal -3.154994e-01 9.439798e-01 9.675836e-02
      outer loop
         vertex 5.787105e-02 1.924678e-02 3.279970e-03
         vertex 5.698540e-02 1.897284e-02 3.064719e-03
         vertex 5.699572e-02 1.894057e-02 3.413185e-03
      endloop
   endfacet
   facet normal -2.673170e-01 9.064204e-01 3.270225e-01
      outer loop
         vertex 5.787105e-02 1.924678e-02 3.279970e-03
         vertex 5.699572e-02 1.894057e-02 3.413185e-03
         vertex 5.788811e-02 1.919341e-02 3.441827e-03
      endloop
   endfacet
   facet normal -2.614520e-01 8.771319e-01 4.028429e-01
      outer loop
         vertex 5.788811e-02 1.919341e-02 3.441827e-03
         vertex 5.699572e-02 1.894057e-02 3.413185e-03
         vertex 5.701695e-02 1.887413e-02 3.571617e-03
      endloop
   endfacet
   facet normal -1.712846e-01 7.343484e-01 6.568059e-01
      outer loop
         vertex 5.788811e-02 1.919341e-02 3.441827e-03
         vertex 5.701695e-02 1.887413e-02 3.571617e-03
         vertex 5.792238e-02 1.908622e-02 3.570616e-03
      endloop
   endfacet
   facet normal 2.135390e-01 -2.266508e-01 9.502792e-01
      outer loop
         vertex 5.983754e-02 1.889383e-02 3.278136e-03
         vertex 5.887265e-02 1.906961e-02 3.536883e-03
         vertex 5.897376e-02 1.875332e-02 3.438723e-03
      endloop
   endfacet
   facet normal 2.054596e-01 -2.295686e-01 9.513593e-01
      outer loop
         vertex 5.897376e-02 1.875332e-02 3.438723e-03
         vertex 5.887265e-02 1.906961e-02 3.536883e-03
         vertex 5.802019e-02 1.878023e-02 3.651154e-03
      endloop
   endfacet
   facet normal 1.997556e-01 -2.957662e-01 9.341413e-01
      outer loop
         vertex 5.897376e-02 1.875332e-02 3.438723e-03
         vertex 5.802019e-02 1.878023e-02 3.651154e-03
         vertex 5.811936e-02 1.846999e-02 3.531721e-03
      endloop
   endfacet
   facet normal 2.008132e-01 -2.953870e-01 9.340346e-01
      outer loop
         vertex 5.811936e-02 1.846999e-02 3.531721e-03
         vertex 5.802019e-02 1.878023e-02 3.651154e-03
         vertex 5.640296e-02 1.778961e-02 3.685568e-03
      endloop
   endfacet
   facet normal 9.216187e-02 8.044718e-02 9.924890e-01
      outer loop
         vertex 5.796952e-02 1.893875e-02 3.643010e-03
         vertex 5.710452e-02 1.860022e-02 3.750774e-03
         vertex 5.802019e-02 1.878023e-02 3.651154e-03
      endloop
   endfacet
   facet normal 1.112457e-01 -1.597770e-02 9.936645e-01
      outer loop
         vertex 5.802019e-02 1.878023e-02 3.651154e-03
         vertex 5.710452e-02 1.860022e-02 3.750774e-03
         vertex 5.715662e-02 1.843721e-02 3.742319e-03
      endloop
   endfacet
   facet normal 2.362085e-01 -3.541850e-01 9.048528e-01
      outer loop
         vertex 5.802019e-02 1.878023e-02 3.651154e-03
         vertex 5.715662e-02 1.843721e-02 3.742319e-03
         vertex 5.640296e-02 1.778961e-02 3.685568e-03
      endloop
   endfacet
   facet normal 2.160293e-01 -5.383743e-01 8.145455e-01
      outer loop
         vertex 6.098472e-02 1.861343e-02 2.788558e-03
         vertex 5.983754e-02 1.889383e-02 3.278136e-03
         vertex 5.992422e-02 1.862269e-02 3.075937e-03
      endloop
   endfacet
   facet normal 2.375878e-01 -5.307413e-01 8.135513e-01
      outer loop
         vertex 5.992422e-02 1.862269e-02 3.075937e-03
         vertex 5.983754e-02 1.889383e-02 3.278136e-03
         vertex 5.897376e-02 1.875332e-02 3.438723e-03
      endloop
   endfacet
   facet normal 2.441349e-01 -5.115986e-01 8.238113e-01
      outer loop
         vertex 5.992422e-02 1.862269e-02 3.075937e-03
         vertex 5.897376e-02 1.875332e-02 3.438723e-03
         vertex 5.906317e-02 1.847361e-02 3.238523e-03
      endloop
   endfacet
   facet normal 2.575505e-01 -5.065977e-01 8.228162e-01
      outer loop
         vertex 5.906317e-02 1.847361e-02 3.238523e-03
         vertex 5.897376e-02 1.875332e-02 3.438723e-03
         vertex 5.811936e-02 1.846999e-02 3.531721e-03
      endloop
   endfacet
   facet normal 2.564960e-01 -5.127197e-01 8.193463e-01
      outer loop
         vertex 5.906317e-02 1.847361e-02 3.238523e-03
         vertex 5.811936e-02 1.846999e-02 3.531721e-03
         vertex 5.820804e-02 1.819257e-02 3.330357e-03
      endloop
   endfacet
   facet normal 2.739118e-01 -5.060634e-01 8.178460e-01
      outer loop
         vertex 5.820804e-02 1.819257e-02 3.330357e-03
         vertex 5.811936e-02 1.846999e-02 3.531721e-03
         vertex 5.640296e-02 1.778961e-02 3.685568e-03
      endloop
   endfacet
   facet normal 2.708015e-01 -4.749957e-01 8.372847e-01
      outer loop
         vertex 5.820804e-02 1.819257e-02 3.330357e-03
         vertex 5.640296e-02 1.778961e-02 3.685568e-03
         vertex 5.649417e-02 1.750429e-02 3.494206e-03
      endloop
   endfacet
   facet normal 3.198296e-01 -4.551154e-01 8.310108e-01
      outer loop
         vertex 5.649417e-02 1.750429e-02 3.494206e-03
         vertex 5.640296e-02 1.778961e-02 3.685568e-03
         vertex 5.512127e-02 1.677934e-02 3.625562e-03
      endloop
   endfacet
   facet normal 3.419051e-01 -5.037537e-01 7.933052e-01
      outer loop
         vertex 5.649417e-02 1.750429e-02 3.494206e-03
         vertex 5.512127e-02 1.677934e-02 3.625562e-03
         vertex 5.517673e-02 1.650528e-02 3.427626e-03
      endloop
   endfacet
   facet normal 1.426589e-01 -7.203676e-01 6.787628e-01
      outer loop
         vertex 6.256350e-02 1.802609e-02 1.833393e-03
         vertex 6.098472e-02 1.861343e-02 2.788558e-03
         vertex 6.112501e-02 1.817456e-02 2.293292e-03
      endloop
   endfacet
   facet normal 1.781710e-01 -7.108572e-01 6.803948e-01
      outer loop
         vertex 6.112501e-02 1.817456e-02 2.293292e-03
         vertex 6.098472e-02 1.861343e-02 2.788558e-03
         vertex 5.992422e-02 1.862269e-02 3.075937e-03
      endloop
   endfacet
   facet normal 1.958811e-01 -6.907518e-01 6.960550e-01
      outer loop
         vertex 6.112501e-02 1.817456e-02 2.293292e-03
         vertex 5.992422e-02 1.862269e-02 3.075937e-03
         vertex 6.006858e-02 1.817108e-02 2.587136e-03
      endloop
   endfacet
   facet normal 2.480874e-01 -6.739112e-01 6.959141e-01
      outer loop
         vertex 6.006858e-02 1.817108e-02 2.587136e-03
         vertex 5.992422e-02 1.862269e-02 3.075937e-03
         vertex 5.906317e-02 1.847361e-02 3.238523e-03
      endloop
   endfacet
   facet normal 2.604509e-01 -6.572363e-01 7.072523e-01
      outer loop
         vertex 6.006858e-02 1.817108e-02 2.587136e-03
         vertex 5.906317e-02 1.847361e-02 3.238523e-03
         vertex 5.921056e-02 1.801253e-02 2.755773e-03
      endloop
   endfacet
   facet normal 2.884157e-01 -6.469062e-01 7.059240e-01
      outer loop
         vertex 5.921056e-02 1.801253e-02 2.755773e-03
         vertex 5.906317e-02 1.847361e-02 3.238523e-03
         vertex 5.820804e-02 1.819257e-02 3.330357e-03
      endloop
   endfacet
   facet normal 3.012603e-01 -6.238813e-01 7.211202e-01
      outer loop
         vertex 5.921056e-02 1.801253e-02 2.755773e-03
         vertex 5.820804e-02 1.819257e-02 3.330357e-03
         vertex 5.836021e-02 1.771655e-02 2.854956e-03
      endloop
   endfacet
   facet normal 3.168478e-01 -6.176138e-01 7.198338e-01
      outer loop
         vertex 5.836021e-02 1.771655e-02 2.854956e-03
         vertex 5.820804e-02 1.819257e-02 3.330357e-03
         vertex 5.649417e-02 1.750429e-02 3.494206e-03
      endloop
   endfacet
   facet normal 3.235058e-01 -5.704673e-01 7.549245e-01
      outer loop
         vertex 5.836021e-02 1.771655e-02 2.854956e-03
         vertex 5.649417e-02 1.750429e-02 3.494206e-03
         vertex 5.665637e-02 1.699688e-02 3.041267e-03
      endloop
   endfacet
   facet normal 3.768992e-01 -5.468553e-01 7.475937e-01
      outer loop
         vertex 5.665637e-02 1.699688e-02 3.041267e-03
         vertex 5.649417e-02 1.750429e-02 3.494206e-03
         vertex 5.517673e-02 1.650528e-02 3.427626e-03
      endloop
   endfacet
   facet normal 3.813122e-01 -5.853395e-01 7.155268e-01
      outer loop
         vertex 5.665637e-02 1.699688e-02 3.041267e-03
         vertex 5.517673e-02 1.650528e-02 3.427626e-03
         vertex 5.523279e-02 1.628250e-02 3.215509e-03
      endloop
   endfacet
   facet normal 1.804748e-01 6.702160e-01 7.198884e-01
      outer loop
         vertex 7.009169e-02 1.937690e-02 -3.682281e-03
         vertex 6.981564e-02 2.034174e-02 -4.511337e-03
         vertex 6.913778e-02 1.942129e-02 -3.484468e-03
      endloop
   endfacet
   facet normal 1.310786e-01 6.936494e-01 7.082859e-01
      outer loop
         vertex 6.913778e-02 1.942129e-02 -3.484468e-03
         vertex 6.981564e-02 2.034174e-02 -4.511337e-03
         vertex 6.885033e-02 2.032052e-02 -4.311916e-03
      endloop
   endfacet
   facet normal 1.979714e-01 6.972441e-01 6.889542e-01
      outer loop
         vertex 6.913778e-02 1.942129e-02 -3.484468e-03
         vertex 6.885033e-02 2.032052e-02 -4.311916e-03
         vertex 6.814118e-02 1.952659e-02 -3.304659e-03
      endloop
   endfacet
   facet normal 2.025173e-01 8.365155e-01 5.091449e-01
      outer loop
         vertex 6.719446e-02 1.959202e-02 -3.035587e-03
         vertex 6.741910e-02 1.888931e-02 -1.970397e-03
         vertex 6.814118e-02 1.952659e-02 -3.304659e-03
      endloop
   endfacet
   facet normal 2.808339e-01 7.980467e-01 5.331546e-01
      outer loop
         vertex 6.814118e-02 1.952659e-02 -3.304659e-03
         vertex 6.741910e-02 1.888931e-02 -1.970397e-03
         vertex 6.838242e-02 1.877191e-02 -2.302088e-03
      endloop
   endfacet
   facet normal 1.865191e-01 8.059655e-01 5.618098e-01
      outer loop
         vertex 6.814118e-02 1.952659e-02 -3.304659e-03
         vertex 6.838242e-02 1.877191e-02 -2.302088e-03
         vertex 6.913778e-02 1.942129e-02 -3.484468e-03
      endloop
   endfacet
   facet normal 2.335622e-01 7.815589e-01 5.784586e-01
      outer loop
         vertex 6.913778e-02 1.942129e-02 -3.484468e-03
         vertex 6.838242e-02 1.877191e-02 -2.302088e-03
         vertex 6.938491e-02 1.864820e-02 -2.539720e-03
      endloop
   endfacet
   facet normal 2.164922e-01 7.825501e-01 5.837349e-01
      outer loop
         vertex 6.913778e-02 1.942129e-02 -3.484468e-03
         vertex 6.938491e-02 1.864820e-02 -2.539720e-03
         vertex 7.024022e-02 1.883584e-02 -3.108481e-03
      endloop
   endfacet
   facet normal 1.815881e-01 8.195617e-01 5.434559e-01
      outer loop
         vertex 7.024022e-02 1.883584e-02 -3.108481e-03
         vertex 6.938491e-02 1.864820e-02 -2.539720e-03
         vertex 7.030027e-02 1.861234e-02 -2.791495e-03
      endloop
   endfacet
   facet normal 8.509010e-02 8.742832e-01 4.779001e-01
      outer loop
         vertex 6.429208e-02 2.004876e-02 -2.926701e-03
         vertex 6.602831e-02 2.028320e-02 -3.664741e-03
         vertex 6.408932e-02 2.068303e-02 -4.050963e-03
      endloop
   endfacet
   facet normal 3.583099e-02 7.787538e-01 6.263056e-01
      outer loop
         vertex 6.408932e-02 2.068303e-02 -4.050963e-03
         vertex 6.602831e-02 2.028320e-02 -3.664741e-03
         vertex 6.577025e-02 2.109049e-02 -4.653770e-03
      endloop
   endfacet
   facet normal 2.986940e-02 7.874984e-01 6.155925e-01
      outer loop
         vertex 6.408932e-02 2.068303e-02 -4.050963e-03
         vertex 6.577025e-02 2.109049e-02 -4.653770e-03
         vertex 6.466535e-02 2.165701e-02 -5.324871e-03
      endloop
   endfacet
   facet normal 1.941336e-01 8.770875e-01 4.393513e-01
      outer loop
         vertex 6.645262e-02 1.895585e-02 -1.477920e-03
         vertex 6.625786e-02 1.956511e-02 -2.608151e-03
         vertex 6.445785e-02 1.953018e-02 -1.743053e-03
      endloop
   endfacet
   facet normal -1.105557e-01 8.092629e-01 5.769498e-01
      outer loop
         vertex 6.385716e-02 2.140929e-02 -5.114144e-03
         vertex 6.167877e-02 2.079378e-02 -4.668210e-03
         vertex 6.408932e-02 2.068303e-02 -4.050963e-03
      endloop
   endfacet
   facet normal -6.809223e-02 9.013792e-01 4.276434e-01
      outer loop
         vertex 6.408932e-02 2.068303e-02 -4.050963e-03
         vertex 6.167877e-02 2.079378e-02 -4.668210e-03
         vertex 6.185633e-02 2.023832e-02 -3.469150e-03
      endloop
   endfacet
   facet normal -4.318268e-02 8.667872e-01 4.968050e-01
      outer loop
         vertex 6.408932e-02 2.068303e-02 -4.050963e-03
         vertex 6.185633e-02 2.023832e-02 -3.469150e-03
         vertex 6.429208e-02 2.004876e-02 -2.926701e-03
      endloop
   endfacet
   facet normal 2.835345e-03 9.479117e-01 3.185206e-01
      outer loop
         vertex 6.429208e-02 2.004876e-02 -2.926701e-03
         vertex 6.185633e-02 2.023832e-02 -3.469150e-03
         vertex 6.199108e-02 1.981680e-02 -2.215929e-03
      endloop
   endfacet
   facet normal -3.635869e-03 9.540645e-01 2.995791e-01
      outer loop
         vertex 6.429208e-02 2.004876e-02 -2.926701e-03
         vertex 6.199108e-02 1.981680e-02 -2.215929e-03
         vertex 6.342977e-02 1.955504e-02 -1.364836e-03
      endloop
   endfacet
   facet normal 5.189977e-02 9.758062e-01 2.123880e-01
      outer loop
         vertex 6.342977e-02 1.955504e-02 -1.364836e-03
         vertex 6.199108e-02 1.981680e-02 -2.215929e-03
         vertex 6.208281e-02 1.952983e-02 -9.198666e-04
      endloop
   endfacet
   facet normal 2.176509e-02 9.922790e-01 1.221009e-01
      outer loop
         vertex 6.342977e-02 1.955504e-02 -1.364836e-03
         vertex 6.208281e-02 1.952983e-02 -9.198666e-04
         vertex 6.213536e-02 1.936543e-02 4.068036e-04
      endloop
   endfacet
   facet normal 2.584259e-01 8.561198e-01 4.475208e-01
      outer loop
         vertex 6.741910e-02 1.888931e-02 -1.970397e-03
         vertex 6.848396e-02 1.845425e-02 -1.753045e-03
         vertex 6.838242e-02 1.877191e-02 -2.302088e-03
      endloop
   endfacet
   facet normal 1.777677e-01 8.656806e-01 4.679698e-01
      outer loop
         vertex 6.838242e-02 1.877191e-02 -2.302088e-03
         vertex 6.848396e-02 1.845425e-02 -1.753045e-03
         vertex 6.957106e-02 1.806587e-02 -1.447537e-03
      endloop
   endfacet
   facet normal 2.105720e-01 8.770696e-01 4.317502e-01
      outer loop
         vertex 6.838242e-02 1.877191e-02 -2.302088e-03
         vertex 6.957106e-02 1.806587e-02 -1.447537e-03
         vertex 6.938491e-02 1.864820e-02 -2.539720e-03
      endloop
   endfacet
   facet normal 1.685820e-01 8.814191e-01 4.412261e-01
      outer loop
         vertex 6.938491e-02 1.864820e-02 -2.539720e-03
         vertex 6.957106e-02 1.806587e-02 -1.447537e-03
         vertex 7.029684e-02 1.818000e-02 -1.952835e-03
      endloop
   endfacet
   facet normal 1.805228e-01 8.862696e-01 4.265415e-01
      outer loop
         vertex 6.938491e-02 1.864820e-02 -2.539720e-03
         vertex 7.029684e-02 1.818000e-02 -1.952835e-03
         vertex 7.037123e-02 1.834450e-02 -2.326127e-03
      endloop
   endfacet
   facet normal 1.471616e-01 8.939650e-01 4.232848e-01
      outer loop
         vertex 7.037123e-02 1.834450e-02 -2.326127e-03
         vertex 7.029684e-02 1.818000e-02 -1.952835e-03
         vertex 7.040687e-02 1.820845e-02 -2.051186e-03
      endloop
   endfacet
   facet normal 2.753315e-01 8.967594e-01 3.464321e-01
      outer loop
         vertex 6.857423e-02 1.817186e-02 -1.179740e-03
         vertex 6.751690e-02 1.858335e-02 -1.404556e-03
         vertex 6.759812e-02 1.832926e-02 -8.113912e-04
      endloop
   endfacet
   facet normal 2.882059e-01 8.938645e-01 3.434293e-01
      outer loop
         vertex 6.759812e-02 1.832926e-02 -8.113912e-04
         vertex 6.751690e-02 1.858335e-02 -1.404556e-03
         vertex 6.653413e-02 1.870087e-02 -8.857115e-04
      endloop
   endfacet
   facet normal 3.047194e-01 9.210004e-01 2.427021e-01
      outer loop
         vertex 6.759812e-02 1.832926e-02 -8.113912e-04
         vertex 6.653413e-02 1.870087e-02 -8.857115e-04
         vertex 6.659217e-02 1.851932e-02 -2.696116e-04
      endloop
   endfacet
   facet normal 3.351244e-01 1.870335e-01 9.234230e-01
      outer loop
         vertex 6.783932e-02 1.757471e-02 7.558730e-04
         vertex 6.781539e-02 1.764960e-02 7.493909e-04
         vertex 6.732187e-02 1.771656e-02 9.149345e-04
      endloop
   endfacet
   facet normal 3.359842e-01 2.018987e-01 9.199737e-01
      outer loop
         vertex 6.732187e-02 1.771656e-02 9.149345e-04
         vertex 6.781539e-02 1.764960e-02 7.493909e-04
         vertex 6.729887e-02 1.778849e-02 9.075454e-04
      endloop
   endfacet
   facet normal 3.424521e-01 2.036804e-01 9.171918e-01
      outer loop
         vertex 6.732187e-02 1.771656e-02 9.149345e-04
         vertex 6.729887e-02 1.778849e-02 9.075454e-04
         vertex 6.681110e-02 1.783443e-02 1.079464e-03
      endloop
   endfacet
   facet normal 3.414408e-01 1.580099e-01 9.265263e-01
      outer loop
         vertex 6.681110e-02 1.783443e-02 1.079464e-03
         vertex 6.729887e-02 1.778849e-02 9.075454e-04
         vertex 6.678801e-02 1.790667e-02 1.075653e-03
      endloop
   endfacet
   facet normal 3.610103e-01 1.638184e-01 9.180605e-01
      outer loop
         vertex 6.681110e-02 1.783443e-02 1.079464e-03
         vertex 6.678801e-02 1.790667e-02 1.075653e-03
         vertex 6.630678e-02 1.794888e-02 1.257357e-03
      endloop
   endfacet
   facet normal 3.955183e-01 8.314183e-01 3.902677e-01
      outer loop
         vertex 6.842002e-02 1.769462e-02 3.562569e-04
         vertex 6.860621e-02 1.774277e-02 6.498907e-05
         vertex 6.770518e-02 1.799436e-02 4.421671e-04
      endloop
   endfacet
   facet normal 3.704516e-01 8.796862e-01 2.981908e-01
      outer loop
         vertex 6.770518e-02 1.799436e-02 4.421671e-04
         vertex 6.860621e-02 1.774277e-02 6.498907e-05
         vertex 6.766649e-02 1.811539e-02 1.331722e-04
      endloop
   endfacet
   facet normal 3.275252e-01 8.929668e-01 3.087679e-01
      outer loop
         vertex 6.770518e-02 1.799436e-02 4.421671e-04
         vertex 6.766649e-02 1.811539e-02 1.331722e-04
         vertex 6.720179e-02 1.809222e-02 6.931091e-04
      endloop
   endfacet
   facet normal 3.832178e-01 8.533975e-01 3.533508e-01
      outer loop
         vertex 6.720179e-02 1.809222e-02 6.931091e-04
         vertex 6.766649e-02 1.811539e-02 1.331722e-04
         vertex 6.665063e-02 1.833644e-02 7.010390e-04
      endloop
   endfacet
   facet normal 3.823081e-01 8.511373e-01 3.597302e-01
      outer loop
         vertex 6.720179e-02 1.809222e-02 6.931091e-04
         vertex 6.665063e-02 1.833644e-02 7.010390e-04
         vertex 6.667250e-02 1.826802e-02 8.396807e-04
      endloop
   endfacet
   facet normal 2.888368e-01 8.931371e-01 3.447890e-01
      outer loop
         vertex 6.751690e-02 1.858335e-02 -1.404556e-03
         vertex 6.645262e-02 1.895585e-02 -1.477920e-03
         vertex 6.653413e-02 1.870087e-02 -8.857115e-04
      endloop
   endfacet
   facet normal 2.725558e-01 8.967696e-01 3.485938e-01
      outer loop
         vertex 6.653413e-02 1.870087e-02 -8.857115e-04
         vertex 6.645262e-02 1.895585e-02 -1.477920e-03
         vertex 6.458079e-02 1.914560e-02 -5.025145e-04
      endloop
   endfacet
   facet normal 2.508223e-01 9.524056e-01 1.732388e-01
      outer loop
         vertex 6.653413e-02 1.870087e-02 -8.857115e-04
         vertex 6.458079e-02 1.914560e-02 -5.025145e-04
         vertex 6.462140e-02 1.901855e-02 1.371357e-04
      endloop
   endfacet
   facet normal 3.571320e-01 8.587403e-01 3.674532e-01
      outer loop
         vertex 6.667250e-02 1.826802e-02 8.396807e-04
         vertex 6.665063e-02 1.833644e-02 7.010390e-04
         vertex 6.617737e-02 1.835371e-02 1.120637e-03
      endloop
   endfacet
   facet normal 4.113870e-01 8.031533e-01 4.309355e-01
      outer loop
         vertex 6.617737e-02 1.835371e-02 1.120637e-03
         vertex 6.665063e-02 1.833644e-02 7.010390e-04
         vertex 6.566299e-02 1.853614e-02 1.271675e-03
      endloop
   endfacet
   facet normal 4.174933e-01 7.364411e-01 5.323100e-01
      outer loop
         vertex 6.617737e-02 1.835371e-02 1.120637e-03
         vertex 6.566299e-02 1.853614e-02 1.271675e-03
         vertex 6.569415e-02 1.843868e-02 1.382073e-03
      endloop
   endfacet
   facet normal 4.543435e-01 5.872147e-01 6.698887e-01
      outer loop
         vertex 6.470546e-02 1.875558e-02 1.728746e-03
         vertex 6.474556e-02 1.863015e-02 1.811508e-03
         vertex 6.566299e-02 1.853614e-02 1.271675e-03
      endloop
   endfacet
   facet normal 3.748534e-01 7.798957e-01 5.012461e-01
      outer loop
         vertex 6.566299e-02 1.853614e-02 1.271675e-03
         vertex 6.474556e-02 1.863015e-02 1.811508e-03
         vertex 6.522357e-02 1.853001e-02 1.609831e-03
      endloop
   endfacet
   facet normal 4.041637e-01 7.393006e-01 5.385966e-01
      outer loop
         vertex 6.566299e-02 1.853614e-02 1.271675e-03
         vertex 6.522357e-02 1.853001e-02 1.609831e-03
         vertex 6.569415e-02 1.843868e-02 1.382073e-03
      endloop
   endfacet
   facet normal 3.376099e-01 9.110470e-01 2.366704e-01
      outer loop
         vertex 6.659217e-02 1.851932e-02 -2.696116e-04
         vertex 6.653413e-02 1.870087e-02 -8.857115e-04
         vertex 6.559844e-02 1.873808e-02 3.058194e-04
      endloop
   endfacet
   facet normal 2.460469e-01 9.553885e-01 1.633823e-01
      outer loop
         vertex 6.559844e-02 1.873808e-02 3.058194e-04
         vertex 6.653413e-02 1.870087e-02 -8.857115e-04
         vertex 6.462140e-02 1.901855e-02 1.371357e-04
      endloop
   endfacet
   facet normal 2.678633e-01 9.622399e-01 4.841092e-02
      outer loop
         vertex 6.559844e-02 1.873808e-02 3.058194e-04
         vertex 6.462140e-02 1.901855e-02 1.371357e-04
         vertex 6.463289e-02 1.898261e-02 7.879931e-04
      endloop
   endfacet
   facet normal 3.710896e-01 8.861911e-01 2.774128e-01
      outer loop
         vertex 6.562635e-02 1.865077e-02 9.605189e-04
         vertex 6.465762e-02 1.890523e-02 1.443489e-03
         vertex 6.467581e-02 1.884836e-02 1.600850e-03
      endloop
   endfacet
   facet normal 3.389836e-01 8.966194e-01 2.848926e-01
      outer loop
         vertex 6.467581e-02 1.884836e-02 1.600850e-03
         vertex 6.465762e-02 1.890523e-02 1.443489e-03
         vertex 6.354806e-02 1.918499e-02 1.883252e-03
      endloop
   endfacet
   facet normal 3.469508e-01 8.714401e-01 3.467237e-01
      outer loop
         vertex 6.467581e-02 1.884836e-02 1.600850e-03
         vertex 6.354806e-02 1.918499e-02 1.883252e-03
         vertex 6.356944e-02 1.911810e-02 2.029977e-03
      endloop
   endfacet
   facet normal 2.898430e-01 9.027088e-01 3.179746e-01
      outer loop
         vertex 6.910020e-02 1.787053e-02 -7.839429e-04
         vertex 6.864586e-02 1.794782e-02 -5.892337e-04
         vertex 6.871530e-02 1.777099e-02 -1.505061e-04
      endloop
   endfacet
   facet normal 3.368682e-01 8.905652e-01 3.056362e-01
      outer loop
         vertex 6.871530e-02 1.777099e-02 -1.505061e-04
         vertex 6.864586e-02 1.794782e-02 -5.892337e-04
         vertex 6.764376e-02 1.818648e-02 -1.801487e-04
      endloop
   endfacet
   facet normal 3.510281e-01 9.183270e-01 1.829066e-01
      outer loop
         vertex 6.871530e-02 1.777099e-02 -1.505061e-04
         vertex 6.764376e-02 1.818648e-02 -1.801487e-04
         vertex 6.766649e-02 1.811539e-02 1.331722e-04
      endloop
   endfacet
   facet normal 3.138723e-01 9.305889e-01 1.883836e-01
      outer loop
         vertex 6.766649e-02 1.811539e-02 1.331722e-04
         vertex 6.764376e-02 1.818648e-02 -1.801487e-04
         vertex 6.662498e-02 1.841667e-02 3.801794e-04
      endloop
   endfacet
   facet normal 3.167224e-01 9.258337e-01 2.062011e-01
      outer loop
         vertex 6.766649e-02 1.811539e-02 1.331722e-04
         vertex 6.662498e-02 1.841667e-02 3.801794e-04
         vertex 6.665063e-02 1.833644e-02 7.010390e-04
      endloop
   endfacet
   facet normal 3.339839e-01 9.203597e-01 2.034522e-01
      outer loop
         vertex 6.665063e-02 1.833644e-02 7.010390e-04
         vertex 6.662498e-02 1.841667e-02 3.801794e-04
         vertex 6.562635e-02 1.865077e-02 9.605189e-04
      endloop
   endfacet
   facet normal 3.468799e-01 8.926029e-01 2.879834e-01
      outer loop
         vertex 6.665063e-02 1.833644e-02 7.010390e-04
         vertex 6.562635e-02 1.865077e-02 9.605189e-04
         vertex 6.566299e-02 1.853614e-02 1.271675e-03
      endloop
   endfacet
   facet normal 3.734504e-01 8.838645e-01 2.816352e-01
      outer loop
         vertex 6.566299e-02 1.853614e-02 1.271675e-03
         vertex 6.562635e-02 1.865077e-02 9.605189e-04
         vertex 6.467581e-02 1.884836e-02 1.600850e-03
      endloop
   endfacet
   facet normal 4.052103e-01 7.821210e-01 4.733829e-01
      outer loop
         vertex 6.566299e-02 1.853614e-02 1.271675e-03
         vertex 6.467581e-02 1.884836e-02 1.600850e-03
         vertex 6.470546e-02 1.875558e-02 1.728746e-03
      endloop
   endfacet
   facet normal 3.798856e-01 7.884180e-01 4.838222e-01
      outer loop
         vertex 6.470546e-02 1.875558e-02 1.728746e-03
         vertex 6.467581e-02 1.884836e-02 1.600850e-03
         vertex 6.356944e-02 1.911810e-02 2.029977e-03
      endloop
   endfacet
   facet normal 3.832195e-01 7.065328e-01 5.949405e-01
      outer loop
         vertex 6.470546e-02 1.875558e-02 1.728746e-03
         vertex 6.356944e-02 1.911810e-02 2.029977e-03
         vertex 6.360567e-02 1.900479e-02 2.141205e-03
      endloop
   endfacet
   facet normal 2.337563e-01 9.350025e-01 2.666989e-01
      outer loop
         vertex 6.645262e-02 1.895585e-02 -1.477920e-03
         vertex 6.445785e-02 1.953018e-02 -1.743053e-03
         vertex 6.458079e-02 1.914560e-02 -5.025145e-04
      endloop
   endfacet
   facet normal 2.241555e-01 9.369102e-01 2.682418e-01
      outer loop
         vertex 6.458079e-02 1.914560e-02 -5.025145e-04
         vertex 6.445785e-02 1.953018e-02 -1.743053e-03
         vertex 6.351796e-02 1.927917e-02 -8.090601e-05
      endloop
   endfacet
   facet normal 1.924166e-01 9.647748e-01 1.794031e-01
      outer loop
         vertex 6.458079e-02 1.914560e-02 -5.025145e-04
         vertex 6.351796e-02 1.927917e-02 -8.090601e-05
         vertex 6.462140e-02 1.901855e-02 1.371357e-04
      endloop
   endfacet
   facet normal 2.139114e-01 9.734859e-01 8.103721e-02
      outer loop
         vertex 6.462140e-02 1.901855e-02 1.371357e-04
         vertex 6.351796e-02 1.927917e-02 -8.090601e-05
         vertex 6.353661e-02 1.922081e-02 5.709434e-04
      endloop
   endfacet
   facet normal 2.025113e-01 9.779803e-01 5.043455e-02
      outer loop
         vertex 6.462140e-02 1.901855e-02 1.371357e-04
         vertex 6.353661e-02 1.922081e-02 5.709434e-04
         vertex 6.463289e-02 1.898261e-02 7.879931e-04
      endloop
   endfacet
   facet normal 2.190931e-01 9.750185e-01 -3.656765e-02
      outer loop
         vertex 6.463289e-02 1.898261e-02 7.879931e-04
         vertex 6.353661e-02 1.922081e-02 5.709434e-04
         vertex 6.352813e-02 1.924734e-02 1.227520e-03
      endloop
   endfacet
   facet normal 2.387902e-01 9.709492e-01 1.539264e-02
      outer loop
         vertex 6.463289e-02 1.898261e-02 7.879931e-04
         vertex 6.352813e-02 1.924734e-02 1.227520e-03
         vertex 6.352995e-02 1.924166e-02 1.557437e-03
      endloop
   endfacet
   facet normal 2.867772e-01 9.067171e-01 3.092295e-01
      outer loop
         vertex 6.910020e-02 1.787053e-02 -7.839429e-04
         vertex 6.857423e-02 1.817186e-02 -1.179740e-03
         vertex 6.864586e-02 1.794782e-02 -5.892337e-04
      endloop
   endfacet
   facet normal 2.653877e-01 9.116785e-01 3.137063e-01
      outer loop
         vertex 6.864586e-02 1.794782e-02 -5.892337e-04
         vertex 6.857423e-02 1.817186e-02 -1.179740e-03
         vertex 6.759812e-02 1.832926e-02 -8.113912e-04
      endloop
   endfacet
   facet normal 3.001047e-01 9.348438e-01 1.897481e-01
      outer loop
         vertex 6.864586e-02 1.794782e-02 -5.892337e-04
         vertex 6.759812e-02 1.832926e-02 -8.113912e-04
         vertex 6.764376e-02 1.818648e-02 -1.801487e-04
      endloop
   endfacet
   facet normal 2.812085e-01 9.401779e-01 1.923209e-01
      outer loop
         vertex 6.764376e-02 1.818648e-02 -1.801487e-04
         vertex 6.759812e-02 1.832926e-02 -8.113912e-04
         vertex 6.659217e-02 1.851932e-02 -2.696116e-04
      endloop
   endfacet
   facet normal 2.885112e-01 9.478879e-01 1.351656e-01
      outer loop
         vertex 6.764376e-02 1.818648e-02 -1.801487e-04
         vertex 6.659217e-02 1.851932e-02 -2.696116e-04
         vertex 6.662498e-02 1.841667e-02 3.801794e-04
      endloop
   endfacet
   facet normal 2.871106e-01 9.482939e-01 1.353005e-01
      outer loop
         vertex 6.662498e-02 1.841667e-02 3.801794e-04
         vertex 6.659217e-02 1.851932e-02 -2.696116e-04
         vertex 6.559844e-02 1.873808e-02 3.058194e-04
      endloop
   endfacet
   facet normal 2.892778e-01 9.503832e-01 1.144123e-01
      outer loop
         vertex 6.662498e-02 1.841667e-02 3.801794e-04
         vertex 6.559844e-02 1.873808e-02 3.058194e-04
         vertex 6.562635e-02 1.865077e-02 9.605189e-04
      endloop
   endfacet
   facet normal 2.969264e-01 9.480973e-01 1.137814e-01
      outer loop
         vertex 6.562635e-02 1.865077e-02 9.605189e-04
         vertex 6.559844e-02 1.873808e-02 3.058194e-04
         vertex 6.463289e-02 1.898261e-02 7.879931e-04
      endloop
   endfacet
   facet normal 2.994297e-01 9.487896e-01 1.006985e-01
      outer loop
         vertex 6.562635e-02 1.865077e-02 9.605189e-04
         vertex 6.463289e-02 1.898261e-02 7.879931e-04
         vertex 6.465762e-02 1.890523e-02 1.443489e-03
      endloop
   endfacet
   facet normal 2.937902e-01 9.505068e-01 1.011140e-01
      outer loop
         vertex 6.465762e-02 1.890523e-02 1.443489e-03
         vertex 6.463289e-02 1.898261e-02 7.879931e-04
         vertex 6.352995e-02 1.924166e-02 1.557437e-03
      endloop
   endfacet
   facet normal 2.964237e-01 9.435762e-01 1.476381e-01
      outer loop
         vertex 6.465762e-02 1.890523e-02 1.443489e-03
         vertex 6.352995e-02 1.924166e-02 1.557437e-03
         vertex 6.354806e-02 1.918499e-02 1.883252e-03
      endloop
   endfacet
   facet normal 3.831388e-01 4.616830e-01 8.000334e-01
      outer loop
         vertex 6.360567e-02 1.900479e-02 2.141205e-03
         vertex 6.365227e-02 1.885901e-02 2.203015e-03
         vertex 6.474556e-02 1.863015e-02 1.811508e-03
      endloop
   endfacet
   facet normal 3.747334e-01 2.760308e-01 8.850886e-01
      outer loop
         vertex 6.474556e-02 1.863015e-02 1.811508e-03
         vertex 6.365227e-02 1.885901e-02 2.203015e-03
         vertex 6.479260e-02 1.848300e-02 1.837485e-03
      endloop
   endfacet
   facet normal 4.227789e-01 2.868927e-01 8.596224e-01
      outer loop
         vertex 6.474556e-02 1.863015e-02 1.811508e-03
         vertex 6.479260e-02 1.848300e-02 1.837485e-03
         vertex 6.522357e-02 1.853001e-02 1.609831e-03
      endloop
   endfacet
   facet normal 4.008968e-01 3.741825e-01 8.362232e-01
      outer loop
         vertex 6.522357e-02 1.853001e-02 1.609831e-03
         vertex 6.479260e-02 1.848300e-02 1.837485e-03
         vertex 6.526865e-02 1.838899e-02 1.651323e-03
      endloop
   endfacet
   facet normal 4.616046e-01 3.829755e-01 8.001568e-01
      outer loop
         vertex 6.522357e-02 1.853001e-02 1.609831e-03
         vertex 6.526865e-02 1.838899e-02 1.651323e-03
         vertex 6.569415e-02 1.843868e-02 1.382073e-03
      endloop
   endfacet
   facet normal 4.225121e-01 4.952320e-01 7.590973e-01
      outer loop
         vertex 6.569415e-02 1.843868e-02 1.382073e-03
         vertex 6.526865e-02 1.838899e-02 1.651323e-03
         vertex 6.573586e-02 1.830818e-02 1.443994e-03
      endloop
   endfacet
   facet normal 4.789620e-01 4.965704e-01 7.238876e-01
      outer loop
         vertex 6.569415e-02 1.843868e-02 1.382073e-03
         vertex 6.573586e-02 1.830818e-02 1.443994e-03
         vertex 6.617737e-02 1.835371e-02 1.120637e-03
      endloop
   endfacet
   facet normal 4.164433e-01 6.283473e-01 6.570805e-01
      outer loop
         vertex 6.617737e-02 1.835371e-02 1.120637e-03
         vertex 6.573586e-02 1.830818e-02 1.443994e-03
         vertex 6.621423e-02 1.823839e-02 1.207550e-03
      endloop
   endfacet
   facet normal 4.648618e-01 6.228525e-01 6.292522e-01
      outer loop
         vertex 6.617737e-02 1.835371e-02 1.120637e-03
         vertex 6.621423e-02 1.823839e-02 1.207550e-03
         vertex 6.667250e-02 1.826802e-02 8.396807e-04
      endloop
   endfacet
   facet normal 3.859336e-01 7.472802e-01 5.409506e-01
      outer loop
         vertex 6.667250e-02 1.826802e-02 8.396807e-04
         vertex 6.621423e-02 1.823839e-02 1.207550e-03
         vertex 6.670383e-02 1.816999e-02 9.527457e-04
      endloop
   endfacet
   facet normal 3.960650e-01 7.452620e-01 5.363927e-01
      outer loop
         vertex 6.667250e-02 1.826802e-02 8.396807e-04
         vertex 6.670383e-02 1.816999e-02 9.527457e-04
         vertex 6.720179e-02 1.809222e-02 6.931091e-04
      endloop
   endfacet
   facet normal 4.036877e-01 7.259596e-01 5.567934e-01
      outer loop
         vertex 6.720179e-02 1.809222e-02 6.931091e-04
         vertex 6.670383e-02 1.816999e-02 9.527457e-04
         vertex 6.723573e-02 1.798603e-02 8.069528e-04
      endloop
   endfacet
   facet normal 3.783736e-01 7.304699e-01 5.685483e-01
      outer loop
         vertex 6.720179e-02 1.809222e-02 6.931091e-04
         vertex 6.723573e-02 1.798603e-02 8.069528e-04
         vertex 6.773427e-02 1.790335e-02 5.813934e-04
      endloop
   endfacet
   facet normal 3.893240e-01 6.933748e-01 6.063483e-01
      outer loop
         vertex 6.773427e-02 1.790335e-02 5.813934e-04
         vertex 6.723573e-02 1.798603e-02 8.069528e-04
         vertex 6.777133e-02 1.778742e-02 6.901686e-04
      endloop
   endfacet
   facet normal 3.932533e-01 6.928315e-01 6.044306e-01
      outer loop
         vertex 6.773427e-02 1.790335e-02 5.813934e-04
         vertex 6.777133e-02 1.778742e-02 6.901686e-04
         vertex 6.830133e-02 1.766392e-02 4.869044e-04
      endloop
   endfacet
   facet normal 4.065915e-01 5.707940e-01 7.133565e-01
      outer loop
         vertex 6.830133e-02 1.766392e-02 4.869044e-04
         vertex 6.777133e-02 1.778742e-02 6.901686e-04
         vertex 6.811017e-02 1.761449e-02 6.354177e-04
      endloop
   endfacet
   facet normal 3.155607e-01 -7.924117e-02 9.455910e-01
      outer loop
         vertex 6.630678e-02 1.794888e-02 1.257357e-03
         vertex 6.633040e-02 1.787500e-02 1.243283e-03
         vertex 6.681110e-02 1.783443e-02 1.079464e-03
      endloop
   endfacet
   facet normal 3.211948e-01 -1.756171e-02 9.468503e-01
      outer loop
         vertex 6.681110e-02 1.783443e-02 1.079464e-03
         vertex 6.633040e-02 1.787500e-02 1.243283e-03
         vertex 6.683399e-02 1.776283e-02 1.070372e-03
      endloop
   endfacet
   facet normal 3.013424e-01 -2.471347e-02 9.531957e-01
      outer loop
         vertex 6.681110e-02 1.783443e-02 1.079464e-03
         vertex 6.683399e-02 1.776283e-02 1.070372e-03
         vertex 6.732187e-02 1.771656e-02 9.149345e-04
      endloop
   endfacet
   facet normal 3.036931e-01 1.507851e-03 9.527687e-01
      outer loop
         vertex 6.732187e-02 1.771656e-02 9.149345e-04
         vertex 6.683399e-02 1.776283e-02 1.070372e-03
         vertex 6.734516e-02 1.764370e-02 9.076260e-04
      endloop
   endfacet
   facet normal 2.932838e-01 -2.145976e-03 9.560230e-01
      outer loop
         vertex 6.732187e-02 1.771656e-02 9.149345e-04
         vertex 6.734516e-02 1.764370e-02 9.076260e-04
         vertex 6.783932e-02 1.757471e-02 7.558730e-04
      endloop
   endfacet
   facet normal 3.047990e-02 -8.310506e-01 5.553610e-01
      outer loop
         vertex 6.700374e-02 1.732834e-02 6.929822e-04
         vertex 6.733698e-02 1.741453e-02 8.036557e-04
         vertex 6.695057e-02 1.739813e-02 8.003233e-04
      endloop
   endfacet
   facet normal 2.624530e-02 -7.522098e-01 6.584008e-01
      outer loop
         vertex 6.695057e-02 1.739813e-02 8.003233e-04
         vertex 6.733698e-02 1.741453e-02 8.036557e-04
         vertex 6.691707e-02 1.750293e-02 9.213970e-04
      endloop
   endfacet
   facet normal 4.585774e-02 -7.489657e-01 6.610200e-01
      outer loop
         vertex 6.695057e-02 1.739813e-02 8.003233e-04
         vertex 6.691707e-02 1.750293e-02 9.213970e-04
         vertex 6.642908e-02 1.756630e-02 1.027055e-03
      endloop
   endfacet
   facet normal 6.373474e-02 -6.981509e-01 7.131081e-01
      outer loop
         vertex 6.642908e-02 1.756630e-02 1.027055e-03
         vertex 6.691707e-02 1.750293e-02 9.213970e-04
         vertex 6.639384e-02 1.767652e-02 1.138111e-03
      endloop
   endfacet
   facet normal 9.719056e-02 -6.908292e-01 7.164559e-01
      outer loop
         vertex 6.642908e-02 1.756630e-02 1.027055e-03
         vertex 6.639384e-02 1.767652e-02 1.138111e-03
         vertex 6.591839e-02 1.773720e-02 1.261116e-03
      endloop
   endfacet
   facet normal 2.681881e-01 5.569741e-04 9.633664e-01
      outer loop
         vertex 6.774083e-02 1.751897e-02 7.833254e-04
         vertex 6.783932e-02 1.757471e-02 7.558730e-04
         vertex 6.736823e-02 1.757151e-02 8.870207e-04
      endloop
   endfacet
   facet normal 2.647022e-01 -1.855135e-01 9.463178e-01
      outer loop
         vertex 6.736823e-02 1.757151e-02 8.870207e-04
         vertex 6.783932e-02 1.757471e-02 7.558730e-04
         vertex 6.734516e-02 1.764370e-02 9.076260e-04
      endloop
   endfacet
   facet normal 2.541230e-01 -1.894971e-01 9.484262e-01
      outer loop
         vertex 6.736823e-02 1.757151e-02 8.870207e-04
         vertex 6.734516e-02 1.764370e-02 9.076260e-04
         vertex 6.685628e-02 1.769311e-02 1.048488e-03
      endloop
   endfacet
   facet normal 2.500764e-01 -2.162543e-01 9.437669e-01
      outer loop
         vertex 6.685628e-02 1.769311e-02 1.048488e-03
         vertex 6.734516e-02 1.764370e-02 9.076260e-04
         vertex 6.683399e-02 1.776283e-02 1.070372e-03
      endloop
   endfacet
   facet normal 2.708642e-01 -2.083621e-01 9.397967e-01
      outer loop
         vertex 6.685628e-02 1.769311e-02 1.048488e-03
         vertex 6.683399e-02 1.776283e-02 1.070372e-03
         vertex 6.635296e-02 1.780443e-02 1.218235e-03
      endloop
   endfacet
   facet normal 2.652797e-01 -2.460799e-01 9.322400e-01
      outer loop
         vertex 6.635296e-02 1.780443e-02 1.218235e-03
         vertex 6.683399e-02 1.776283e-02 1.070372e-03
         vertex 6.633040e-02 1.787500e-02 1.243283e-03
      endloop
   endfacet
   facet normal 2.540637e-01 -2.503684e-01 9.342202e-01
      outer loop
         vertex 6.635296e-02 1.780443e-02 1.218235e-03
         vertex 6.633040e-02 1.787500e-02 1.243283e-03
         vertex 6.587996e-02 1.785738e-02 1.361057e-03
      endloop
   endfacet
   facet normal 2.499500e-01 -3.466365e-01 9.040841e-01
      outer loop
         vertex 6.587996e-02 1.785738e-02 1.361057e-03
         vertex 6.633040e-02 1.787500e-02 1.243283e-03
         vertex 6.583416e-02 1.800065e-02 1.428651e-03
      endloop
   endfacet
   facet normal 2.547081e-01 -3.448171e-01 9.034517e-01
      outer loop
         vertex 6.587996e-02 1.785738e-02 1.361057e-03
         vertex 6.583416e-02 1.800065e-02 1.428651e-03
         vertex 6.536877e-02 1.807578e-02 1.588534e-03
      endloop
   endfacet
   facet normal 1.600064e-01 -5.073932e-01 8.467290e-01
      outer loop
         vertex 6.536877e-02 1.807578e-02 1.588534e-03
         vertex 6.493479e-02 1.803817e-02 1.648007e-03
         vertex 6.587996e-02 1.785738e-02 1.361057e-03
      endloop
   endfacet
   facet normal 1.203538e-01 -6.117295e-01 7.818580e-01
      outer loop
         vertex 6.587996e-02 1.785738e-02 1.361057e-03
         vertex 6.493479e-02 1.803817e-02 1.648007e-03
         vertex 6.591839e-02 1.773720e-02 1.261116e-03
      endloop
   endfacet
   facet normal 1.697602e-01 -5.974753e-01 7.837122e-01
      outer loop
         vertex 6.587996e-02 1.785738e-02 1.361057e-03
         vertex 6.591839e-02 1.773720e-02 1.261116e-03
         vertex 6.635296e-02 1.780443e-02 1.218235e-03
      endloop
   endfacet
   facet normal 1.600397e-01 -4.867847e-01 8.587363e-01
      outer loop
         vertex 6.635296e-02 1.780443e-02 1.218235e-03
         vertex 6.591839e-02 1.773720e-02 1.261116e-03
         vertex 6.639384e-02 1.767652e-02 1.138111e-03
      endloop
   endfacet
   facet normal 1.835387e-01 -4.790517e-01 8.583839e-01
      outer loop
         vertex 6.635296e-02 1.780443e-02 1.218235e-03
         vertex 6.639384e-02 1.767652e-02 1.138111e-03
         vertex 6.685628e-02 1.769311e-02 1.048488e-03
      endloop
   endfacet
   facet normal 1.888294e-01 -3.862702e-01 9.028504e-01
      outer loop
         vertex 6.685628e-02 1.769311e-02 1.048488e-03
         vertex 6.639384e-02 1.767652e-02 1.138111e-03
         vertex 6.687772e-02 1.762605e-02 1.015314e-03
      endloop
   endfacet
   facet normal 1.932982e-01 -3.847046e-01 9.025731e-01
      outer loop
         vertex 6.685628e-02 1.769311e-02 1.048488e-03
         vertex 6.687772e-02 1.762605e-02 1.015314e-03
         vertex 6.736823e-02 1.757151e-02 8.870207e-04
      endloop
   endfacet
   facet normal 1.481720e-01 -5.694484e-01 8.085626e-01
      outer loop
         vertex 6.736823e-02 1.757151e-02 8.870207e-04
         vertex 6.687772e-02 1.762605e-02 1.015314e-03
         vertex 6.691707e-02 1.750293e-02 9.213970e-04
      endloop
   endfacet
   facet normal 1.351842e-01 -4.457512e-01 8.848905e-01
      outer loop
         vertex 6.736823e-02 1.757151e-02 8.870207e-04
         vertex 6.691707e-02 1.750293e-02 9.213970e-04
         vertex 6.741168e-02 1.743563e-02 8.119314e-04
      endloop
   endfacet
   facet normal 8.843882e-02 -6.191374e-01 7.802868e-01
      outer loop
         vertex 6.741168e-02 1.743563e-02 8.119314e-04
         vertex 6.691707e-02 1.750293e-02 9.213970e-04
         vertex 6.733698e-02 1.741453e-02 8.036557e-04
      endloop
   endfacet
   facet normal 1.132943e-01 -6.838062e-01 7.208144e-01
      outer loop
         vertex 6.741168e-02 1.743563e-02 8.119314e-04
         vertex 6.733698e-02 1.741453e-02 8.036557e-04
         vertex 6.742400e-02 1.743703e-02 8.113304e-04
      endloop
   endfacet
   facet normal -6.597911e-02 -9.135206e-01 4.014061e-01
      outer loop
         vertex 6.512102e-02 1.745560e-02 6.504562e-04
         vertex 6.602173e-02 1.741392e-02 7.036323e-04
         vertex 6.507489e-02 1.759991e-02 9.712832e-04
      endloop
   endfacet
   facet normal -5.977743e-02 -9.063205e-01 4.183417e-01
      outer loop
         vertex 6.507489e-02 1.759991e-02 9.712832e-04
         vertex 6.602173e-02 1.741392e-02 7.036323e-04
         vertex 6.597736e-02 1.755271e-02 9.979863e-04
      endloop
   endfacet
   facet normal -5.998023e-02 -8.678411e-01 4.932081e-01
      outer loop
         vertex 6.507489e-02 1.759991e-02 9.712832e-04
         vertex 6.597736e-02 1.755271e-02 9.979863e-04
         vertex 6.497085e-02 1.792538e-02 1.531318e-03
      endloop
   endfacet
   facet normal 3.456107e-01 1.472013e-01 9.267605e-01
      outer loop
         vertex 6.365227e-02 1.885901e-02 2.203015e-03
         vertex 6.370088e-02 1.870695e-02 2.209040e-03
         vertex 6.479260e-02 1.848300e-02 1.837485e-03
      endloop
   endfacet
   facet normal 3.110831e-01 -5.741999e-02 9.486465e-01
      outer loop
         vertex 6.479260e-02 1.848300e-02 1.837485e-03
         vertex 6.370088e-02 1.870695e-02 2.209040e-03
         vertex 6.484257e-02 1.832669e-02 1.811637e-03
      endloop
   endfacet
   facet normal 3.570070e-01 -4.019003e-02 9.332367e-01
      outer loop
         vertex 6.479260e-02 1.848300e-02 1.837485e-03
         vertex 6.484257e-02 1.832669e-02 1.811637e-03
         vertex 6.526865e-02 1.838899e-02 1.651323e-03
      endloop
   endfacet
   facet normal 3.451635e-01 5.090785e-02 9.371609e-01
      outer loop
         vertex 6.526865e-02 1.838899e-02 1.651323e-03
         vertex 6.484257e-02 1.832669e-02 1.811637e-03
         vertex 6.531879e-02 1.823215e-02 1.641375e-03
      endloop
   endfacet
   facet normal 4.153136e-01 7.527646e-02 9.065583e-01
      outer loop
         vertex 6.526865e-02 1.838899e-02 1.651323e-03
         vertex 6.531879e-02 1.823215e-02 1.641375e-03
         vertex 6.573586e-02 1.830818e-02 1.443994e-03
      endloop
   endfacet
   facet normal 3.875771e-01 2.063600e-01 8.984429e-01
      outer loop
         vertex 6.573586e-02 1.830818e-02 1.443994e-03
         vertex 6.531879e-02 1.823215e-02 1.641375e-03
         vertex 6.578434e-02 1.815653e-02 1.457915e-03
      endloop
   endfacet
   facet normal 4.579240e-01 2.253134e-01 8.599648e-01
      outer loop
         vertex 6.573586e-02 1.830818e-02 1.443994e-03
         vertex 6.578434e-02 1.815653e-02 1.457915e-03
         vertex 6.621423e-02 1.823839e-02 1.207550e-03
      endloop
   endfacet
   facet normal 4.035847e-01 3.988870e-01 8.234127e-01
      outer loop
         vertex 6.621423e-02 1.823839e-02 1.207550e-03
         vertex 6.578434e-02 1.815653e-02 1.457915e-03
         vertex 6.625888e-02 1.809873e-02 1.253322e-03
      endloop
   endfacet
   facet normal 4.658377e-01 4.065142e-01 7.859653e-01
      outer loop
         vertex 6.621423e-02 1.823839e-02 1.207550e-03
         vertex 6.625888e-02 1.809873e-02 1.253322e-03
         vertex 6.670383e-02 1.816999e-02 9.527457e-04
      endloop
   endfacet
   facet normal 3.856262e-01 5.887262e-01 7.104181e-01
      outer loop
         vertex 6.670383e-02 1.816999e-02 9.527457e-04
         vertex 6.625888e-02 1.809873e-02 1.253322e-03
         vertex 6.674330e-02 1.804653e-02 1.033632e-03
      endloop
   endfacet
   facet normal 3.966312e-01 5.884233e-01 7.045862e-01
      outer loop
         vertex 6.670383e-02 1.816999e-02 9.527457e-04
         vertex 6.674330e-02 1.804653e-02 1.033632e-03
         vertex 6.723573e-02 1.798603e-02 8.069528e-04
      endloop
   endfacet
   facet normal 4.002593e-01 5.703320e-01 7.172962e-01
      outer loop
         vertex 6.723573e-02 1.798603e-02 8.069528e-04
         vertex 6.674330e-02 1.804653e-02 1.033632e-03
         vertex 6.727661e-02 1.785814e-02 8.858285e-04
      endloop
   endfacet
   facet normal 3.712846e-01 5.704985e-01 7.325839e-01
      outer loop
         vertex 6.723573e-02 1.798603e-02 8.069528e-04
         vertex 6.727661e-02 1.785814e-02 8.858285e-04
         vertex 6.777133e-02 1.778742e-02 6.901686e-04
      endloop
   endfacet
   facet normal 3.751945e-01 5.397707e-01 7.535759e-01
      outer loop
         vertex 6.777133e-02 1.778742e-02 6.901686e-04
         vertex 6.727661e-02 1.785814e-02 8.858285e-04
         vertex 6.779257e-02 1.772097e-02 7.271894e-04
      endloop
   endfacet
   facet normal 3.957346e-01 5.402484e-01 7.426478e-01
      outer loop
         vertex 6.777133e-02 1.778742e-02 6.901686e-04
         vertex 6.779257e-02 1.772097e-02 7.271894e-04
         vertex 6.811017e-02 1.761449e-02 6.354177e-04
      endloop
   endfacet
   facet normal 3.771476e-01 4.085027e-01 8.311950e-01
      outer loop
         vertex 6.811017e-02 1.761449e-02 6.354177e-04
         vertex 6.779257e-02 1.772097e-02 7.271894e-04
         vertex 6.806114e-02 1.760181e-02 6.638970e-04
      endloop
   endfacet
   facet normal 2.668248e-01 -1.869473e-01 9.454392e-01
      outer loop
         vertex 6.370088e-02 1.870695e-02 2.209040e-03
         vertex 6.230967e-02 1.882014e-02 2.624051e-03
         vertex 6.484257e-02 1.832669e-02 1.811637e-03
      endloop
   endfacet
   facet normal 2.297052e-01 -3.289734e-01 9.159760e-01
      outer loop
         vertex 6.484257e-02 1.832669e-02 1.811637e-03
         vertex 6.230967e-02 1.882014e-02 2.624051e-03
         vertex 6.489130e-02 1.817423e-02 1.744661e-03
      endloop
   endfacet
   facet normal 2.630701e-01 -3.163185e-01 9.114476e-01
      outer loop
         vertex 6.484257e-02 1.832669e-02 1.811637e-03
         vertex 6.489130e-02 1.817423e-02 1.744661e-03
         vertex 6.531879e-02 1.823215e-02 1.641375e-03
      endloop
   endfacet
   facet normal 2.581860e-01 -2.342061e-01 9.372766e-01
      outer loop
         vertex 6.531879e-02 1.823215e-02 1.641375e-03
         vertex 6.489130e-02 1.817423e-02 1.744661e-03
         vertex 6.536877e-02 1.807578e-02 1.588534e-03
      endloop
   endfacet
   facet normal 3.296280e-01 -2.059944e-01 9.213641e-01
      outer loop
         vertex 6.531879e-02 1.823215e-02 1.641375e-03
         vertex 6.536877e-02 1.807578e-02 1.588534e-03
         vertex 6.578434e-02 1.815653e-02 1.457915e-03
      endloop
   endfacet
   facet normal 3.126688e-01 -7.777109e-02 9.466731e-01
      outer loop
         vertex 6.578434e-02 1.815653e-02 1.457915e-03
         vertex 6.536877e-02 1.807578e-02 1.588534e-03
         vertex 6.583416e-02 1.800065e-02 1.428651e-03
      endloop
   endfacet
   facet normal 3.905491e-01 -4.774459e-02 9.193432e-01
      outer loop
         vertex 6.578434e-02 1.815653e-02 1.457915e-03
         vertex 6.583416e-02 1.800065e-02 1.428651e-03
         vertex 6.625888e-02 1.809873e-02 1.253322e-03
      endloop
   endfacet
   facet normal 3.507705e-01 1.370694e-01 9.263757e-01
      outer loop
         vertex 6.625888e-02 1.809873e-02 1.253322e-03
         vertex 6.583416e-02 1.800065e-02 1.428651e-03
         vertex 6.630678e-02 1.794888e-02 1.257357e-03
      endloop
   endfacet
   facet normal 4.219255e-01 1.589046e-01 8.925963e-01
      outer loop
         vertex 6.625888e-02 1.809873e-02 1.253322e-03
         vertex 6.630678e-02 1.794888e-02 1.257357e-03
         vertex 6.674330e-02 1.804653e-02 1.033632e-03
      endloop
   endfacet
   facet normal 3.563030e-01 3.714975e-01 8.573435e-01
      outer loop
         vertex 6.674330e-02 1.804653e-02 1.033632e-03
         vertex 6.630678e-02 1.794888e-02 1.257357e-03
         vertex 6.678801e-02 1.790667e-02 1.075653e-03
      endloop
   endfacet
   facet normal 3.679291e-01 3.734748e-01 8.515543e-01
      outer loop
         vertex 6.674330e-02 1.804653e-02 1.033632e-03
         vertex 6.678801e-02 1.790667e-02 1.075653e-03
         vertex 6.727661e-02 1.785814e-02 8.858285e-04
      endloop
   endfacet
   facet normal 3.674022e-01 3.818670e-01 8.480526e-01
      outer loop
         vertex 6.727661e-02 1.785814e-02 8.858285e-04
         vertex 6.678801e-02 1.790667e-02 1.075653e-03
         vertex 6.729887e-02 1.778849e-02 9.075454e-04
      endloop
   endfacet
   facet normal 3.627792e-01 3.811144e-01 8.503782e-01
      outer loop
         vertex 6.727661e-02 1.785814e-02 8.858285e-04
         vertex 6.729887e-02 1.778849e-02 9.075454e-04
         vertex 6.779257e-02 1.772097e-02 7.271894e-04
      endloop
   endfacet
   facet normal 3.627919e-01 3.805692e-01 8.506169e-01
      outer loop
         vertex 6.779257e-02 1.772097e-02 7.271894e-04
         vertex 6.729887e-02 1.778849e-02 9.075454e-04
         vertex 6.781539e-02 1.764960e-02 7.493909e-04
      endloop
   endfacet
   facet normal 3.690395e-01 3.815866e-01 8.474677e-01
      outer loop
         vertex 6.779257e-02 1.772097e-02 7.271894e-04
         vertex 6.781539e-02 1.764960e-02 7.493909e-04
         vertex 6.806114e-02 1.760181e-02 6.638970e-04
      endloop
   endfacet
   facet normal 3.556511e-01 1.928230e-01 9.145117e-01
      outer loop
         vertex 6.806114e-02 1.760181e-02 6.638970e-04
         vertex 6.781539e-02 1.764960e-02 7.493909e-04
         vertex 6.783932e-02 1.757471e-02 7.558730e-04
      endloop
   endfacet
   facet normal 3.435173e-01 2.555092e-01 9.037206e-01
      outer loop
         vertex 6.806114e-02 1.760181e-02 6.638970e-04
         vertex 6.783932e-02 1.757471e-02 7.558730e-04
         vertex 6.790128e-02 1.756047e-02 7.363476e-04
      endloop
   endfacet
   facet normal 3.109695e-01 5.179450e-02 9.490075e-01
      outer loop
         vertex 6.790128e-02 1.756047e-02 7.363476e-04
         vertex 6.783932e-02 1.757471e-02 7.558730e-04
         vertex 6.784805e-02 1.754670e-02 7.545427e-04
      endloop
   endfacet
   facet normal -1.596871e-01 6.850906e-01 7.107397e-01
      outer loop
         vertex 5.701695e-02 1.887413e-02 3.571617e-03
         vertex 5.705463e-02 1.875627e-02 3.693697e-03
         vertex 5.792238e-02 1.908622e-02 3.570616e-03
      endloop
   endfacet
   facet normal -3.603449e-02 4.310859e-01 9.015911e-01
      outer loop
         vertex 5.792238e-02 1.908622e-02 3.570616e-03
         vertex 5.705463e-02 1.875627e-02 3.693697e-03
         vertex 5.796952e-02 1.893875e-02 3.643010e-03
      endloop
   endfacet
   facet normal -5.604342e-03 4.392265e-01 8.983589e-01
      outer loop
         vertex 5.792238e-02 1.908622e-02 3.570616e-03
         vertex 5.796952e-02 1.893875e-02 3.643010e-03
         vertex 5.882349e-02 1.922340e-02 3.509165e-03
      endloop
   endfacet
   facet normal 8.520441e-02 2.030476e-01 9.754547e-01
      outer loop
         vertex 5.882349e-02 1.922340e-02 3.509165e-03
         vertex 5.796952e-02 1.893875e-02 3.643010e-03
         vertex 5.887265e-02 1.906961e-02 3.536883e-03
      endloop
   endfacet
   facet normal 1.378862e-01 2.182050e-01 9.661128e-01
      outer loop
         vertex 5.882349e-02 1.922340e-02 3.509165e-03
         vertex 5.887265e-02 1.906961e-02 3.536883e-03
         vertex 5.973773e-02 1.920604e-02 3.382602e-03
      endloop
   endfacet
   facet normal 2.080608e-01 -2.499091e-01 9.456512e-01
      outer loop
         vertex 5.973773e-02 1.920604e-02 3.382602e-03
         vertex 5.887265e-02 1.906961e-02 3.536883e-03
         vertex 5.983754e-02 1.889383e-02 3.278136e-03
      endloop
   endfacet
   facet normal 2.453128e-01 -2.361876e-01 9.402324e-01
      outer loop
         vertex 5.973773e-02 1.920604e-02 3.382602e-03
         vertex 5.983754e-02 1.889383e-02 3.278136e-03
         vertex 6.090269e-02 1.887003e-02 2.994250e-03
      endloop
   endfacet
   facet normal 1.989901e-01 -5.734484e-01 7.947074e-01
      outer loop
         vertex 6.090269e-02 1.887003e-02 2.994250e-03
         vertex 5.983754e-02 1.889383e-02 3.278136e-03
         vertex 6.098472e-02 1.861343e-02 2.788558e-03
      endloop
   endfacet
   facet normal 1.770806e-01 -5.805023e-01 7.947701e-01
      outer loop
         vertex 6.090269e-02 1.887003e-02 2.994250e-03
         vertex 6.098472e-02 1.861343e-02 2.788558e-03
         vertex 6.243181e-02 1.843806e-02 2.338038e-03
      endloop
   endfacet
   facet normal 1.093802e-01 -7.558323e-01 6.455644e-01
      outer loop
         vertex 6.243181e-02 1.843806e-02 2.338038e-03
         vertex 6.098472e-02 1.861343e-02 2.788558e-03
         vertex 6.256350e-02 1.802609e-02 1.833393e-03
      endloop
   endfacet
   facet normal 4.808885e-02 -7.675732e-01 6.391548e-01
      outer loop
         vertex 6.243181e-02 1.843806e-02 2.338038e-03
         vertex 6.256350e-02 1.802609e-02 1.833393e-03
         vertex 6.497085e-02 1.792538e-02 1.531318e-03
      endloop
   endfacet
   facet normal 2.014524e-02 -8.892270e-01 4.570225e-01
      outer loop
         vertex 6.497085e-02 1.792538e-02 1.531318e-03
         vertex 6.256350e-02 1.802609e-02 1.833393e-03
         vertex 6.398811e-02 1.780839e-02 1.347008e-03
      endloop
   endfacet
   facet normal 8.390937e-03 -8.638887e-01 5.036128e-01
      outer loop
         vertex 6.497085e-02 1.792538e-02 1.531318e-03
         vertex 6.398811e-02 1.780839e-02 1.347008e-03
         vertex 6.507489e-02 1.759991e-02 9.712832e-04
      endloop
   endfacet
   facet normal -5.603037e-03 -8.811875e-01 4.727338e-01
      outer loop
         vertex 6.507489e-02 1.759991e-02 9.712832e-04
         vertex 6.398811e-02 1.780839e-02 1.347008e-03
         vertex 6.417681e-02 1.761509e-02 9.889288e-04
      endloop
   endfacet
   facet normal -7.376036e-03 -9.123647e-01 4.093118e-01
      outer loop
         vertex 6.507489e-02 1.759991e-02 9.712832e-04
         vertex 6.417681e-02 1.761509e-02 9.889288e-04
         vertex 6.512102e-02 1.745560e-02 6.504562e-04
      endloop
   endfacet
   facet normal 1.633127e-01 9.118563e-01 3.766260e-01
      outer loop
         vertex 6.625786e-02 1.956511e-02 -2.608151e-03
         vertex 6.429208e-02 2.004876e-02 -2.926701e-03
         vertex 6.445785e-02 1.953018e-02 -1.743053e-03
      endloop
   endfacet
   facet normal 1.607815e-01 9.121130e-01 3.770930e-01
      outer loop
         vertex 6.445785e-02 1.953018e-02 -1.743053e-03
         vertex 6.429208e-02 2.004876e-02 -2.926701e-03
         vertex 6.342977e-02 1.955504e-02 -1.364836e-03
      endloop
   endfacet
   facet normal 9.809582e-02 9.743337e-01 2.026107e-01
      outer loop
         vertex 6.445785e-02 1.953018e-02 -1.743053e-03
         vertex 6.342977e-02 1.955504e-02 -1.364836e-03
         vertex 6.351796e-02 1.927917e-02 -8.090601e-05
      endloop
   endfacet
   facet normal 1.310105e-01 9.710699e-01 1.996487e-01
      outer loop
         vertex 6.351796e-02 1.927917e-02 -8.090601e-05
         vertex 6.342977e-02 1.955504e-02 -1.364836e-03
         vertex 6.213536e-02 1.936543e-02 4.068036e-04
      endloop
   endfacet
   facet normal 9.228839e-02 9.919963e-01 8.617541e-02
      outer loop
         vertex 6.351796e-02 1.927917e-02 -8.090601e-05
         vertex 6.213536e-02 1.936543e-02 4.068036e-04
         vertex 6.353661e-02 1.922081e-02 5.709434e-04
      endloop
   endfacet
   facet normal 1.088868e-01 9.925284e-01 -5.505566e-02
      outer loop
         vertex 6.353661e-02 1.922081e-02 5.709434e-04
         vertex 6.213536e-02 1.936543e-02 4.068036e-04
         vertex 6.212327e-02 1.940327e-02 1.065110e-03
      endloop
   endfacet
   facet normal 1.146462e-01 9.926550e-01 -3.863029e-02
      outer loop
         vertex 6.353661e-02 1.922081e-02 5.709434e-04
         vertex 6.212327e-02 1.940327e-02 1.065110e-03
         vertex 6.352813e-02 1.924734e-02 1.227520e-03
      endloop
   endfacet
   facet normal 1.279357e-01 9.774120e-01 -1.682207e-01
      outer loop
         vertex 6.352813e-02 1.924734e-02 1.227520e-03
         vertex 6.212327e-02 1.940327e-02 1.065110e-03
         vertex 6.208567e-02 1.952090e-02 1.719987e-03
      endloop
   endfacet
   facet normal 1.915216e-01 9.813607e-01 1.583227e-02
      outer loop
         vertex 6.352813e-02 1.924734e-02 1.227520e-03
         vertex 6.208567e-02 1.952090e-02 1.719987e-03
         vertex 6.352995e-02 1.924166e-02 1.557437e-03
      endloop
   endfacet
   facet normal 1.818824e-01 9.808954e-01 -6.901405e-02
      outer loop
         vertex 6.352995e-02 1.924166e-02 1.557437e-03
         vertex 6.208567e-02 1.952090e-02 1.719987e-03
         vertex 6.207767e-02 1.954591e-02 2.054354e-03
      endloop
   endfacet
   facet normal 2.522729e-01 9.556138e-01 1.521862e-01
      outer loop
         vertex 6.352995e-02 1.924166e-02 1.557437e-03
         vertex 6.207767e-02 1.954591e-02 2.054354e-03
         vertex 6.354806e-02 1.918499e-02 1.883252e-03
      endloop
   endfacet
   facet normal 2.531585e-01 9.533092e-01 1.646584e-01
      outer loop
         vertex 6.354806e-02 1.918499e-02 1.883252e-03
         vertex 6.207767e-02 1.954591e-02 2.054354e-03
         vertex 6.209715e-02 1.948498e-02 2.377204e-03
      endloop
   endfacet
   facet normal 3.043974e-01 8.826890e-01 3.580536e-01
      outer loop
         vertex 6.354806e-02 1.918499e-02 1.883252e-03
         vertex 6.209715e-02 1.948498e-02 2.377204e-03
         vertex 6.356944e-02 1.911810e-02 2.029977e-03
      endloop
   endfacet
   facet normal 3.124158e-01 8.473725e-01 4.293673e-01
      outer loop
         vertex 6.356944e-02 1.911810e-02 2.029977e-03
         vertex 6.209715e-02 1.948498e-02 2.377204e-03
         vertex 6.212314e-02 1.940368e-02 2.518741e-03
      endloop
   endfacet
   facet normal 3.470407e-01 7.111446e-01 6.114213e-01
      outer loop
         vertex 6.356944e-02 1.911810e-02 2.029977e-03
         vertex 6.212314e-02 1.940368e-02 2.518741e-03
         vertex 6.360567e-02 1.900479e-02 2.141205e-03
      endloop
   endfacet
   facet normal 3.473447e-01 6.699451e-01 6.561442e-01
      outer loop
         vertex 6.360567e-02 1.900479e-02 2.141205e-03
         vertex 6.212314e-02 1.940368e-02 2.518741e-03
         vertex 6.216305e-02 1.927883e-02 2.625091e-03
      endloop
   endfacet
   facet normal 3.596777e-01 4.593349e-01 8.121844e-01
      outer loop
         vertex 6.360567e-02 1.900479e-02 2.141205e-03
         vertex 6.216305e-02 1.927883e-02 2.625091e-03
         vertex 6.365227e-02 1.885901e-02 2.203015e-03
      endloop
   endfacet
   facet normal 3.521990e-01 3.974656e-01 8.473352e-01
      outer loop
         vertex 6.365227e-02 1.885901e-02 2.203015e-03
         vertex 6.216305e-02 1.927883e-02 2.625091e-03
         vertex 6.221240e-02 1.912445e-02 2.676994e-03
      endloop
   endfacet
   facet normal 3.332000e-01 1.434370e-01 9.318817e-01
      outer loop
         vertex 6.365227e-02 1.885901e-02 2.203015e-03
         vertex 6.221240e-02 1.912445e-02 2.676994e-03
         vertex 6.370088e-02 1.870695e-02 2.209040e-03
      endloop
   endfacet
   facet normal 3.178627e-01 7.375659e-02 9.452636e-01
      outer loop
         vertex 6.370088e-02 1.870695e-02 2.209040e-03
         vertex 6.221240e-02 1.912445e-02 2.676994e-03
         vertex 6.226235e-02 1.896820e-02 2.672389e-03
      endloop
   endfacet
   facet normal 2.619858e-01 -2.228095e-01 9.389991e-01
      outer loop
         vertex 6.370088e-02 1.870695e-02 2.209040e-03
         vertex 6.226235e-02 1.896820e-02 2.672389e-03
         vertex 6.230967e-02 1.882014e-02 2.624051e-03
      endloop
   endfacet
   facet normal -2.254474e-01 4.908389e-01 8.415763e-01
      outer loop
         vertex 6.662058e-02 2.428342e-02 -7.313322e-03
         vertex 6.596262e-02 2.634171e-02 -8.690050e-03
         vertex 6.551109e-02 2.631294e-02 -8.794231e-03
      endloop
   endfacet
   facet normal -2.276699e-01 4.541661e-01 8.613359e-01
      outer loop
         vertex 6.551109e-02 2.631294e-02 -8.794231e-03
         vertex 6.596262e-02 2.634171e-02 -8.690050e-03
         vertex 6.528758e-02 2.845343e-02 -9.981951e-03
      endloop
   endfacet
   facet normal -2.722871e-01 4.449652e-01 8.531505e-01
      outer loop
         vertex 6.551109e-02 2.631294e-02 -8.794231e-03
         vertex 6.528758e-02 2.845343e-02 -9.981951e-03
         vertex 6.483352e-02 2.843254e-02 -1.011597e-02
      endloop
   endfacet
   facet normal -2.703447e-01 4.639288e-01 8.436136e-01
      outer loop
         vertex 6.483352e-02 2.843254e-02 -1.011597e-02
         vertex 6.528758e-02 2.845343e-02 -9.981951e-03
         vertex 6.471484e-02 2.881290e-02 -1.036317e-02
      endloop
   endfacet
   facet normal -2.948098e-01 4.543529e-01 8.406251e-01
      outer loop
         vertex 6.483352e-02 2.843254e-02 -1.011597e-02
         vertex 6.471484e-02 2.881290e-02 -1.036317e-02
         vertex 6.430560e-02 2.863070e-02 -1.040822e-02
      endloop
   endfacet
   facet normal 1.285709e-01 7.832066e-01 6.083230e-01
      outer loop
         vertex 6.719446e-02 1.959202e-02 -3.035587e-03
         vertex 6.786427e-02 2.039284e-02 -4.208201e-03
         vertex 6.693698e-02 2.039750e-02 -4.018208e-03
      endloop
   endfacet
   facet normal 1.484628e-01 6.907657e-01 7.076734e-01
      outer loop
         vertex 6.693698e-02 2.039750e-02 -4.018208e-03
         vertex 6.786427e-02 2.039284e-02 -4.208201e-03
         vertex 6.756883e-02 2.131706e-02 -5.048353e-03
      endloop
   endfacet
   facet normal 5.692550e-02 7.272053e-01 6.840555e-01
      outer loop
         vertex 6.693698e-02 2.039750e-02 -4.018208e-03
         vertex 6.756883e-02 2.131706e-02 -5.048353e-03
         vertex 6.665499e-02 2.127963e-02 -4.932522e-03
      endloop
   endfacet
   facet normal 7.023108e-02 6.436982e-01 7.620500e-01
      outer loop
         vertex 6.665499e-02 2.127963e-02 -4.932522e-03
         vertex 6.756883e-02 2.131706e-02 -5.048353e-03
         vertex 6.725971e-02 2.228404e-02 -5.836673e-03
      endloop
   endfacet
   facet normal -1.380908e-02 6.735547e-01 7.390084e-01
      outer loop
         vertex 6.665499e-02 2.127963e-02 -4.932522e-03
         vertex 6.725971e-02 2.228404e-02 -5.836673e-03
         vertex 6.635586e-02 2.221538e-02 -5.790982e-03
      endloop
   endfacet
   facet normal -4.364867e-03 5.931824e-01 8.050563e-01
      outer loop
         vertex 6.635586e-02 2.221538e-02 -5.790982e-03
         vertex 6.725971e-02 2.228404e-02 -5.836673e-03
         vertex 6.662058e-02 2.428342e-02 -7.313322e-03
      endloop
   endfacet
   facet normal -1.356647e-01 5.985491e-01 7.895151e-01
      outer loop
         vertex 6.635586e-02 2.221538e-02 -5.790982e-03
         vertex 6.662058e-02 2.428342e-02 -7.313322e-03
         vertex 6.572943e-02 2.417504e-02 -7.384285e-03
      endloop
   endfacet
   facet normal -1.316170e-01 5.363602e-01 8.336634e-01
      outer loop
         vertex 6.572943e-02 2.417504e-02 -7.384285e-03
         vertex 6.662058e-02 2.428342e-02 -7.313322e-03
         vertex 6.551109e-02 2.631294e-02 -8.794231e-03
      endloop
   endfacet
   facet normal -2.374268e-01 5.177947e-01 8.218985e-01
      outer loop
         vertex 6.572943e-02 2.417504e-02 -7.384285e-03
         vertex 6.551109e-02 2.631294e-02 -8.794231e-03
         vertex 6.507862e-02 2.621093e-02 -8.854897e-03
      endloop
   endfacet
   facet normal -2.290485e-01 4.612948e-01 8.571720e-01
      outer loop
         vertex 6.507862e-02 2.621093e-02 -8.854897e-03
         vertex 6.551109e-02 2.631294e-02 -8.794231e-03
         vertex 6.483352e-02 2.843254e-02 -1.011597e-02
      endloop
   endfacet
   facet normal -2.883053e-01 4.484381e-01 8.460398e-01
      outer loop
         vertex 6.507862e-02 2.621093e-02 -8.854897e-03
         vertex 6.483352e-02 2.843254e-02 -1.011597e-02
         vertex 6.440203e-02 2.832752e-02 -1.020734e-02
      endloop
   endfacet
   facet normal -2.900263e-01 4.627712e-01 8.376918e-01
      outer loop
         vertex 6.440203e-02 2.832752e-02 -1.020734e-02
         vertex 6.483352e-02 2.843254e-02 -1.011597e-02
         vertex 6.430560e-02 2.863070e-02 -1.040822e-02
      endloop
   endfacet
   facet normal -3.021789e-01 4.578502e-01 8.360987e-01
      outer loop
         vertex 6.440203e-02 2.832752e-02 -1.020734e-02
         vertex 6.430560e-02 2.863070e-02 -1.040822e-02
         vertex 6.425726e-02 2.860918e-02 -1.041390e-02
      endloop
   endfacet
   facet normal 2.314908e-01 7.367064e-01 6.353548e-01
      outer loop
         vertex 6.719446e-02 1.959202e-02 -3.035587e-03
         vertex 6.814118e-02 1.952659e-02 -3.304659e-03
         vertex 6.786427e-02 2.039284e-02 -4.208201e-03
      endloop
   endfacet
   facet normal 1.240246e-01 7.349874e-01 6.666419e-01
      outer loop
         vertex 6.786427e-02 2.039284e-02 -4.208201e-03
         vertex 6.814118e-02 1.952659e-02 -3.304659e-03
         vertex 6.885033e-02 2.032052e-02 -4.311916e-03
      endloop
   endfacet
   facet normal 1.256108e-01 6.890128e-01 7.137810e-01
      outer loop
         vertex 6.786427e-02 2.039284e-02 -4.208201e-03
         vertex 6.885033e-02 2.032052e-02 -4.311916e-03
         vertex 6.756883e-02 2.131706e-02 -5.048353e-03
      endloop
   endfacet
   facet normal 3.522252e-02 6.228544e-01 7.815445e-01
      outer loop
         vertex 6.756883e-02 2.131706e-02 -5.048353e-03
         vertex 6.885033e-02 2.032052e-02 -4.311916e-03
         vertex 6.823979e-02 2.223045e-02 -5.806524e-03
      endloop
   endfacet
   facet normal 1.087625e-02 6.339162e-01 7.733253e-01
      outer loop
         vertex 6.756883e-02 2.131706e-02 -5.048353e-03
         vertex 6.823979e-02 2.223045e-02 -5.806524e-03
         vertex 6.725971e-02 2.228404e-02 -5.836673e-03
      endloop
   endfacet
   facet normal 5.547964e-03 5.654233e-01 8.247822e-01
      outer loop
         vertex 6.725971e-02 2.228404e-02 -5.836673e-03
         vertex 6.823979e-02 2.223045e-02 -5.806524e-03
         vertex 6.760100e-02 2.422877e-02 -7.172162e-03
      endloop
   endfacet
   facet normal -8.523777e-02 5.741552e-01 8.142974e-01
      outer loop
         vertex 6.725971e-02 2.228404e-02 -5.836673e-03
         vertex 6.760100e-02 2.422877e-02 -7.172162e-03
         vertex 6.662058e-02 2.428342e-02 -7.313322e-03
      endloop
   endfacet
   facet normal -9.584228e-02 5.015110e-01 8.598261e-01
      outer loop
         vertex 6.662058e-02 2.428342e-02 -7.313322e-03
         vertex 6.760100e-02 2.422877e-02 -7.172162e-03
         vertex 6.694340e-02 2.628592e-02 -8.445335e-03
      endloop
   endfacet
   facet normal -1.816144e-01 5.059532e-01 8.432245e-01
      outer loop
         vertex 6.662058e-02 2.428342e-02 -7.313322e-03
         vertex 6.694340e-02 2.628592e-02 -8.445335e-03
         vertex 6.596262e-02 2.634171e-02 -8.690050e-03
      endloop
   endfacet
   facet normal -1.917763e-01 4.513395e-01 8.715013e-01
      outer loop
         vertex 6.596262e-02 2.634171e-02 -8.690050e-03
         vertex 6.694340e-02 2.628592e-02 -8.445335e-03
         vertex 6.627817e-02 2.836693e-02 -9.669446e-03
      endloop
   endfacet
   facet normal -2.321022e-01 4.525469e-01 8.610052e-01
      outer loop
         vertex 6.596262e-02 2.634171e-02 -8.690050e-03
         vertex 6.627817e-02 2.836693e-02 -9.669446e-03
         vertex 6.528758e-02 2.845343e-02 -9.981951e-03
      endloop
   endfacet
   facet normal -2.416165e-01 4.101531e-01 8.794293e-01
      outer loop
         vertex 6.528758e-02 2.845343e-02 -9.981951e-03
         vertex 6.627817e-02 2.836693e-02 -9.669446e-03
         vertex 6.639889e-02 2.956269e-02 -1.019397e-02
      endloop
   endfacet
   facet normal -2.717932e-01 4.362507e-01 8.577959e-01
      outer loop
         vertex 6.528758e-02 2.845343e-02 -9.981951e-03
         vertex 6.639889e-02 2.956269e-02 -1.019397e-02
         vertex 6.532678e-02 2.908536e-02 -1.029091e-02
      endloop
   endfacet
   facet normal -1.610787e-01 5.763938e-01 8.011391e-01
      outer loop
         vertex 6.425930e-02 2.581718e-02 -8.855017e-03
         vertex 6.410304e-02 2.341608e-02 -7.158923e-03
         vertex 6.489374e-02 2.383247e-02 -7.299523e-03
      endloop
   endfacet
   facet normal -2.254432e-01 6.676734e-01 7.094982e-01
      outer loop
         vertex 6.489374e-02 2.383247e-02 -7.299523e-03
         vertex 6.410304e-02 2.341608e-02 -7.158923e-03
         vertex 6.466535e-02 2.165701e-02 -5.324871e-03
      endloop
   endfacet
   facet normal -1.751241e-02 6.730099e-01 7.394261e-01
      outer loop
         vertex 6.489374e-02 2.383247e-02 -7.299523e-03
         vertex 6.466535e-02 2.165701e-02 -5.324871e-03
         vertex 6.549117e-02 2.196355e-02 -5.584320e-03
      endloop
   endfacet
   facet normal -5.034983e-02 7.207738e-01 6.913393e-01
      outer loop
         vertex 6.549117e-02 2.196355e-02 -5.584320e-03
         vertex 6.466535e-02 2.165701e-02 -5.324871e-03
         vertex 6.577025e-02 2.109049e-02 -4.653770e-03
      endloop
   endfacet
   facet normal -2.818460e-01 7.553398e-01 5.916287e-01
      outer loop
         vertex 5.881312e-02 2.209848e-02 -7.880909e-03
         vertex 5.905975e-02 2.132696e-02 -6.778398e-03
         vertex 6.122609e-02 2.220989e-02 -6.873632e-03
      endloop
   endfacet
   facet normal -2.811975e-01 7.539701e-01 5.936810e-01
      outer loop
         vertex 6.122609e-02 2.220989e-02 -6.873632e-03
         vertex 5.905975e-02 2.132696e-02 -6.778398e-03
         vertex 6.146687e-02 2.145668e-02 -5.803014e-03
      endloop
   endfacet
   facet normal -2.646402e-01 7.596996e-01 5.939883e-01
      outer loop
         vertex 6.122609e-02 2.220989e-02 -6.873632e-03
         vertex 6.146687e-02 2.145668e-02 -5.803014e-03
         vertex 6.242129e-02 2.270984e-02 -6.980552e-03
      endloop
   endfacet
   facet normal -1.645029e-01 7.390864e-01 6.532152e-01
      outer loop
         vertex 6.242129e-02 2.270984e-02 -6.980552e-03
         vertex 6.146687e-02 2.145668e-02 -5.803014e-03
         vertex 6.360178e-02 2.220820e-02 -6.115682e-03
      endloop
   endfacet
   facet normal -2.129070e-01 6.906180e-01 6.911710e-01
      outer loop
         vertex 6.242129e-02 2.270984e-02 -6.980552e-03
         vertex 6.360178e-02 2.220820e-02 -6.115682e-03
         vertex 6.332711e-02 2.306743e-02 -7.058830e-03
      endloop
   endfacet
   facet normal -3.305183e-01 4.530047e-01 8.279761e-01
      outer loop
         vertex 6.318980e-02 2.813391e-02 -1.055673e-02
         vertex 6.189189e-02 2.755604e-02 -1.075868e-02
         vertex 6.283787e-02 2.737389e-02 -1.028140e-02
      endloop
   endfacet
   facet normal -3.289193e-01 4.570903e-01 8.263659e-01
      outer loop
         vertex 6.283787e-02 2.737389e-02 -1.028140e-02
         vertex 6.189189e-02 2.755604e-02 -1.075868e-02
         vertex 6.209164e-02 2.693233e-02 -1.033417e-02
      endloop
   endfacet
   facet normal -3.511970e-01 4.988016e-01 7.923747e-01
      outer loop
         vertex 6.283787e-02 2.737389e-02 -1.028140e-02
         vertex 6.209164e-02 2.693233e-02 -1.033417e-02
         vertex 6.273264e-02 2.492711e-02 -8.787785e-03
      endloop
   endfacet
   facet normal -2.773065e-01 5.295776e-01 8.016537e-01
      outer loop
         vertex 6.273264e-02 2.492711e-02 -8.787785e-03
         vertex 6.209164e-02 2.693233e-02 -1.033417e-02
         vertex 6.184736e-02 2.450524e-02 -8.815327e-03
      endloop
   endfacet
   facet normal -3.200597e-01 6.251553e-01 7.118586e-01
      outer loop
         vertex 6.273264e-02 2.492711e-02 -8.787785e-03
         vertex 6.184736e-02 2.450524e-02 -8.815327e-03
         vertex 6.242129e-02 2.270984e-02 -6.980552e-03
      endloop
   endfacet
   facet normal -3.209250e-01 6.247997e-01 7.117812e-01
      outer loop
         vertex 6.242129e-02 2.270984e-02 -6.980552e-03
         vertex 6.184736e-02 2.450524e-02 -8.815327e-03
         vertex 6.067675e-02 2.392838e-02 -8.836757e-03
      endloop
   endfacet
   facet normal -2.834128e-01 6.575795e-01 6.980446e-01
      outer loop
         vertex 6.242129e-02 2.270984e-02 -6.980552e-03
         vertex 6.067675e-02 2.392838e-02 -8.836757e-03
         vertex 6.096097e-02 2.303924e-02 -7.883761e-03
      endloop
   endfacet
   facet normal -3.211077e-01 6.427927e-01 6.954908e-01
      outer loop
         vertex 6.096097e-02 2.303924e-02 -7.883761e-03
         vertex 6.067675e-02 2.392838e-02 -8.836757e-03
         vertex 5.854124e-02 2.294900e-02 -8.917553e-03
      endloop
   endfacet
   facet normal -3.039348e-01 6.958911e-01 6.506606e-01
      outer loop
         vertex 6.096097e-02 2.303924e-02 -7.883761e-03
         vertex 5.854124e-02 2.294900e-02 -8.917553e-03
         vertex 5.881312e-02 2.209848e-02 -7.880909e-03
      endloop
   endfacet
   facet normal -3.123366e-01 6.926155e-01 6.501766e-01
      outer loop
         vertex 5.881312e-02 2.209848e-02 -7.880909e-03
         vertex 5.854124e-02 2.294900e-02 -8.917553e-03
         vertex 5.692301e-02 2.221250e-02 -8.910351e-03
      endloop
   endfacet
   facet normal -3.006761e-01 7.149343e-01 6.312391e-01
      outer loop
         vertex 5.881312e-02 2.209848e-02 -7.880909e-03
         vertex 5.692301e-02 2.221250e-02 -8.910351e-03
         vertex 5.719003e-02 2.137721e-02 -7.837123e-03
      endloop
   endfacet
   facet normal -3.551538e-01 4.455712e-01 8.217860e-01
      outer loop
         vertex 6.189189e-02 2.755604e-02 -1.075868e-02
         vertex 6.106355e-02 2.718724e-02 -1.091670e-02
         vertex 6.209164e-02 2.693233e-02 -1.033417e-02
      endloop
   endfacet
   facet normal -3.417648e-01 4.748765e-01 8.109803e-01
      outer loop
         vertex 6.209164e-02 2.693233e-02 -1.033417e-02
         vertex 6.106355e-02 2.718724e-02 -1.091670e-02
         vertex 6.005781e-02 2.586460e-02 -1.056606e-02
      endloop
   endfacet
   facet normal -3.614472e-01 5.204872e-01 7.735948e-01
      outer loop
         vertex 6.209164e-02 2.693233e-02 -1.033417e-02
         vertex 6.005781e-02 2.586460e-02 -1.056606e-02
         vertex 6.184736e-02 2.450524e-02 -8.815327e-03
      endloop
   endfacet
   facet normal -3.496146e-01 5.325172e-01 7.708405e-01
      outer loop
         vertex 6.184736e-02 2.450524e-02 -8.815327e-03
         vertex 6.005781e-02 2.586460e-02 -1.056606e-02
         vertex 6.037645e-02 2.486778e-02 -9.732910e-03
      endloop
   endfacet
   facet normal -3.103065e-01 6.023734e-01 7.354292e-01
      outer loop
         vertex 6.184736e-02 2.450524e-02 -8.815327e-03
         vertex 6.037645e-02 2.486778e-02 -9.732910e-03
         vertex 6.067675e-02 2.392838e-02 -8.836757e-03
      endloop
   endfacet
   facet normal -3.344070e-01 5.923527e-01 7.330008e-01
      outer loop
         vertex 6.067675e-02 2.392838e-02 -8.836757e-03
         vertex 6.037645e-02 2.486778e-02 -9.732910e-03
         vertex 5.824929e-02 2.386231e-02 -9.890812e-03
      endloop
   endfacet
   facet normal -3.203367e-01 6.409415e-01 6.975517e-01
      outer loop
         vertex 6.067675e-02 2.392838e-02 -8.836757e-03
         vertex 5.824929e-02 2.386231e-02 -9.890812e-03
         vertex 5.854124e-02 2.294900e-02 -8.917553e-03
      endloop
   endfacet
   facet normal -2.840497e-01 6.551860e-01 7.000336e-01
      outer loop
         vertex 5.854124e-02 2.294900e-02 -8.917553e-03
         vertex 5.824929e-02 2.386231e-02 -9.890812e-03
         vertex 5.632775e-02 2.407463e-02 -1.086923e-02
      endloop
   endfacet
   facet normal -2.915554e-01 6.474828e-01 7.041033e-01
      outer loop
         vertex 5.854124e-02 2.294900e-02 -8.917553e-03
         vertex 5.632775e-02 2.407463e-02 -1.086923e-02
         vertex 5.692301e-02 2.221250e-02 -8.910351e-03
      endloop
   endfacet
   facet normal -2.812529e-01 6.513917e-01 7.046884e-01
      outer loop
         vertex 5.692301e-02 2.221250e-02 -8.910351e-03
         vertex 5.632775e-02 2.407463e-02 -1.086923e-02
         vertex 5.522123e-02 2.148641e-02 -8.918386e-03
      endloop
   endfacet
   facet normal -3.069863e-01 7.125208e-01 6.309307e-01
      outer loop
         vertex 5.692301e-02 2.221250e-02 -8.910351e-03
         vertex 5.522123e-02 2.148641e-02 -8.918386e-03
         vertex 5.719003e-02 2.137721e-02 -7.837123e-03
      endloop
   endfacet
   facet normal -3.024700e-01 7.208975e-01 6.235532e-01
      outer loop
         vertex 5.719003e-02 2.137721e-02 -7.837123e-03
         vertex 5.522123e-02 2.148641e-02 -8.918386e-03
         vertex 5.548798e-02 2.065191e-02 -7.824223e-03
      endloop
   endfacet
   facet normal -3.193664e-01 7.595365e-01 5.666651e-01
      outer loop
         vertex 5.719003e-02 2.137721e-02 -7.837123e-03
         vertex 5.548798e-02 2.065191e-02 -7.824223e-03
         vertex 5.742981e-02 2.062711e-02 -6.696579e-03
      endloop
   endfacet
   facet normal -3.140744e-01 7.682954e-01 5.577450e-01
      outer loop
         vertex 5.742981e-02 2.062711e-02 -6.696579e-03
         vertex 5.548798e-02 2.065191e-02 -7.824223e-03
         vertex 5.572638e-02 1.990613e-02 -6.662657e-03
      endloop
   endfacet
   facet normal -3.318644e-01 8.070635e-01 4.883794e-01
      outer loop
         vertex 5.742981e-02 2.062711e-02 -6.696579e-03
         vertex 5.572638e-02 1.990613e-02 -6.662657e-03
         vertex 5.763607e-02 1.998186e-02 -5.490131e-03
      endloop
   endfacet
   facet normal -3.255198e-01 8.161301e-01 4.774604e-01
      outer loop
         vertex 5.763607e-02 1.998186e-02 -5.490131e-03
         vertex 5.572638e-02 1.990613e-02 -6.662657e-03
         vertex 5.593002e-02 1.926910e-02 -5.434939e-03
      endloop
   endfacet
   facet normal -3.438349e-01 8.533431e-01 3.918967e-01
      outer loop
         vertex 5.763607e-02 1.998186e-02 -5.490131e-03
         vertex 5.593002e-02 1.926910e-02 -5.434939e-03
         vertex 5.780119e-02 1.946530e-02 -4.220468e-03
      endloop
   endfacet
   facet normal -3.379205e-01 8.603181e-01 3.816575e-01
      outer loop
         vertex 5.780119e-02 1.946530e-02 -4.220468e-03
         vertex 5.593002e-02 1.926910e-02 -5.434939e-03
         vertex 5.609266e-02 1.876030e-02 -4.144020e-03
      endloop
   endfacet
   facet normal -3.552938e-01 8.915095e-01 2.810286e-01
      outer loop
         vertex 5.780119e-02 1.946530e-02 -4.220468e-03
         vertex 5.609266e-02 1.876030e-02 -4.144020e-03
         vertex 5.791972e-02 1.909454e-02 -2.894442e-03
      endloop
   endfacet
   facet normal -3.497188e-01 8.966512e-01 2.715019e-01
      outer loop
         vertex 5.791972e-02 1.909454e-02 -2.894442e-03
         vertex 5.609266e-02 1.876030e-02 -4.144020e-03
         vertex 5.620856e-02 1.839776e-02 -2.797405e-03
      endloop
   endfacet
   facet normal -3.657267e-01 9.188176e-01 1.483853e-01
      outer loop
         vertex 5.791972e-02 1.909454e-02 -2.894442e-03
         vertex 5.620856e-02 1.839776e-02 -2.797405e-03
         vertex 5.712368e-02 1.854026e-02 -1.424262e-03
      endloop
   endfacet
   facet normal -3.692367e-01 9.170003e-01 1.509132e-01
      outer loop
         vertex 5.712368e-02 1.854026e-02 -1.424262e-03
         vertex 5.620856e-02 1.839776e-02 -2.797405e-03
         vertex 5.627304e-02 1.819603e-02 -1.413873e-03
      endloop
   endfacet
   facet normal -3.750580e-01 9.269869e-01 5.165964e-03
      outer loop
         vertex 5.712368e-02 1.854026e-02 -1.424262e-03
         vertex 5.627304e-02 1.819603e-02 -1.413873e-03
         vertex 5.712587e-02 1.853340e-02 -3.557836e-05
      endloop
   endfacet
   facet normal -3.873870e-01 9.218099e-01 1.406180e-02
      outer loop
         vertex 5.712587e-02 1.853340e-02 -3.557836e-05
         vertex 5.627304e-02 1.819603e-02 -1.413873e-03
         vertex 5.627905e-02 1.817724e-02 -1.666989e-05
      endloop
   endfacet
   facet normal -3.864639e-01 9.113416e-01 -1.417817e-01
      outer loop
         vertex 5.712587e-02 1.853340e-02 -3.557836e-05
         vertex 5.627905e-02 1.817724e-02 -1.666989e-05
         vertex 5.706535e-02 1.872275e-02 1.346503e-03
      endloop
   endfacet
   facet normal -4.248696e-01 8.980104e-01 -1.142940e-01
      outer loop
         vertex 5.706535e-02 1.872275e-02 1.346503e-03
         vertex 5.627905e-02 1.817724e-02 -1.666989e-05
         vertex 5.622985e-02 1.833114e-02 1.375412e-03
      endloop
   endfacet
   facet normal -4.234486e-01 8.915528e-01 -1.607016e-01
      outer loop
         vertex 5.706535e-02 1.872275e-02 1.346503e-03
         vertex 5.622985e-02 1.833114e-02 1.375412e-03
         vertex 5.699692e-02 1.893681e-02 2.714348e-03
      endloop
   endfacet
   facet normal -4.091683e-01 8.962878e-01 -1.710246e-01
      outer loop
         vertex 5.699692e-02 1.893681e-02 2.714348e-03
         vertex 5.622985e-02 1.833114e-02 1.375412e-03
         vertex 5.615666e-02 1.856012e-02 2.750525e-03
      endloop
   endfacet
   facet normal -4.105603e-01 9.055775e-01 -1.066288e-01
      outer loop
         vertex 5.699692e-02 1.893681e-02 2.714348e-03
         vertex 5.615666e-02 1.856012e-02 2.750525e-03
         vertex 5.698540e-02 1.897284e-02 3.064719e-03
      endloop
   endfacet
   facet normal -3.970346e-01 9.065110e-01 -1.435314e-01
      outer loop
         vertex 5.698540e-02 1.897284e-02 3.064719e-03
         vertex 5.615666e-02 1.856012e-02 2.750525e-03
         vertex 5.614111e-02 1.860875e-02 3.100698e-03
      endloop
   endfacet
   facet normal -3.906768e-01 9.154723e-01 9.634377e-02
      outer loop
         vertex 5.698540e-02 1.897284e-02 3.064719e-03
         vertex 5.614111e-02 1.860875e-02 3.100698e-03
         vertex 5.699572e-02 1.894057e-02 3.413185e-03
      endloop
   endfacet
   facet normal -3.823502e-01 9.215789e-01 6.708758e-02
      outer loop
         vertex 5.699572e-02 1.894057e-02 3.413185e-03
         vertex 5.614111e-02 1.860875e-02 3.100698e-03
         vertex 5.614830e-02 1.858626e-02 3.450566e-03
      endloop
   endfacet
   facet normal -3.380246e-01 8.509087e-01 4.021117e-01
      outer loop
         vertex 5.699572e-02 1.894057e-02 3.413185e-03
         vertex 5.614830e-02 1.858626e-02 3.450566e-03
         vertex 5.701695e-02 1.887413e-02 3.571617e-03
      endloop
   endfacet
   facet normal -3.383032e-01 8.656548e-01 3.690429e-01
      outer loop
         vertex 5.701695e-02 1.887413e-02 3.571617e-03
         vertex 5.614830e-02 1.858626e-02 3.450566e-03
         vertex 5.616796e-02 1.852476e-02 3.612851e-03
      endloop
   endfacet
   facet normal -2.375117e-01 6.611617e-01 7.116554e-01
      outer loop
         vertex 5.701695e-02 1.887413e-02 3.571617e-03
         vertex 5.616796e-02 1.852476e-02 3.612851e-03
         vertex 5.705463e-02 1.875627e-02 3.693697e-03
      endloop
   endfacet
   facet normal -2.454323e-01 7.092329e-01 6.608719e-01
      outer loop
         vertex 5.705463e-02 1.875627e-02 3.693697e-03
         vertex 5.616796e-02 1.852476e-02 3.612851e-03
         vertex 5.620313e-02 1.841474e-02 3.743993e-03
      endloop
   endfacet
   facet normal -7.332559e-02 3.218268e-01 9.439549e-01
      outer loop
         vertex 5.705463e-02 1.875627e-02 3.693697e-03
         vertex 5.620313e-02 1.841474e-02 3.743993e-03
         vertex 5.710452e-02 1.860022e-02 3.750774e-03
      endloop
   endfacet
   facet normal -8.688608e-02 3.887020e-01 9.172576e-01
      outer loop
         vertex 5.710452e-02 1.860022e-02 3.750774e-03
         vertex 5.620313e-02 1.841474e-02 3.743993e-03
         vertex 5.625137e-02 1.826385e-02 3.812502e-03
      endloop
   endfacet
   facet normal 8.211048e-02 -2.542756e-02 9.962988e-01
      outer loop
         vertex 5.710452e-02 1.860022e-02 3.750774e-03
         vertex 5.625137e-02 1.826385e-02 3.812502e-03
         vertex 5.715662e-02 1.843721e-02 3.742319e-03
      endloop
   endfacet
   facet normal 7.307368e-02 2.207719e-02 9.970822e-01
      outer loop
         vertex 5.715662e-02 1.843721e-02 3.742319e-03
         vertex 5.625137e-02 1.826385e-02 3.812502e-03
         vertex 5.630326e-02 1.810151e-02 3.812293e-03
      endloop
   endfacet
   facet normal 1.994413e-01 -3.134620e-01 9.284206e-01
      outer loop
         vertex 5.715662e-02 1.843721e-02 3.742319e-03
         vertex 5.630326e-02 1.810151e-02 3.812293e-03
         vertex 5.640296e-02 1.778961e-02 3.685568e-03
      endloop
   endfacet
   facet normal 2.258283e-01 -3.038660e-01 9.255631e-01
      outer loop
         vertex 5.640296e-02 1.778961e-02 3.685568e-03
         vertex 5.630326e-02 1.810151e-02 3.812293e-03
         vertex 5.506269e-02 1.726339e-02 3.839822e-03
      endloop
   endfacet
   facet normal 2.324812e-01 -3.232269e-01 9.173205e-01
      outer loop
         vertex 5.640296e-02 1.778961e-02 3.685568e-03
         vertex 5.506269e-02 1.726339e-02 3.839822e-03
         vertex 5.509321e-02 1.697871e-02 3.731779e-03
      endloop
   endfacet
   facet normal 2.111425e-01 8.725281e-01 4.405832e-01
      outer loop
         vertex 6.937978e-02 1.794283e-02 -1.112216e-03
         vertex 6.957106e-02 1.806587e-02 -1.447537e-03
         vertex 6.857423e-02 1.817186e-02 -1.179740e-03
      endloop
   endfacet
   facet normal 2.039209e-01 8.905767e-01 4.065581e-01
      outer loop
         vertex 6.857423e-02 1.817186e-02 -1.179740e-03
         vertex 6.957106e-02 1.806587e-02 -1.447537e-03
         vertex 6.848396e-02 1.845425e-02 -1.753045e-03
      endloop
   endfacet
   facet normal 2.595389e-01 8.819133e-01 3.935333e-01
      outer loop
         vertex 6.857423e-02 1.817186e-02 -1.179740e-03
         vertex 6.848396e-02 1.845425e-02 -1.753045e-03
         vertex 6.751690e-02 1.858335e-02 -1.404556e-03
      endloop
   endfacet
   facet normal 2.677140e-01 8.661359e-01 4.220638e-01
      outer loop
         vertex 6.751690e-02 1.858335e-02 -1.404556e-03
         vertex 6.848396e-02 1.845425e-02 -1.753045e-03
         vertex 6.741910e-02 1.888931e-02 -1.970397e-03
      endloop
   endfacet
   facet normal 2.737878e-01 8.650363e-01 4.204194e-01
      outer loop
         vertex 6.751690e-02 1.858335e-02 -1.404556e-03
         vertex 6.741910e-02 1.888931e-02 -1.970397e-03
         vertex 6.645262e-02 1.895585e-02 -1.477920e-03
      endloop
   endfacet
   facet normal 3.013114e-01 8.239052e-01 4.799914e-01
      outer loop
         vertex 6.645262e-02 1.895585e-02 -1.477920e-03
         vertex 6.741910e-02 1.888931e-02 -1.970397e-03
         vertex 6.719446e-02 1.959202e-02 -3.035587e-03
      endloop
   endfacet
   facet normal 1.770230e-01 8.787673e-01 4.432053e-01
      outer loop
         vertex 6.645262e-02 1.895585e-02 -1.477920e-03
         vertex 6.719446e-02 1.959202e-02 -3.035587e-03
         vertex 6.625786e-02 1.956511e-02 -2.608151e-03
      endloop
   endfacet
   facet normal 2.408021e-01 7.806023e-01 5.767793e-01
      outer loop
         vertex 6.625786e-02 1.956511e-02 -2.608151e-03
         vertex 6.719446e-02 1.959202e-02 -3.035587e-03
         vertex 6.693698e-02 2.039750e-02 -4.018208e-03
      endloop
   endfacet
   facet normal 1.064458e-01 8.329694e-01 5.429837e-01
      outer loop
         vertex 6.625786e-02 1.956511e-02 -2.608151e-03
         vertex 6.693698e-02 2.039750e-02 -4.018208e-03
         vertex 6.602831e-02 2.028320e-02 -3.664741e-03
      endloop
   endfacet
   facet normal 1.636857e-01 7.346946e-01 6.583546e-01
      outer loop
         vertex 6.602831e-02 2.028320e-02 -3.664741e-03
         vertex 6.693698e-02 2.039750e-02 -4.018208e-03
         vertex 6.665499e-02 2.127963e-02 -4.932522e-03
      endloop
   endfacet
   facet normal 3.120697e-02 7.782878e-01 6.271317e-01
      outer loop
         vertex 6.602831e-02 2.028320e-02 -3.664741e-03
         vertex 6.665499e-02 2.127963e-02 -4.932522e-03
         vertex 6.577025e-02 2.109049e-02 -4.653770e-03
      endloop
   endfacet
   facet normal 8.033832e-02 6.876580e-01 7.215762e-01
      outer loop
         vertex 6.577025e-02 2.109049e-02 -4.653770e-03
         vertex 6.665499e-02 2.127963e-02 -4.932522e-03
         vertex 6.635586e-02 2.221538e-02 -5.790982e-03
      endloop
   endfacet
   facet normal -4.512861e-02 7.217458e-01 6.906854e-01
      outer loop
         vertex 6.577025e-02 2.109049e-02 -4.653770e-03
         vertex 6.635586e-02 2.221538e-02 -5.790982e-03
         vertex 6.549117e-02 2.196355e-02 -5.584320e-03
      endloop
   endfacet
   facet normal 1.565326e-03 6.311506e-01 7.756588e-01
      outer loop
         vertex 6.549117e-02 2.196355e-02 -5.584320e-03
         vertex 6.635586e-02 2.221538e-02 -5.790982e-03
         vertex 6.572943e-02 2.417504e-02 -7.384285e-03
      endloop
   endfacet
   facet normal -1.828795e-01 6.323837e-01 7.527589e-01
      outer loop
         vertex 6.549117e-02 2.196355e-02 -5.584320e-03
         vertex 6.572943e-02 2.417504e-02 -7.384285e-03
         vertex 6.489374e-02 2.383247e-02 -7.299523e-03
      endloop
   endfacet
   facet normal -1.417272e-01 5.494735e-01 8.234029e-01
      outer loop
         vertex 6.489374e-02 2.383247e-02 -7.299523e-03
         vertex 6.572943e-02 2.417504e-02 -7.384285e-03
         vertex 6.507862e-02 2.621093e-02 -8.854897e-03
      endloop
   endfacet
   facet normal -2.608263e-01 5.424803e-01 7.985517e-01
      outer loop
         vertex 6.489374e-02 2.383247e-02 -7.299523e-03
         vertex 6.507862e-02 2.621093e-02 -8.854897e-03
         vertex 6.425930e-02 2.581718e-02 -8.855017e-03
      endloop
   endfacet
   facet normal -2.268960e-01 4.718621e-01 8.519768e-01
      outer loop
         vertex 6.425930e-02 2.581718e-02 -8.855017e-03
         vertex 6.507862e-02 2.621093e-02 -8.854897e-03
         vertex 6.440203e-02 2.832752e-02 -1.020734e-02
      endloop
   endfacet
   facet normal -3.130810e-01 4.641565e-01 8.285765e-01
      outer loop
         vertex 6.425930e-02 2.581718e-02 -8.855017e-03
         vertex 6.440203e-02 2.832752e-02 -1.020734e-02
         vertex 6.359366e-02 2.789946e-02 -1.027300e-02
      endloop
   endfacet
   facet normal -3.084634e-01 4.543410e-01 8.357180e-01
      outer loop
         vertex 6.359366e-02 2.789946e-02 -1.027300e-02
         vertex 6.440203e-02 2.832752e-02 -1.020734e-02
         vertex 6.425726e-02 2.860918e-02 -1.041390e-02
      endloop
   endfacet
   facet normal -3.137325e-01 4.584326e-01 8.315116e-01
      outer loop
         vertex 6.359366e-02 2.789946e-02 -1.027300e-02
         vertex 6.425726e-02 2.860918e-02 -1.041390e-02
         vertex 6.347843e-02 2.826242e-02 -1.051658e-02
      endloop
   endfacet
   facet normal -3.187463e-01 4.563351e-01 8.307581e-01
      outer loop
         vertex 6.347843e-02 2.826242e-02 -1.051658e-02
         vertex 6.318980e-02 2.813391e-02 -1.055673e-02
         vertex 6.359366e-02 2.789946e-02 -1.027300e-02
      endloop
   endfacet
   facet normal -3.228319e-01 4.509472e-01 8.321215e-01
      outer loop
         vertex 6.359366e-02 2.789946e-02 -1.027300e-02
         vertex 6.318980e-02 2.813391e-02 -1.055673e-02
         vertex 6.283787e-02 2.737389e-02 -1.028140e-02
      endloop
   endfacet
   facet normal -3.276650e-01 4.579895e-01 8.263663e-01
      outer loop
         vertex 6.359366e-02 2.789946e-02 -1.027300e-02
         vertex 6.283787e-02 2.737389e-02 -1.028140e-02
         vertex 6.425930e-02 2.581718e-02 -8.855017e-03
      endloop
   endfacet
   facet normal -2.618823e-01 5.110293e-01 8.186982e-01
      outer loop
         vertex 6.425930e-02 2.581718e-02 -8.855017e-03
         vertex 6.283787e-02 2.737389e-02 -1.028140e-02
         vertex 6.273264e-02 2.492711e-02 -8.787785e-03
      endloop
   endfacet
   facet normal -2.948696e-01 5.640307e-01 7.713115e-01
      outer loop
         vertex 6.425930e-02 2.581718e-02 -8.855017e-03
         vertex 6.273264e-02 2.492711e-02 -8.787785e-03
         vertex 6.410304e-02 2.341608e-02 -7.158923e-03
      endloop
   endfacet
   facet normal -1.890055e-01 6.355369e-01 7.485785e-01
      outer loop
         vertex 6.410304e-02 2.341608e-02 -7.158923e-03
         vertex 6.273264e-02 2.492711e-02 -8.787785e-03
         vertex 6.332711e-02 2.306743e-02 -7.058830e-03
      endloop
   endfacet
   facet normal -2.106285e-01 6.724512e-01 7.095386e-01
      outer loop
         vertex 6.410304e-02 2.341608e-02 -7.158923e-03
         vertex 6.332711e-02 2.306743e-02 -7.058830e-03
         vertex 6.466535e-02 2.165701e-02 -5.324871e-03
      endloop
   endfacet
   facet normal -1.442591e-01 7.102218e-01 6.890387e-01
      outer loop
         vertex 6.466535e-02 2.165701e-02 -5.324871e-03
         vertex 6.332711e-02 2.306743e-02 -7.058830e-03
         vertex 6.360178e-02 2.220820e-02 -6.115682e-03
      endloop
   endfacet
   facet normal -7.120637e-02 7.708387e-01 6.330382e-01
      outer loop
         vertex 6.466535e-02 2.165701e-02 -5.324871e-03
         vertex 6.360178e-02 2.220820e-02 -6.115682e-03
         vertex 6.385716e-02 2.140929e-02 -5.114144e-03
      endloop
   endfacet
   facet normal -1.697812e-01 7.488444e-01 6.406296e-01
      outer loop
         vertex 6.385716e-02 2.140929e-02 -5.114144e-03
         vertex 6.360178e-02 2.220820e-02 -6.115682e-03
         vertex 6.146687e-02 2.145668e-02 -5.803014e-03
      endloop
   endfacet
   facet normal -1.326209e-01 8.448579e-01 5.182922e-01
      outer loop
         vertex 6.385716e-02 2.140929e-02 -5.114144e-03
         vertex 6.146687e-02 2.145668e-02 -5.803014e-03
         vertex 6.167877e-02 2.079378e-02 -4.668210e-03
      endloop
   endfacet
   facet normal -1.728870e-01 8.360664e-01 5.206756e-01
      outer loop
         vertex 6.167877e-02 2.079378e-02 -4.668210e-03
         vertex 6.146687e-02 2.145668e-02 -5.803014e-03
         vertex 6.041371e-02 2.039970e-02 -4.455475e-03
      endloop
   endfacet
   facet normal -1.999927e-01 8.774080e-01 4.360713e-01
      outer loop
         vertex 6.167877e-02 2.079378e-02 -4.668210e-03
         vertex 6.041371e-02 2.039970e-02 -4.455475e-03
         vertex 6.185633e-02 2.023832e-02 -3.469150e-03
      endloop
   endfacet
   facet normal -1.428328e-01 9.220433e-01 3.597708e-01
      outer loop
         vertex 6.185633e-02 2.023832e-02 -3.469150e-03
         vertex 6.041371e-02 2.039970e-02 -4.455475e-03
         vertex 6.056356e-02 1.993094e-02 -3.194625e-03
      endloop
   endfacet
   facet normal -1.515447e-01 9.318387e-01 3.297132e-01
      outer loop
         vertex 6.185633e-02 2.023832e-02 -3.469150e-03
         vertex 6.056356e-02 1.993094e-02 -3.194625e-03
         vertex 6.199108e-02 1.981680e-02 -2.215929e-03
      endloop
   endfacet
   facet normal -8.880320e-02 9.661536e-01 2.422006e-01
      outer loop
         vertex 6.199108e-02 1.981680e-02 -2.215929e-03
         vertex 6.056356e-02 1.993094e-02 -3.194625e-03
         vertex 6.066542e-02 1.961228e-02 -1.886131e-03
      endloop
   endfacet
   facet normal -9.460697e-02 9.705394e-01 2.215916e-01
      outer loop
         vertex 6.199108e-02 1.981680e-02 -2.215929e-03
         vertex 6.066542e-02 1.961228e-02 -1.886131e-03
         vertex 6.208281e-02 1.952983e-02 -9.198666e-04
      endloop
   endfacet
   facet normal -2.822573e-02 9.916264e-01 1.260178e-01
      outer loop
         vertex 6.208281e-02 1.952983e-02 -9.198666e-04
         vertex 6.066542e-02 1.961228e-02 -1.886131e-03
         vertex 6.071938e-02 1.944349e-02 -5.458388e-04
      endloop
   endfacet
   facet normal -2.877997e-02 9.918584e-01 1.240510e-01
      outer loop
         vertex 6.208281e-02 1.952983e-02 -9.198666e-04
         vertex 6.071938e-02 1.944349e-02 -5.458388e-04
         vertex 6.213536e-02 1.936543e-02 4.068036e-04
      endloop
   endfacet
   facet normal 4.019513e-02 9.989472e-01 2.210880e-02
      outer loop
         vertex 6.213536e-02 1.936543e-02 4.068036e-04
         vertex 6.071938e-02 1.944349e-02 -5.458388e-04
         vertex 6.072909e-02 1.941311e-02 8.092438e-04
      endloop
   endfacet
   facet normal 1.751382e-02 9.982170e-01 -5.706161e-02
      outer loop
         vertex 6.213536e-02 1.936543e-02 4.068036e-04
         vertex 6.072909e-02 1.941311e-02 8.092438e-04
         vertex 6.212327e-02 1.940327e-02 1.065110e-03
      endloop
   endfacet
   facet normal 3.842340e-02 9.844302e-01 -1.715247e-01
      outer loop
         vertex 6.212327e-02 1.940327e-02 1.065110e-03
         vertex 6.072909e-02 1.941311e-02 8.092438e-04
         vertex 6.069171e-02 1.953005e-02 1.472015e-03
      endloop
   endfacet
   facet normal 3.750952e-02 9.839277e-01 -1.745833e-01
      outer loop
         vertex 6.212327e-02 1.940327e-02 1.065110e-03
         vertex 6.069171e-02 1.953005e-02 1.472015e-03
         vertex 6.208567e-02 1.952090e-02 1.719987e-03
      endloop
   endfacet
   facet normal 4.970466e-02 9.685753e-01 -2.437035e-01
      outer loop
         vertex 6.208567e-02 1.952090e-02 1.719987e-03
         vertex 6.069171e-02 1.953005e-02 1.472015e-03
         vertex 6.063801e-02 1.969803e-02 2.128701e-03
      endloop
   endfacet
   facet normal 1.011392e-01 9.922783e-01 -7.179590e-02
      outer loop
         vertex 6.208567e-02 1.952090e-02 1.719987e-03
         vertex 6.063801e-02 1.969803e-02 2.128701e-03
         vertex 6.207767e-02 1.954591e-02 2.054354e-03
      endloop
   endfacet
   facet normal 9.835315e-02 9.882018e-01 -1.174046e-01
      outer loop
         vertex 6.207767e-02 1.954591e-02 2.054354e-03
         vertex 6.063801e-02 1.969803e-02 2.128701e-03
         vertex 6.062476e-02 1.973948e-02 2.466451e-03
      endloop
   endfacet
   facet normal 1.779026e-01 9.688754e-01 1.721371e-01
      outer loop
         vertex 6.207767e-02 1.954591e-02 2.054354e-03
         vertex 6.062476e-02 1.973948e-02 2.466451e-03
         vertex 6.209715e-02 1.948498e-02 2.377204e-03
      endloop
   endfacet
   facet normal 1.775869e-01 9.707484e-01 1.615872e-01
      outer loop
         vertex 6.209715e-02 1.948498e-02 2.377204e-03
         vertex 6.062476e-02 1.973948e-02 2.466451e-03
         vertex 6.064326e-02 1.968160e-02 2.793815e-03
      endloop
   endfacet
   facet normal 2.448198e-01 8.594782e-01 4.487321e-01
      outer loop
         vertex 6.209715e-02 1.948498e-02 2.377204e-03
         vertex 6.064326e-02 1.968160e-02 2.793815e-03
         vertex 6.212314e-02 1.940368e-02 2.518741e-03
      endloop
   endfacet
   facet normal 2.442336e-01 8.632392e-01 4.417783e-01
      outer loop
         vertex 6.212314e-02 1.940368e-02 2.518741e-03
         vertex 6.064326e-02 1.968160e-02 2.793815e-03
         vertex 6.066957e-02 1.959928e-02 2.940113e-03
      endloop
   endfacet
   facet normal 2.880981e-01 6.726594e-01 6.815636e-01
      outer loop
         vertex 6.212314e-02 1.940368e-02 2.518741e-03
         vertex 6.066957e-02 1.959928e-02 2.940113e-03
         vertex 6.216305e-02 1.927883e-02 2.625091e-03
      endloop
   endfacet
   facet normal 2.878917e-01 7.107356e-01 6.418514e-01
      outer loop
         vertex 6.216305e-02 1.927883e-02 2.625091e-03
         vertex 6.066957e-02 1.959928e-02 2.940113e-03
         vertex 6.070806e-02 1.947891e-02 3.056150e-03
      endloop
   endfacet
   facet normal 3.104620e-01 3.906088e-01 8.666246e-01
      outer loop
         vertex 6.216305e-02 1.927883e-02 2.625091e-03
         vertex 6.070806e-02 1.947891e-02 3.056150e-03
         vertex 6.221240e-02 1.912445e-02 2.676994e-03
      endloop
   endfacet
   facet normal 3.154657e-01 4.388883e-01 8.413432e-01
      outer loop
         vertex 6.221240e-02 1.912445e-02 2.676994e-03
         vertex 6.070806e-02 1.947891e-02 3.056150e-03
         vertex 6.075609e-02 1.932862e-02 3.116535e-03
      endloop
   endfacet
   facet normal 2.968762e-01 6.683215e-02 9.525744e-01
      outer loop
         vertex 6.221240e-02 1.912445e-02 2.676994e-03
         vertex 6.075609e-02 1.932862e-02 3.116535e-03
         vertex 6.226235e-02 1.896820e-02 2.672389e-03
      endloop
   endfacet
   facet normal 3.026599e-01 9.637806e-02 9.482132e-01
      outer loop
         vertex 6.226235e-02 1.896820e-02 2.672389e-03
         vertex 6.075609e-02 1.932862e-02 3.116535e-03
         vertex 6.080685e-02 1.916985e-02 3.116472e-03
      endloop
   endfacet
   facet normal 2.556525e-01 -2.252163e-01 9.401699e-01
      outer loop
         vertex 6.226235e-02 1.896820e-02 2.672389e-03
         vertex 6.080685e-02 1.916985e-02 3.116472e-03
         vertex 6.230967e-02 1.882014e-02 2.624051e-03
      endloop
   endfacet
   facet normal 2.324887e-01 -3.025002e-01 9.243607e-01
      outer loop
         vertex 6.230967e-02 1.882014e-02 2.624051e-03
         vertex 6.080685e-02 1.916985e-02 3.116472e-03
         vertex 6.090269e-02 1.887003e-02 2.994250e-03
      endloop
   endfacet
   facet normal 2.155456e-01 -4.293186e-01 8.770551e-01
      outer loop
         vertex 6.230967e-02 1.882014e-02 2.624051e-03
         vertex 6.090269e-02 1.887003e-02 2.994250e-03
         vertex 6.235358e-02 1.868280e-02 2.546033e-03
      endloop
   endfacet
   facet normal 1.614608e-01 -6.086052e-01 7.768720e-01
      outer loop
         vertex 6.235358e-02 1.868280e-02 2.546033e-03
         vertex 6.090269e-02 1.887003e-02 2.994250e-03
         vertex 6.243181e-02 1.843806e-02 2.338038e-03
      endloop
   endfacet
   facet normal 1.142272e-01 -6.218856e-01 7.747325e-01
      outer loop
         vertex 6.235358e-02 1.868280e-02 2.546033e-03
         vertex 6.243181e-02 1.843806e-02 2.338038e-03
         vertex 6.493479e-02 1.803817e-02 1.648007e-03
      endloop
   endfacet
   facet normal 8.210664e-02 -7.037662e-01 7.056710e-01
      outer loop
         vertex 6.493479e-02 1.803817e-02 1.648007e-03
         vertex 6.243181e-02 1.843806e-02 2.338038e-03
         vertex 6.497085e-02 1.792538e-02 1.531318e-03
      endloop
   endfacet
   facet normal 5.986339e-02 -7.083957e-01 7.032722e-01
      outer loop
         vertex 6.493479e-02 1.803817e-02 1.648007e-03
         vertex 6.497085e-02 1.792538e-02 1.531318e-03
         vertex 6.591839e-02 1.773720e-02 1.261116e-03
      endloop
   endfacet
   facet normal 1.174269e-03 -8.186710e-01 5.742617e-01
      outer loop
         vertex 6.591839e-02 1.773720e-02 1.261116e-03
         vertex 6.497085e-02 1.792538e-02 1.531318e-03
         vertex 6.597736e-02 1.755271e-02 9.979863e-04
      endloop
   endfacet
   facet normal -1.214645e-02 -8.200124e-01 5.722168e-01
      outer loop
         vertex 6.591839e-02 1.773720e-02 1.261116e-03
         vertex 6.597736e-02 1.755271e-02 9.979863e-04
         vertex 6.642908e-02 1.756630e-02 1.027055e-03
      endloop
   endfacet
   facet normal -1.248529e-02 -8.172275e-01 5.761799e-01
      outer loop
         vertex 6.642908e-02 1.756630e-02 1.027055e-03
         vertex 6.597736e-02 1.755271e-02 9.979863e-04
         vertex 6.645887e-02 1.747308e-02 8.954821e-04
      endloop
   endfacet
   facet normal -1.310405e-02 -8.172869e-01 5.760819e-01
      outer loop
         vertex 6.642908e-02 1.756630e-02 1.027055e-03
         vertex 6.645887e-02 1.747308e-02 8.954821e-04
         vertex 6.695057e-02 1.739813e-02 8.003233e-04
      endloop
   endfacet
   facet normal -5.794254e-02 -9.076952e-01 4.156105e-01
      outer loop
         vertex 6.695057e-02 1.739813e-02 8.003233e-04
         vertex 6.645887e-02 1.747308e-02 8.954821e-04
         vertex 6.673615e-02 1.725914e-02 4.668848e-04
      endloop
   endfacet
   facet normal -1.768250e-01 -8.629182e-01 4.733973e-01
      outer loop
         vertex 6.695057e-02 1.739813e-02 8.003233e-04
         vertex 6.673615e-02 1.725914e-02 4.668848e-04
         vertex 6.700374e-02 1.732834e-02 6.929822e-04
      endloop
   endfacet
   facet normal 9.286287e-01 3.709897e-01 3.915210e-03
      outer loop
         vertex 5.336654e-02 1.873772e-02 3.850969e-03
         vertex 5.334312e-02 1.880375e-02 3.149417e-03
         vertex 5.165994e-02 2.300049e-02 4.708122e-03
      endloop
   endfacet
   facet normal 9.444312e-01 3.287090e-01 4.266706e-04
      outer loop
         vertex 5.339799e-02 1.864865e-02 4.708122e-03
         vertex 5.353360e-02 1.825902e-02 4.708122e-03
         vertex 5.341880e-02 1.858945e-02 4.251996e-03
      endloop
   endfacet
   facet normal 9.286588e-01 3.708902e-01 -5.767225e-03
      outer loop
         vertex 5.339799e-02 1.864865e-02 4.708122e-03
         vertex 5.341880e-02 1.858945e-02 4.251996e-03
         vertex 5.165994e-02 2.300049e-02 4.708122e-03
      endloop
   endfacet
   facet normal 9.293583e-01 3.687646e-01 1.748635e-02
      outer loop
         vertex 5.165994e-02 2.300049e-02 4.708122e-03
         vertex 5.341880e-02 1.858945e-02 4.251996e-03
         vertex 5.338364e-02 1.868934e-02 4.013960e-03
      endloop
   endfacet
   facet normal 9.291394e-01 3.695283e-01 1.219938e-02
      outer loop
         vertex 5.165994e-02 2.300049e-02 4.708122e-03
         vertex 5.338364e-02 1.868934e-02 4.013960e-03
         vertex 5.336654e-02 1.873772e-02 3.850969e-03
      endloop
   endfacet
   facet normal 9.271556e-01 3.746034e-01 -7.405303e-03
      outer loop
         vertex 5.334312e-02 1.880375e-02 3.149417e-03
         vertex 5.341461e-02 1.860139e-02 1.863244e-03
         vertex 5.165994e-02 2.300049e-02 4.708122e-03
      endloop
   endfacet
   facet normal 9.274940e-01 3.737910e-01 -5.940357e-03
      outer loop
         vertex 5.165994e-02 2.300049e-02 4.708122e-03
         vertex 5.341461e-02 1.860139e-02 1.863244e-03
         vertex 5.347464e-02 1.842953e-02 4.231247e-04
      endloop
   endfacet
   facet normal 9.289175e-01 3.702834e-01 -1.595813e-03
      outer loop
         vertex 5.165994e-02 2.300049e-02 4.708122e-03
         vertex 5.347464e-02 1.842953e-02 4.231247e-04
         vertex 5.348331e-02 1.840458e-02 -3.188064e-04
      endloop
   endfacet
   facet normal 9.302388e-01 3.669497e-01 1.931299e-03
      outer loop
         vertex 5.348331e-02 1.840458e-02 -3.188064e-04
         vertex 5.346806e-02 1.844846e-02 -1.309721e-03
         vertex 5.165994e-02 2.300049e-02 4.708122e-03
      endloop
   endfacet
   facet normal 9.317660e-01 3.630197e-01 5.362926e-03
      outer loop
         vertex 5.165994e-02 2.300049e-02 4.708122e-03
         vertex 5.346806e-02 1.844846e-02 -1.309721e-03
         vertex 5.340966e-02 1.861547e-02 -2.467831e-03
      endloop
   endfacet
   facet normal 9.327076e-01 3.605636e-01 7.093330e-03
      outer loop
         vertex 5.165994e-02 2.300049e-02 4.708122e-03
         vertex 5.340966e-02 1.861547e-02 -2.467831e-03
         vertex 5.336709e-02 1.873617e-02 -3.004860e-03
      endloop
   endfacet
   facet normal 9.331601e-01 3.593752e-01 7.850505e-03
      outer loop
         vertex 5.336709e-02 1.873617e-02 -3.004860e-03
         vertex 5.316619e-02 1.929439e-02 -4.678837e-03
         vertex 5.165994e-02 2.300049e-02 4.708122e-03
      endloop
   endfacet
   facet normal 9.322045e-01 3.618696e-01 6.712354e-03
      outer loop
         vertex 5.165994e-02 2.300049e-02 4.708122e-03
         vertex 5.316619e-02 1.929439e-02 -4.678837e-03
         vertex 5.289343e-02 2.002437e-02 -6.152912e-03
      endloop
   endfacet
   facet normal 9.302840e-01 3.668041e-01 5.142095e-03
      outer loop
         vertex 5.165994e-02 2.300049e-02 4.708122e-03
         vertex 5.289343e-02 2.002437e-02 -6.152912e-03
         vertex 5.276482e-02 2.035831e-02 -6.706755e-03
      endloop
   endfacet
   facet normal 9.281554e-01 3.721745e-01 3.693000e-03
      outer loop
         vertex 5.276482e-02 2.035831e-02 -6.706755e-03
         vertex 5.253480e-02 2.094045e-02 -7.561944e-03
         vertex 5.165994e-02 2.300049e-02 4.708122e-03
      endloop
   endfacet
   facet normal 9.240776e-01 3.822010e-01 1.718899e-03
      outer loop
         vertex 5.165994e-02 2.300049e-02 4.708122e-03
         vertex 5.253480e-02 2.094045e-02 -7.561944e-03
         vertex 5.217595e-02 2.181302e-02 -8.665256e-03
      endloop
   endfacet
   facet normal 9.171475e-01 3.985479e-01 0.000000e+00
      outer loop
         vertex 5.165994e-02 2.300049e-02 4.708122e-03
         vertex 5.217595e-02 2.181302e-02 -8.665256e-03
         vertex 5.165994e-02 2.300049e-02 -9.984288e-03
      endloop
   endfacet
   facet normal 9.383431e-01 3.457044e-01 7.612295e-04
      outer loop
         vertex 5.279104e-02 2.029076e-02 -1.168768e-02
         vertex 5.345894e-02 1.847465e-02 -1.022152e-02
         vertex 5.339855e-02 1.864704e-02 -1.407223e-02
      endloop
   endfacet
   facet normal 9.668774e-01 2.552412e-01 2.409053e-07
      outer loop
         vertex 5.477107e-02 1.416476e-02 -5.174783e-03
         vertex 5.477107e-02 1.416477e-02 -1.109525e-02
         vertex 5.470265e-02 1.442394e-02 -5.661703e-03
      endloop
   endfacet
   facet normal 9.648149e-01 2.629299e-01 -3.924693e-04
      outer loop
         vertex 5.470265e-02 1.442394e-02 -5.661703e-03
         vertex 5.477107e-02 1.416477e-02 -1.109525e-02
         vertex 5.451835e-02 1.509866e-02 -6.714247e-03
      endloop
   endfacet
   facet normal 9.543219e-01 2.987715e-01 -2.292022e-03
      outer loop
         vertex 5.456569e-02 1.492842e-02 -1.284544e-02
         vertex 5.339855e-02 1.864704e-02 -1.407223e-02
         vertex 5.455649e-02 1.496167e-02 -1.234321e-02
      endloop
   endfacet
   facet normal 9.542274e-01 2.990780e-01 -1.575362e-03
      outer loop
         vertex 5.455649e-02 1.496167e-02 -1.234321e-02
         vertex 5.339855e-02 1.864704e-02 -1.407223e-02
         vertex 5.345894e-02 1.847465e-02 -1.022152e-02
      endloop
   endfacet
   facet normal 9.556750e-01 2.943399e-01 7.018674e-03
      outer loop
         vertex 5.455649e-02 1.496167e-02 -1.234321e-02
         vertex 5.345894e-02 1.847465e-02 -1.022152e-02
         vertex 5.458313e-02 1.486519e-02 -1.192459e-02
      endloop
   endfacet
   facet normal 9.512941e-01 3.073862e-01 -2.352335e-02
      outer loop
         vertex 5.458313e-02 1.486519e-02 -1.192459e-02
         vertex 5.345894e-02 1.847465e-02 -1.022152e-02
         vertex 5.359814e-02 1.807031e-02 -9.875989e-03
      endloop
   endfacet
   facet normal 9.583166e-01 2.853488e-01 1.433148e-02
      outer loop
         vertex 5.458313e-02 1.486519e-02 -1.192459e-02
         vertex 5.359814e-02 1.807031e-02 -9.875989e-03
         vertex 5.465055e-02 1.461803e-02 -1.151143e-02
      endloop
   endfacet
   facet normal 9.541102e-01 2.989659e-01 -1.711984e-02
      outer loop
         vertex 5.465055e-02 1.461803e-02 -1.151143e-02
         vertex 5.359814e-02 1.807031e-02 -9.875989e-03
         vertex 5.392664e-02 1.707406e-02 -8.965963e-03
      endloop
   endfacet
   facet normal 9.630044e-01 2.691103e-01 1.421611e-02
      outer loop
         vertex 5.465055e-02 1.461803e-02 -1.151143e-02
         vertex 5.392664e-02 1.707406e-02 -8.965963e-03
         vertex 5.477107e-02 1.416477e-02 -1.109525e-02
      endloop
   endfacet
   facet normal 9.583615e-01 2.853872e-01 -9.864593e-03
      outer loop
         vertex 5.477107e-02 1.416477e-02 -1.109525e-02
         vertex 5.392664e-02 1.707406e-02 -8.965963e-03
         vertex 5.425978e-02 1.599430e-02 -7.838673e-03
      endloop
   endfacet
   facet normal 9.617318e-01 2.739768e-01 -2.925176e-03
      outer loop
         vertex 5.477107e-02 1.416477e-02 -1.109525e-02
         vertex 5.425978e-02 1.599430e-02 -7.838673e-03
         vertex 5.451835e-02 1.509866e-02 -6.714247e-03
      endloop
   endfacet
   facet normal 9.668449e-01 2.553645e-01 3.124938e-05
      outer loop
         vertex 5.477106e-02 1.416476e-02 -1.383410e-02
         vertex 5.477107e-02 1.416476e-02 -1.407223e-02
         vertex 5.469757e-02 1.444298e-02 -1.364779e-02
      endloop
   endfacet
   facet normal 9.558450e-01 2.926885e-01 -2.633916e-02
      outer loop
         vertex 5.469757e-02 1.444298e-02 -1.364779e-02
         vertex 5.477107e-02 1.416476e-02 -1.407223e-02
         vertex 5.339855e-02 1.864704e-02 -1.407223e-02
      endloop
   endfacet
   facet normal 9.558497e-01 2.924338e-01 -2.887683e-02
      outer loop
         vertex 5.469757e-02 1.444298e-02 -1.364779e-02
         vertex 5.339855e-02 1.864704e-02 -1.407223e-02
         vertex 5.461268e-02 1.475738e-02 -1.327356e-02
      endloop
   endfacet
   facet normal 9.552607e-01 2.954710e-01 -1.318962e-02
      outer loop
         vertex 5.461268e-02 1.475738e-02 -1.327356e-02
         vertex 5.339855e-02 1.864704e-02 -1.407223e-02
         vertex 5.456569e-02 1.492842e-02 -1.284544e-02
      endloop
   endfacet
   facet normal 9.286800e-01 3.708820e-01 -2.318230e-06
      outer loop
         vertex 5.165994e-02 2.300049e-02 -1.407223e-02
         vertex 5.165994e-02 2.300049e-02 -1.377423e-02
         vertex 5.339855e-02 1.864704e-02 -1.407223e-02
      endloop
   endfacet
   facet normal 9.266948e-01 3.731481e-01 -4.469026e-02
      outer loop
         vertex 5.339855e-02 1.864704e-02 -1.407223e-02
         vertex 5.165994e-02 2.300049e-02 -1.377423e-02
         vertex 5.191831e-02 2.241519e-02 -1.330359e-02
      endloop
   endfacet
   facet normal 9.294137e-01 3.686329e-01 -1.731881e-02
      outer loop
         vertex 5.339855e-02 1.864704e-02 -1.407223e-02
         vertex 5.191831e-02 2.241519e-02 -1.330359e-02
         vertex 5.279104e-02 2.029076e-02 -1.168768e-02
      endloop
   endfacet
   facet normal -7.591409e-02 6.276569e-01 7.747798e-01
      outer loop
         vertex 5.293592e-02 2.318611e-02 -1.135574e-02
         vertex 5.276446e-02 2.349225e-02 -1.162055e-02
         vertex 5.242752e-02 2.334224e-02 -1.153204e-02
      endloop
   endfacet
   facet normal -3.522278e-02 6.955778e-01 7.175869e-01
      outer loop
         vertex 5.293592e-02 2.318611e-02 -1.135574e-02
         vertex 5.242752e-02 2.334224e-02 -1.153204e-02
         vertex 5.237974e-02 2.303623e-02 -1.123776e-02
      endloop
   endfacet
   facet normal 1.410765e-01 6.746912e-01 7.244924e-01
      outer loop
         vertex 5.242752e-02 2.334224e-02 -1.153204e-02
         vertex 5.225871e-02 2.326708e-02 -1.142917e-02
         vertex 5.237974e-02 2.303623e-02 -1.123776e-02
      endloop
   endfacet
   facet normal 2.713832e-01 6.946613e-01 6.661808e-01
      outer loop
         vertex 5.237974e-02 2.303623e-02 -1.123776e-02
         vertex 5.225871e-02 2.326708e-02 -1.142917e-02
         vertex 5.213112e-02 2.321027e-02 -1.131796e-02
      endloop
   endfacet
   facet normal 3.245978e-01 7.369276e-01 5.929367e-01
      outer loop
         vertex 5.237974e-02 2.303623e-02 -1.123776e-02
         vertex 5.213112e-02 2.321027e-02 -1.131796e-02
         vertex 5.203928e-02 2.304071e-02 -1.105694e-02
      endloop
   endfacet
   facet normal 2.832773e-01 7.556439e-01 5.905559e-01
      outer loop
         vertex 5.203928e-02 2.304071e-02 -1.105694e-02
         vertex 5.213112e-02 2.321027e-02 -1.131796e-02
         vertex 5.209584e-02 2.319456e-02 -1.128093e-02
      endloop
   endfacet
   facet normal 5.794800e-01 5.960964e-01 5.557625e-01
      outer loop
         vertex 5.203928e-02 2.304071e-02 -1.105694e-02
         vertex 5.209584e-02 2.319456e-02 -1.128093e-02
         vertex 5.185127e-02 2.308567e-02 -1.090914e-02
      endloop
   endfacet
   facet normal 0.000000e+00 0.000000e+00 -1.000000e+00
      outer loop
         vertex 4.088065e-02 1.427744e-02 -7.493625e-03
         vertex 3.954758e-02 1.760772e-02 -7.493625e-03
         vertex 4.625595e-02 2.059448e-02 -7.493625e-03
      endloop
   endfacet
   facet normal -0.000000e+00 0.000000e+00 -1.000000e+00
      outer loop
         vertex 4.904408e-02 1.268366e-02 -7.493625e-03
         vertex 4.193475e-02 1.084506e-02 -7.493625e-03
         vertex 4.826769e-02 1.534923e-02 -7.493625e-03
      endloop
   endfacet
   facet normal 0.000000e+00 0.000000e+00 -1.000000e+00
      outer loop
         vertex 4.826769e-02 1.534923e-02 -7.493625e-03
         vertex 4.193475e-02 1.084506e-02 -7.493625e-03
         vertex 4.088065e-02 1.427744e-02 -7.493625e-03
      endloop
   endfacet
   facet normal -0.000000e+00 0.000000e+00 -1.000000e+00
      outer loop
         vertex 4.826769e-02 1.534923e-02 -7.493625e-03
         vertex 4.088065e-02 1.427744e-02 -7.493625e-03
         vertex 4.732548e-02 1.802328e-02 -7.493625e-03
      endloop
   endfacet
   facet normal -0.000000e+00 0.000000e+00 -1.000000e+00
      outer loop
         vertex 4.732548e-02 1.802328e-02 -7.493625e-03
         vertex 4.088065e-02 1.427744e-02 -7.493625e-03
         vertex 4.625595e-02 2.059448e-02 -7.493625e-03
      endloop
   endfacet
   facet normal -0.000000e+00 0.000000e+00 -1.000000e+00
      outer loop
         vertex 5.235932e-02 1.354104e-02 -1.008443e-02
         vertex 5.196197e-02 1.343828e-02 -1.008443e-02
         vertex 5.175603e-02 1.566874e-02 -1.008443e-02
      endloop
   endfacet
   facet normal -0.000000e+00 -0.000000e+00 -1.000000e+00
      outer loop
         vertex 5.175603e-02 1.566874e-02 -1.008443e-02
         vertex 5.196197e-02 1.343828e-02 -1.008443e-02
         vertex 5.065925e-02 1.769048e-02 -1.008443e-02
      endloop
   endfacet
   facet normal 0.000000e+00 0.000000e+00 -1.000000e+00
      outer loop
         vertex 5.175603e-02 1.566874e-02 -1.008443e-02
         vertex 5.065925e-02 1.769048e-02 -1.008443e-02
         vertex 5.104782e-02 1.782267e-02 -1.008443e-02
      endloop
   endfacet
   facet normal -0.000000e+00 0.000000e+00 -1.000000e+00
      outer loop
         vertex 5.104782e-02 1.782267e-02 -1.008443e-02
         vertex 5.065925e-02 1.769048e-02 -1.008443e-02
         vertex 5.024952e-02 1.994632e-02 -1.008443e-02
      endloop
   endfacet
   facet normal -0.000000e+00 -0.000000e+00 -1.000000e+00
      outer loop
         vertex 5.024952e-02 1.994632e-02 -1.008443e-02
         vertex 5.065925e-02 1.769048e-02 -1.008443e-02
         vertex 4.900927e-02 2.182033e-02 -1.008443e-02
      endloop
   endfacet
   facet normal 0.000000e+00 0.000000e+00 -1.000000e+00
      outer loop
         vertex 5.024952e-02 1.994632e-02 -1.008443e-02
         vertex 4.900927e-02 2.182033e-02 -1.008443e-02
         vertex 4.938421e-02 2.198727e-02 -1.008443e-02
      endloop
   endfacet
   facet normal -0.000000e+00 0.000000e+00 -1.000000e+00
      outer loop
         vertex 2.551764e-02 6.599312e-03 -1.854263e-02
         vertex 1.058852e-02 2.738377e-03 -1.854263e-02
         vertex 2.488157e-02 8.658455e-03 -1.854263e-02
      endloop
   endfacet
   facet normal 0.000000e+00 0.000000e+00 -1.000000e+00
      outer loop
         vertex 2.488157e-02 8.658455e-03 -1.854263e-02
         vertex 1.058852e-02 2.738377e-03 -1.854263e-02
         vertex 9.969322e-03 4.438628e-03 -1.854263e-02
      endloop
   endfacet
   facet normal -0.000000e+00 0.000000e+00 -1.000000e+00
      outer loop
         vertex 2.488157e-02 8.658455e-03 -1.854263e-02
         vertex 9.969322e-03 4.438628e-03 -1.854263e-02
         vertex 2.405640e-02 1.071060e-02 -1.854263e-02
      endloop
   endfacet
   facet normal 0.000000e+00 0.000000e+00 -1.000000e+00
      outer loop
         vertex 5.098315e-02 2.269916e-02 -1.407223e-02
         vertex 5.165994e-02 2.300049e-02 -1.407223e-02
         vertex 5.269869e-02 1.840406e-02 -1.407223e-02
      endloop
   endfacet
   facet normal 0.000000e+00 0.000000e+00 -1.000000e+00
      outer loop
         vertex 5.269869e-02 1.840406e-02 -1.407223e-02
         vertex 5.165994e-02 2.300049e-02 -1.407223e-02
         vertex 5.339855e-02 1.864704e-02 -1.407223e-02
      endloop
   endfacet
   facet normal 0.000000e+00 0.000000e+00 -1.000000e+00
      outer loop
         vertex 5.269869e-02 1.840406e-02 -1.407223e-02
         vertex 5.339855e-02 1.864704e-02 -1.407223e-02
         vertex 5.405383e-02 1.397927e-02 -1.407223e-02
      endloop
   endfacet
   facet normal 0.000000e+00 0.000000e+00 -1.000000e+00
      outer loop
         vertex 5.405383e-02 1.397927e-02 -1.407223e-02
         vertex 5.339855e-02 1.864704e-02 -1.407223e-02
         vertex 5.477107e-02 1.416476e-02 -1.407223e-02
      endloop
   endfacet
   facet normal 0.000000e+00 -0.000000e+00 1.000000e+00
      outer loop
         vertex 1.058852e-02 2.738377e-03 1.854263e-02
         vertex 2.381286e-02 6.158424e-03 1.854263e-02
         vertex 9.969322e-03 4.438628e-03 1.854263e-02
      endloop
   endfacet
   facet normal 0.000000e+00 0.000000e+00 1.000000e+00
      outer loop
         vertex 9.969322e-03 4.438628e-03 1.854263e-02
         vertex 2.381286e-02 6.158424e-03 1.854263e-02
         vertex 2.244776e-02 9.994387e-03 1.854263e-02
      endloop
   endfacet
   facet normal 8.876242e-01 3.671950e-01 2.780129e-01
      outer loop
         vertex 5.356307e-02 1.817909e-02 4.708156e-03
         vertex 5.364016e-02 1.799256e-02 4.708384e-03
         vertex 5.377831e-02 1.783440e-02 4.476209e-03
      endloop
   endfacet
   facet normal 9.816715e-01 1.369989e-01 1.324851e-01
      outer loop
         vertex 5.462160e-02 1.472469e-02 3.541066e-03
         vertex 5.455782e-02 1.521451e-02 3.507130e-03
         vertex 5.441046e-02 1.573098e-02 4.064961e-03
      endloop
   endfacet
   facet normal 7.090012e-01 6.179143e-01 3.398518e-01
      outer loop
         vertex 5.185127e-02 2.308567e-02 -1.090914e-02
         vertex 5.172341e-02 2.302874e-02 -1.053888e-02
         vertex 5.183313e-02 2.282965e-02 -1.040580e-02
      endloop
   endfacet
   facet normal -1.196187e-02 6.455212e-01 7.636486e-01
      outer loop
         vertex 5.293592e-02 2.318611e-02 -1.135574e-02
         vertex 5.237974e-02 2.303623e-02 -1.123776e-02
         vertex 5.266828e-02 2.268492e-02 -1.093628e-02
      endloop
   endfacet
   facet normal -1.145694e-01 6.728597e-01 7.308445e-01
      outer loop
         vertex 5.293592e-02 2.318611e-02 -1.135574e-02
         vertex 5.266828e-02 2.268492e-02 -1.093628e-02
         vertex 5.334352e-02 2.229060e-02 -1.046739e-02
      endloop
   endfacet
   facet normal -6.296914e-02 7.173025e-01 6.939107e-01
      outer loop
         vertex 5.334352e-02 2.229060e-02 -1.046739e-02
         vertex 5.266828e-02 2.268492e-02 -1.093628e-02
         vertex 5.316905e-02 2.149861e-02 -9.664529e-03
      endloop
   endfacet
   facet normal -1.272143e-01 7.198060e-01 6.824191e-01
      outer loop
         vertex 5.334352e-02 2.229060e-02 -1.046739e-02
         vertex 5.316905e-02 2.149861e-02 -9.664529e-03
         vertex 5.386521e-02 2.104169e-02 -9.052802e-03
      endloop
   endfacet
   facet normal -6.791267e-02 7.607332e-01 6.455020e-01
      outer loop
         vertex 5.386521e-02 2.104169e-02 -9.052802e-03
         vertex 5.316905e-02 2.149861e-02 -9.664529e-03
         vertex 5.363592e-02 2.038679e-02 -8.305114e-03
      endloop
   endfacet
   facet normal -1.602153e-01 7.663542e-01 6.221192e-01
      outer loop
         vertex 5.386521e-02 2.104169e-02 -9.052802e-03
         vertex 5.363592e-02 2.038679e-02 -8.305114e-03
         vertex 5.427226e-02 2.008244e-02 -7.766322e-03
      endloop
   endfacet
   facet normal -8.928391e-02 8.183632e-01 5.677235e-01
      outer loop
         vertex 5.427226e-02 2.008244e-02 -7.766322e-03
         vertex 5.363592e-02 2.038679e-02 -8.305114e-03
         vertex 5.403749e-02 1.937776e-02 -6.787456e-03
      endloop
   endfacet
   facet normal -1.787744e-01 8.183309e-01 5.462365e-01
      outer loop
         vertex 5.427226e-02 2.008244e-02 -7.766322e-03
         vertex 5.403749e-02 1.937776e-02 -6.787456e-03
         vertex 5.458236e-02 1.930103e-02 -6.494176e-03
      endloop
   endfacet
   facet normal -1.271868e-01 8.758871e-01 4.654517e-01
      outer loop
         vertex 5.458236e-02 1.930103e-02 -6.494176e-03
         vertex 5.403749e-02 1.937776e-02 -6.787456e-03
         vertex 5.435308e-02 1.854158e-02 -5.127701e-03
      endloop
   endfacet
   facet normal -1.613735e-01 8.738705e-01 4.585946e-01
      outer loop
         vertex 5.458236e-02 1.930103e-02 -6.494176e-03
         vertex 5.435308e-02 1.854158e-02 -5.127701e-03
         vertex 5.481514e-02 1.869218e-02 -5.252082e-03
      endloop
   endfacet
   facet normal -1.980320e-01 9.094868e-01 3.655366e-01
      outer loop
         vertex 5.481514e-02 1.869218e-02 -5.252082e-03
         vertex 5.435308e-02 1.854158e-02 -5.127701e-03
         vertex 5.498958e-02 1.822607e-02 -3.997860e-03
      endloop
   endfacet
   facet normal -1.258794e-01 9.348521e-01 3.319728e-01
      outer loop
         vertex 5.498958e-02 1.822607e-02 -3.997860e-03
         vertex 5.435308e-02 1.854158e-02 -5.127701e-03
         vertex 5.457580e-02 1.792997e-02 -3.320915e-03
      endloop
   endfacet
   facet normal -2.007996e-01 9.366581e-01 2.869689e-01
      outer loop
         vertex 5.498958e-02 1.822607e-02 -3.997860e-03
         vertex 5.457580e-02 1.792997e-02 -3.320915e-03
         vertex 5.505925e-02 1.803852e-02 -3.336946e-03
      endloop
   endfacet
   facet normal -2.604406e-01 9.589581e-01 -1.121162e-01
      outer loop
         vertex 5.524157e-02 1.780798e-02 1.310226e-03
         vertex 5.524617e-02 1.771619e-02 5.144903e-04
         vertex 5.475324e-02 1.758202e-02 5.118976e-04
      endloop
   endfacet
   facet normal -2.619481e-01 9.634227e-01 -5.656679e-02
      outer loop
         vertex 5.475324e-02 1.758202e-02 5.118976e-04
         vertex 5.524617e-02 1.771619e-02 5.144903e-04
         vertex 5.524181e-02 1.768603e-02 2.098740e-05
      endloop
   endfacet
   facet normal -1.939109e-01 9.809067e-01 1.484976e-02
      outer loop
         vertex 5.475324e-02 1.758202e-02 5.118976e-04
         vertex 5.524181e-02 1.768603e-02 2.098740e-05
         vertex 5.470449e-02 1.760172e-02 -1.426540e-03
      endloop
   endfacet
   facet normal -2.186260e-01 9.755052e-01 2.433844e-02
      outer loop
         vertex 5.470449e-02 1.760172e-02 -1.426540e-03
         vertex 5.524181e-02 1.768603e-02 2.098740e-05
         vertex 5.520010e-02 1.771087e-02 -1.349177e-03
      endloop
   endfacet
   facet normal -2.384336e-01 9.540466e-01 1.815063e-01
      outer loop
         vertex 5.470449e-02 1.760172e-02 -1.426540e-03
         vertex 5.520010e-02 1.771087e-02 -1.349177e-03
         vertex 5.457580e-02 1.792997e-02 -3.320915e-03
      endloop
   endfacet
   facet normal -9.183794e-02 9.860741e-01 1.386495e-01
      outer loop
         vertex 5.457580e-02 1.792997e-02 -3.320915e-03
         vertex 5.520010e-02 1.771087e-02 -1.349177e-03
         vertex 5.511788e-02 1.788806e-02 -2.663797e-03
      endloop
   endfacet
   facet normal -2.059004e-01 9.510367e-01 2.305086e-01
      outer loop
         vertex 5.457580e-02 1.792997e-02 -3.320915e-03
         vertex 5.511788e-02 1.788806e-02 -2.663797e-03
         vertex 5.505925e-02 1.803852e-02 -3.336946e-03
      endloop
   endfacet
   facet normal -3.325836e-01 8.768980e-01 3.470419e-01
      outer loop
         vertex 5.510772e-02 1.802720e-02 3.609689e-03
         vertex 5.510960e-02 1.806451e-02 3.517217e-03
         vertex 5.488138e-02 1.797843e-02 3.515999e-03
      endloop
   endfacet
   facet normal -3.505644e-01 9.276625e-01 1.286352e-01
      outer loop
         vertex 5.488138e-02 1.797843e-02 3.515999e-03
         vertex 5.510960e-02 1.806451e-02 3.517217e-03
         vertex 5.512230e-02 1.810414e-02 3.266004e-03
      endloop
   endfacet
   facet normal -9.711735e-02 4.549853e-01 8.851873e-01
      outer loop
         vertex 5.485506e-02 1.765032e-02 3.877473e-03
         vertex 5.509517e-02 1.786513e-02 3.793408e-03
         vertex 5.486505e-02 1.775992e-02 3.822235e-03
      endloop
   endfacet
   facet normal -1.892261e-01 6.220878e-01 7.597370e-01
      outer loop
         vertex 5.486505e-02 1.775992e-02 3.822235e-03
         vertex 5.509517e-02 1.786513e-02 3.793408e-03
         vertex 5.510114e-02 1.792769e-02 3.743670e-03
      endloop
   endfacet
   facet normal -2.056794e-01 6.372610e-01 7.426940e-01
      outer loop
         vertex 5.486505e-02 1.775992e-02 3.822235e-03
         vertex 5.510114e-02 1.792769e-02 3.743670e-03
         vertex 5.487183e-02 1.785121e-02 3.745786e-03
      endloop
   endfacet
   facet normal -2.555917e-01 7.820924e-01 5.683348e-01
      outer loop
         vertex 5.487183e-02 1.785121e-02 3.745786e-03
         vertex 5.510114e-02 1.792769e-02 3.743670e-03
         vertex 5.510772e-02 1.802720e-02 3.609689e-03
      endloop
   endfacet
   facet normal 6.078227e-03 1.361831e-01 9.906650e-01
      outer loop
         vertex 5.506521e-02 1.760085e-02 3.882984e-03
         vertex 5.507181e-02 1.766286e-02 3.874420e-03
         vertex 5.485506e-02 1.765032e-02 3.877473e-03
      endloop
   endfacet
   facet normal 1.281523e-04 2.345294e-01 9.721090e-01
      outer loop
         vertex 5.485506e-02 1.765032e-02 3.877473e-03
         vertex 5.507181e-02 1.766286e-02 3.874420e-03
         vertex 5.507855e-02 1.771863e-02 3.860965e-03
      endloop
   endfacet
   facet normal -6.278350e-02 4.238031e-01 9.035758e-01
      outer loop
         vertex 5.485506e-02 1.765032e-02 3.877473e-03
         vertex 5.507855e-02 1.771863e-02 3.860965e-03
         vertex 5.509517e-02 1.786513e-02 3.793408e-03
      endloop
   endfacet
   facet normal -3.185301e-02 -2.399653e-02 9.992045e-01
      outer loop
         vertex 5.506521e-02 1.760085e-02 3.882984e-03
         vertex 5.485506e-02 1.765032e-02 3.877473e-03
         vertex 5.505399e-02 1.744016e-02 3.878767e-03
      endloop
   endfacet
   facet normal 1.205904e-01 1.202069e-01 9.853975e-01
      outer loop
         vertex 5.505399e-02 1.744016e-02 3.878767e-03
         vertex 5.485506e-02 1.765032e-02 3.877473e-03
         vertex 5.484473e-02 1.736904e-02 3.913051e-03
      endloop
   endfacet
   facet normal 2.239870e-01 -1.991659e-01 9.540245e-01
      outer loop
         vertex 5.505399e-02 1.744016e-02 3.878767e-03
         vertex 5.484473e-02 1.736904e-02 3.913051e-03
         vertex 5.506269e-02 1.726339e-02 3.839822e-03
      endloop
   endfacet
   facet normal 2.979243e-01 -3.106361e-01 9.026330e-01
      outer loop
         vertex 5.506269e-02 1.726339e-02 3.839822e-03
         vertex 5.463617e-02 1.729038e-02 3.989890e-03
         vertex 5.509321e-02 1.697871e-02 3.731779e-03
      endloop
   endfacet
   facet normal 3.824198e-01 -1.883485e-01 9.045883e-01
      outer loop
         vertex 5.509321e-02 1.697871e-02 3.731779e-03
         vertex 5.463617e-02 1.729038e-02 3.989890e-03
         vertex 5.471658e-02 1.680198e-02 3.854201e-03
      endloop
   endfacet
   facet normal 4.404811e-01 -3.730380e-01 8.165899e-01
      outer loop
         vertex 5.509321e-02 1.697871e-02 3.731779e-03
         vertex 5.471658e-02 1.680198e-02 3.854201e-03
         vertex 5.512127e-02 1.677934e-02 3.625562e-03
      endloop
   endfacet
   facet normal 4.118604e-01 -4.772829e-01 7.762551e-01
      outer loop
         vertex 5.512127e-02 1.677934e-02 3.625562e-03
         vertex 5.471658e-02 1.680198e-02 3.854201e-03
         vertex 5.517673e-02 1.650528e-02 3.427626e-03
      endloop
   endfacet
   facet normal 5.851771e-01 -6.460466e-01 4.900934e-01
      outer loop
         vertex 5.506049e-02 1.548917e-02 2.502268e-03
         vertex 5.545712e-02 1.554330e-02 2.100041e-03
         vertex 5.531673e-02 1.599329e-02 2.860840e-03
      endloop
   endfacet
   facet normal 5.139161e-01 -7.562186e-01 4.049984e-01
      outer loop
         vertex 5.545712e-02 1.554330e-02 2.100041e-03
         vertex 5.506049e-02 1.548917e-02 2.502268e-03
         vertex 5.556295e-02 1.520347e-02 1.331200e-03
      endloop
   endfacet
   facet normal 6.069194e-01 -6.719916e-01 4.243539e-01
      outer loop
         vertex 5.556295e-02 1.520347e-02 1.331200e-03
         vertex 5.506049e-02 1.548917e-02 2.502268e-03
         vertex 5.515909e-02 1.516473e-02 1.847462e-03
      endloop
   endfacet
   facet normal 5.215031e-01 -7.783618e-01 3.495533e-01
      outer loop
         vertex 5.556295e-02 1.520347e-02 1.331200e-03
         vertex 5.515909e-02 1.516473e-02 1.847462e-03
         vertex 5.559282e-02 1.509474e-02 1.044531e-03
      endloop
   endfacet
   facet normal 4.947147e-01 -8.010299e-01 3.370584e-01
      outer loop
         vertex 5.559282e-02 1.509474e-02 1.044531e-03
         vertex 5.515909e-02 1.516473e-02 1.847462e-03
         vertex 5.529885e-02 1.465776e-02 4.375018e-04
      endloop
   endfacet
   facet normal 5.898575e-01 -7.632155e-01 2.637615e-01
      outer loop
         vertex 5.559282e-02 1.509474e-02 1.044531e-03
         vertex 5.529885e-02 1.465776e-02 4.375018e-04
         vertex 5.566402e-02 1.481935e-02 8.844041e-05
      endloop
   endfacet
   facet normal 5.568851e-01 -8.034338e-01 2.106495e-01
      outer loop
         vertex 5.566402e-02 1.481935e-02 8.844041e-05
         vertex 5.529885e-02 1.465776e-02 4.375018e-04
         vertex 5.533549e-02 1.458016e-02 4.467887e-05
      endloop
   endfacet
   facet normal 5.595382e-01 -8.047817e-01 1.980995e-01
      outer loop
         vertex 5.566402e-02 1.481935e-02 8.844041e-05
         vertex 5.533549e-02 1.458016e-02 4.467887e-05
         vertex 5.566794e-02 1.480419e-02 1.579823e-05
      endloop
   endfacet
   facet normal 9.139016e-01 -3.788450e-01 1.458089e-01
      outer loop
         vertex 5.507828e-02 1.424421e-02 1.000564e-04
         vertex 5.503712e-02 1.430403e-02 5.134525e-04
         vertex 5.496395e-02 1.421464e-02 7.398468e-04
      endloop
   endfacet
   facet normal 9.396397e-01 -2.833293e-01 1.918378e-01
      outer loop
         vertex 5.496395e-02 1.421464e-02 7.398468e-04
         vertex 5.503712e-02 1.430403e-02 5.134525e-04
         vertex 5.489665e-02 1.482565e-02 1.971904e-03
      endloop
   endfacet
   facet normal 9.780557e-01 -1.603939e-01 1.329695e-01
      outer loop
         vertex 5.496395e-02 1.421464e-02 7.398468e-04
         vertex 5.489665e-02 1.482565e-02 1.971904e-03
         vertex 5.480554e-02 1.417368e-02 1.855616e-03
      endloop
   endfacet
   facet normal 9.865813e-01 1.348377e-01 9.206590e-02
      outer loop
         vertex 5.455782e-02 1.521451e-02 3.507130e-03
         vertex 5.462160e-02 1.472469e-02 3.541066e-03
         vertex 5.467760e-02 1.478540e-02 2.852028e-03
      endloop
   endfacet
   facet normal 9.901435e-01 1.073665e-01 8.993494e-02
      outer loop
         vertex 5.467760e-02 1.478540e-02 2.852028e-03
         vertex 5.462160e-02 1.472469e-02 3.541066e-03
         vertex 5.477107e-02 1.416476e-02 2.563970e-03
      endloop
   endfacet
   facet normal 9.905309e-01 1.129313e-01 7.807082e-02
      outer loop
         vertex 5.467760e-02 1.478540e-02 2.852028e-03
         vertex 5.477107e-02 1.416476e-02 2.563970e-03
         vertex 5.477431e-02 1.443009e-02 2.138949e-03
      endloop
   endfacet
   facet normal 9.611826e-01 2.500327e-01 1.166693e-01
      outer loop
         vertex 5.421716e-02 1.617388e-02 4.708311e-03
         vertex 5.429338e-02 1.588097e-02 4.708122e-03
         vertex 5.441046e-02 1.573098e-02 4.064961e-03
      endloop
   endfacet
   facet normal 9.760359e-01 1.678025e-01 1.385507e-01
      outer loop
         vertex 5.441046e-02 1.573098e-02 4.064961e-03
         vertex 5.429338e-02 1.588097e-02 4.708122e-03
         vertex 5.447283e-02 1.526039e-02 4.195519e-03
      endloop
   endfacet
   facet normal 9.830476e-01 1.567029e-01 9.519254e-02
      outer loop
         vertex 5.441046e-02 1.573098e-02 4.064961e-03
         vertex 5.447283e-02 1.526039e-02 4.195519e-03
         vertex 5.462160e-02 1.472469e-02 3.541066e-03
      endloop
   endfacet
   facet normal 9.703619e-01 1.583623e-01 1.825355e-01
      outer loop
         vertex 5.441046e-02 1.573098e-02 4.064961e-03
         vertex 5.423506e-02 1.633586e-02 4.472644e-03
         vertex 5.421716e-02 1.617388e-02 4.708311e-03
      endloop
   endfacet
   facet normal 9.524561e-01 2.124704e-01 2.183660e-01
      outer loop
         vertex 5.421716e-02 1.617388e-02 4.708311e-03
         vertex 5.423506e-02 1.633586e-02 4.472644e-03
         vertex 5.404100e-02 1.698654e-02 4.685958e-03
      endloop
   endfacet
   facet normal 9.177605e-01 2.082443e-01 3.381566e-01
      outer loop
         vertex 5.421716e-02 1.617388e-02 4.708311e-03
         vertex 5.404100e-02 1.698654e-02 4.685958e-03
         vertex 5.403567e-02 1.697194e-02 4.709408e-03
      endloop
   endfacet
   facet normal 9.017849e-01 2.439445e-01 3.567565e-01
      outer loop
         vertex 5.403567e-02 1.697194e-02 4.709408e-03
         vertex 5.404100e-02 1.698654e-02 4.685958e-03
         vertex 5.399678e-02 1.711553e-02 4.709523e-03
      endloop
   endfacet
   facet normal 9.366605e-01 2.835048e-01 2.056505e-01
      outer loop
         vertex 5.399678e-02 1.711553e-02 4.709523e-03
         vertex 5.404100e-02 1.698654e-02 4.685958e-03
         vertex 5.394762e-02 1.729215e-02 4.689978e-03
      endloop
   endfacet
   facet normal 8.694834e-01 2.865695e-01 4.023388e-01
      outer loop
         vertex 5.399678e-02 1.711553e-02 4.709523e-03
         vertex 5.394762e-02 1.729215e-02 4.689978e-03
         vertex 5.393704e-02 1.729684e-02 4.709499e-03
      endloop
   endfacet
   facet normal 8.539534e-01 3.592352e-01 3.764487e-01
      outer loop
         vertex 5.393704e-02 1.729684e-02 4.709499e-03
         vertex 5.394762e-02 1.729215e-02 4.689978e-03
         vertex 5.385929e-02 1.757723e-02 4.618283e-03
      endloop
   endfacet
   facet normal 8.695690e-01 3.533270e-01 3.449780e-01
      outer loop
         vertex 5.393704e-02 1.729684e-02 4.709499e-03
         vertex 5.385929e-02 1.757723e-02 4.618283e-03
         vertex 5.380080e-02 1.763257e-02 4.709056e-03
      endloop
   endfacet
   facet normal 8.321998e-01 5.407094e-01 1.227877e-01
      outer loop
         vertex 5.172341e-02 2.302874e-02 -1.053888e-02
         vertex 5.165994e-02 2.300049e-02 -9.984288e-03
         vertex 5.183313e-02 2.282965e-02 -1.040580e-02
      endloop
   endfacet
   facet normal 8.440540e-01 5.185591e-01 1.366357e-01
      outer loop
         vertex 5.183313e-02 2.282965e-02 -1.040580e-02
         vertex 5.165994e-02 2.300049e-02 -9.984288e-03
         vertex 5.217595e-02 2.181302e-02 -8.665256e-03
      endloop
   endfacet
   facet normal 8.525790e-01 5.066764e-01 1.280160e-01
      outer loop
         vertex 5.183313e-02 2.282965e-02 -1.040580e-02
         vertex 5.217595e-02 2.181302e-02 -8.665256e-03
         vertex 5.232065e-02 2.169780e-02 -9.172866e-03
      endloop
   endfacet
   facet normal 3.158884e-01 7.538584e-01 5.761181e-01
      outer loop
         vertex 5.237974e-02 2.303623e-02 -1.123776e-02
         vertex 5.203928e-02 2.304071e-02 -1.105694e-02
         vertex 5.266828e-02 2.268492e-02 -1.093628e-02
      endloop
   endfacet
   facet normal 2.859222e-01 7.199614e-01 6.323796e-01
      outer loop
         vertex 5.266828e-02 2.268492e-02 -1.093628e-02
         vertex 5.203928e-02 2.304071e-02 -1.105694e-02
         vertex 5.220383e-02 2.268354e-02 -1.072470e-02
      endloop
   endfacet
   facet normal 2.700522e-01 7.548133e-01 5.977697e-01
      outer loop
         vertex 5.266828e-02 2.268492e-02 -1.093628e-02
         vertex 5.220383e-02 2.268354e-02 -1.072470e-02
         vertex 5.316905e-02 2.149861e-02 -9.664529e-03
      endloop
   endfacet
   facet normal 2.821473e-01 7.570653e-01 5.892750e-01
      outer loop
         vertex 5.316905e-02 2.149861e-02 -9.664529e-03
         vertex 5.220383e-02 2.268354e-02 -1.072470e-02
         vertex 5.269799e-02 2.152160e-02 -9.468526e-03
      endloop
   endfacet
   facet normal 2.685572e-01 7.887888e-01 5.528918e-01
      outer loop
         vertex 5.316905e-02 2.149861e-02 -9.664529e-03
         vertex 5.269799e-02 2.152160e-02 -9.468526e-03
         vertex 5.363592e-02 2.038679e-02 -8.305114e-03
      endloop
   endfacet
   facet normal 2.664764e-01 7.885087e-01 5.542962e-01
      outer loop
         vertex 5.363592e-02 2.038679e-02 -8.305114e-03
         vertex 5.269799e-02 2.152160e-02 -9.468526e-03
         vertex 5.314844e-02 2.042749e-02 -8.128663e-03
      endloop
   endfacet
   facet normal 2.472426e-01 8.357755e-01 4.902555e-01
      outer loop
         vertex 5.363592e-02 2.038679e-02 -8.305114e-03
         vertex 5.314844e-02 2.042749e-02 -8.128663e-03
         vertex 5.403749e-02 1.937776e-02 -6.787456e-03
      endloop
   endfacet
   facet normal 2.457902e-01 8.356817e-01 4.911449e-01
      outer loop
         vertex 5.403749e-02 1.937776e-02 -6.787456e-03
         vertex 5.314844e-02 2.042749e-02 -8.128663e-03
         vertex 5.353374e-02 1.943874e-02 -6.639127e-03
      endloop
   endfacet
   facet normal 2.261753e-01 8.865286e-01 4.036233e-01
      outer loop
         vertex 5.403749e-02 1.937776e-02 -6.787456e-03
         vertex 5.353374e-02 1.943874e-02 -6.639127e-03
         vertex 5.435308e-02 1.854158e-02 -5.127701e-03
      endloop
   endfacet
   facet normal 2.262427e-01 8.865282e-01 4.035865e-01
      outer loop
         vertex 5.435308e-02 1.854158e-02 -5.127701e-03
         vertex 5.353374e-02 1.943874e-02 -6.639127e-03
         vertex 5.383610e-02 1.862169e-02 -5.013866e-03
      endloop
   endfacet
   facet normal 2.086584e-01 9.338775e-01 2.904041e-01
      outer loop
         vertex 5.435308e-02 1.854158e-02 -5.127701e-03
         vertex 5.383610e-02 1.862169e-02 -5.013866e-03
         vertex 5.457580e-02 1.792997e-02 -3.320915e-03
      endloop
   endfacet
   facet normal 2.086215e-01 9.338803e-01 2.904214e-01
      outer loop
         vertex 5.457580e-02 1.792997e-02 -3.320915e-03
         vertex 5.383610e-02 1.862169e-02 -5.013866e-03
         vertex 5.404857e-02 1.802529e-02 -3.248703e-03
      endloop
   endfacet
   facet normal 1.962247e-01 9.683184e-01 1.544517e-01
      outer loop
         vertex 5.457580e-02 1.792997e-02 -3.320915e-03
         vertex 5.404857e-02 1.802529e-02 -3.248703e-03
         vertex 5.470449e-02 1.760172e-02 -1.426540e-03
      endloop
   endfacet
   facet normal 1.888594e-01 9.693182e-01 1.573354e-01
      outer loop
         vertex 5.470449e-02 1.760172e-02 -1.426540e-03
         vertex 5.404857e-02 1.802529e-02 -3.248703e-03
         vertex 5.416670e-02 1.770223e-02 -1.400224e-03
      endloop
   endfacet
   facet normal 1.839649e-01 9.829182e-01 5.367136e-03
      outer loop
         vertex 5.470449e-02 1.760172e-02 -1.426540e-03
         vertex 5.416670e-02 1.770223e-02 -1.400224e-03
         vertex 5.475324e-02 1.758202e-02 5.118976e-04
      endloop
   endfacet
   facet normal 1.580062e-01 9.873443e-01 1.360818e-02
      outer loop
         vertex 5.475324e-02 1.758202e-02 5.118976e-04
         vertex 5.416670e-02 1.770223e-02 -1.400224e-03
         vertex 5.419814e-02 1.767112e-02 4.925181e-04
      endloop
   endfacet
   facet normal 1.614628e-01 9.792070e-01 -1.228146e-01
      outer loop
         vertex 5.475324e-02 1.758202e-02 5.118976e-04
         vertex 5.419814e-02 1.767112e-02 4.925181e-04
         vertex 5.470345e-02 1.782201e-02 2.359923e-03
      endloop
   endfacet
   facet normal 1.396407e-01 9.832377e-01 -1.172354e-01
      outer loop
         vertex 5.470345e-02 1.782201e-02 2.359923e-03
         vertex 5.419814e-02 1.767112e-02 4.925181e-04
         vertex 5.413774e-02 1.789667e-02 2.312259e-03
      endloop
   endfacet
   facet normal 1.401143e-01 9.822988e-01 -1.243265e-01
      outer loop
         vertex 5.470345e-02 1.782201e-02 2.359923e-03
         vertex 5.413774e-02 1.789667e-02 2.312259e-03
         vertex 5.435897e-02 1.796648e-02 3.113113e-03
      endloop
   endfacet
   facet normal 2.588911e-01 9.534499e-01 -1.546242e-01
      outer loop
         vertex 5.435897e-02 1.796648e-02 3.113113e-03
         vertex 5.413774e-02 1.789667e-02 2.312259e-03
         vertex 5.408049e-02 1.803920e-02 3.095304e-03
      endloop
   endfacet
   facet normal 2.496600e-01 9.672387e-01 4.603372e-02
      outer loop
         vertex 5.435897e-02 1.796648e-02 3.113113e-03
         vertex 5.408049e-02 1.803920e-02 3.095304e-03
         vertex 5.407496e-02 1.801663e-02 3.599686e-03
      endloop
   endfacet
   facet normal 3.184322e-01 8.613882e-01 3.957414e-01
      outer loop
         vertex 5.411074e-02 1.784303e-02 3.968921e-03
         vertex 5.436055e-02 1.780192e-02 3.857387e-03
         vertex 5.434620e-02 1.794548e-02 3.556463e-03
      endloop
   endfacet
   facet normal 7.917965e-02 9.011871e-01 4.261365e-01
      outer loop
         vertex 5.434620e-02 1.794548e-02 3.556463e-03
         vertex 5.436055e-02 1.780192e-02 3.857387e-03
         vertex 5.462139e-02 1.793455e-02 3.528450e-03
      endloop
   endfacet
   facet normal 4.562188e-02 9.972142e-01 5.901256e-02
      outer loop
         vertex 5.434620e-02 1.794548e-02 3.556463e-03
         vertex 5.462139e-02 1.793455e-02 3.528450e-03
         vertex 5.463973e-02 1.795762e-02 3.124378e-03
      endloop
   endfacet
   facet normal -1.833956e-01 9.818794e-01 4.773831e-02
      outer loop
         vertex 5.463973e-02 1.795762e-02 3.124378e-03
         vertex 5.462139e-02 1.793455e-02 3.528450e-03
         vertex 5.490285e-02 1.800654e-02 3.128997e-03
      endloop
   endfacet
   facet normal -1.825735e-01 9.831166e-01 -1.219563e-02
      outer loop
         vertex 5.463973e-02 1.795762e-02 3.124378e-03
         vertex 5.490285e-02 1.800654e-02 3.128997e-03
         vertex 5.516868e-02 1.805170e-02 2.790215e-03
      endloop
   endfacet
   facet normal 6.968304e-01 -3.295404e-02 7.164785e-01
      outer loop
         vertex 5.440730e-02 1.657405e-02 4.113940e-03
         vertex 5.444014e-02 1.720828e-02 4.111169e-03
         vertex 5.426919e-02 1.712724e-02 4.273700e-03
      endloop
   endfacet
   facet normal 6.139172e-01 2.233985e-01 7.570989e-01
      outer loop
         vertex 5.426919e-02 1.712724e-02 4.273700e-03
         vertex 5.444014e-02 1.720828e-02 4.111169e-03
         vertex 5.438950e-02 1.755556e-02 4.049758e-03
      endloop
   endfacet
   facet normal 5.599159e-01 2.549118e-01 7.883617e-01
      outer loop
         vertex 5.426919e-02 1.712724e-02 4.273700e-03
         vertex 5.438950e-02 1.755556e-02 4.049758e-03
         vertex 5.417647e-02 1.753926e-02 4.206332e-03
      endloop
   endfacet
   facet normal 7.748887e-01 -3.459948e-01 5.289945e-01
      outer loop
         vertex 5.468417e-02 1.556060e-02 3.262456e-03
         vertex 5.494593e-02 1.586601e-02 3.078783e-03
         vertex 5.455033e-02 1.603107e-02 3.766230e-03
      endloop
   endfacet
   facet normal 7.746638e-01 -3.465076e-01 5.289882e-01
      outer loop
         vertex 5.455033e-02 1.603107e-02 3.766230e-03
         vertex 5.494593e-02 1.586601e-02 3.078783e-03
         vertex 5.482427e-02 1.630348e-02 3.543504e-03
      endloop
   endfacet
   facet normal 7.364056e-01 -2.164740e-01 6.409725e-01
      outer loop
         vertex 5.455033e-02 1.603107e-02 3.766230e-03
         vertex 5.482427e-02 1.630348e-02 3.543504e-03
         vertex 5.440730e-02 1.657405e-02 4.113940e-03
      endloop
   endfacet
   facet normal 7.961455e-01 -5.825803e-01 1.635621e-01
      outer loop
         vertex 5.507828e-02 1.424421e-02 1.000564e-04
         vertex 5.533549e-02 1.458016e-02 4.467887e-05
         vertex 5.503712e-02 1.430403e-02 5.134525e-04
      endloop
   endfacet
   facet normal 8.085383e-01 -5.583700e-01 1.857114e-01
      outer loop
         vertex 5.503712e-02 1.430403e-02 5.134525e-04
         vertex 5.533549e-02 1.458016e-02 4.467887e-05
         vertex 5.529885e-02 1.465776e-02 4.375018e-04
      endloop
   endfacet
   facet normal 8.010253e-01 -5.350332e-01 2.685106e-01
      outer loop
         vertex 5.503712e-02 1.430403e-02 5.134525e-04
         vertex 5.529885e-02 1.465776e-02 4.375018e-04
         vertex 5.489665e-02 1.482565e-02 1.971904e-03
      endloop
   endfacet
   facet normal 8.069280e-01 -5.258135e-01 2.690490e-01
      outer loop
         vertex 5.489665e-02 1.482565e-02 1.971904e-03
         vertex 5.529885e-02 1.465776e-02 4.375018e-04
         vertex 5.515909e-02 1.516473e-02 1.847462e-03
      endloop
   endfacet
   facet normal 7.979080e-01 -4.874254e-01 3.546256e-01
      outer loop
         vertex 5.489665e-02 1.482565e-02 1.971904e-03
         vertex 5.515909e-02 1.516473e-02 1.847462e-03
         vertex 5.480006e-02 1.516229e-02 2.651928e-03
      endloop
   endfacet
   facet normal 8.033634e-01 -4.765412e-01 3.570934e-01
      outer loop
         vertex 5.480006e-02 1.516229e-02 2.651928e-03
         vertex 5.515909e-02 1.516473e-02 1.847462e-03
         vertex 5.506049e-02 1.548917e-02 2.502268e-03
      endloop
   endfacet
   facet normal -3.595691e-01 8.225995e-01 4.404999e-01
      outer loop
         vertex 5.510772e-02 1.802720e-02 3.609689e-03
         vertex 5.488138e-02 1.797843e-02 3.515999e-03
         vertex 5.487183e-02 1.785121e-02 3.745786e-03
      endloop
   endfacet
   facet normal -8.594954e-02 8.731361e-01 4.798396e-01
      outer loop
         vertex 5.487183e-02 1.785121e-02 3.745786e-03
         vertex 5.488138e-02 1.797843e-02 3.515999e-03
         vertex 5.462020e-02 1.780622e-02 3.782582e-03
      endloop
   endfacet
   facet normal -2.726239e-03 6.421614e-01 7.665646e-01
      outer loop
         vertex 5.487183e-02 1.785121e-02 3.745786e-03
         vertex 5.462020e-02 1.780622e-02 3.782582e-03
         vertex 5.486505e-02 1.775992e-02 3.822235e-03
      endloop
   endfacet
   facet normal 1.088503e-02 6.830664e-01 7.302751e-01
      outer loop
         vertex 5.486505e-02 1.775992e-02 3.822235e-03
         vertex 5.462020e-02 1.780622e-02 3.782582e-03
         vertex 5.462077e-02 1.771067e-02 3.871943e-03
      endloop
   endfacet
   facet normal 9.262391e-02 4.413961e-01 8.925191e-01
      outer loop
         vertex 5.486505e-02 1.775992e-02 3.822235e-03
         vertex 5.462077e-02 1.771067e-02 3.871943e-03
         vertex 5.485506e-02 1.765032e-02 3.877473e-03
      endloop
   endfacet
   facet normal 3.336864e-01 3.545948e-02 9.420170e-01
      outer loop
         vertex 5.506269e-02 1.726339e-02 3.839822e-03
         vertex 5.484473e-02 1.736904e-02 3.913051e-03
         vertex 5.463617e-02 1.729038e-02 3.989890e-03
      endloop
   endfacet
   facet normal 3.074618e-01 1.082773e-01 9.453800e-01
      outer loop
         vertex 5.463617e-02 1.729038e-02 3.989890e-03
         vertex 5.484473e-02 1.736904e-02 3.913051e-03
         vertex 5.485506e-02 1.765032e-02 3.877473e-03
      endloop
   endfacet
   facet normal 2.129257e-01 1.709588e-01 9.619957e-01
      outer loop
         vertex 5.463617e-02 1.729038e-02 3.989890e-03
         vertex 5.485506e-02 1.765032e-02 3.877473e-03
         vertex 5.462088e-02 1.759402e-02 3.939313e-03
      endloop
   endfacet
   facet normal 1.077631e-01 4.972727e-01 8.608757e-01
      outer loop
         vertex 5.462088e-02 1.759402e-02 3.939313e-03
         vertex 5.485506e-02 1.765032e-02 3.877473e-03
         vertex 5.462077e-02 1.771067e-02 3.871943e-03
      endloop
   endfacet
   facet normal 1.259571e-01 4.962151e-01 8.590142e-01
      outer loop
         vertex 5.462088e-02 1.759402e-02 3.939313e-03
         vertex 5.462077e-02 1.771067e-02 3.871943e-03
         vertex 5.436055e-02 1.780192e-02 3.857387e-03
      endloop
   endfacet
   facet normal 1.951125e-01 6.705686e-01 7.157296e-01
      outer loop
         vertex 5.436055e-02 1.780192e-02 3.857387e-03
         vertex 5.462077e-02 1.771067e-02 3.871943e-03
         vertex 5.462020e-02 1.780622e-02 3.782582e-03
      endloop
   endfacet
   facet normal 1.144695e-01 8.865621e-01 4.482236e-01
      outer loop
         vertex 5.436055e-02 1.780192e-02 3.857387e-03
         vertex 5.462020e-02 1.780622e-02 3.782582e-03
         vertex 5.462139e-02 1.793455e-02 3.528450e-03
      endloop
   endfacet
   facet normal -1.280855e-01 8.855348e-01 4.465671e-01
      outer loop
         vertex 5.462139e-02 1.793455e-02 3.528450e-03
         vertex 5.462020e-02 1.780622e-02 3.782582e-03
         vertex 5.488138e-02 1.797843e-02 3.515999e-03
      endloop
   endfacet
   facet normal -1.632038e-01 9.846133e-01 6.245862e-02
      outer loop
         vertex 5.462139e-02 1.793455e-02 3.528450e-03
         vertex 5.488138e-02 1.797843e-02 3.515999e-03
         vertex 5.490285e-02 1.800654e-02 3.128997e-03
      endloop
   endfacet
   facet normal -4.277202e-01 9.029420e-01 4.184754e-02
      outer loop
         vertex 5.490285e-02 1.800654e-02 3.128997e-03
         vertex 5.488138e-02 1.797843e-02 3.515999e-03
         vertex 5.512230e-02 1.810414e-02 3.266004e-03
      endloop
   endfacet
   facet normal -3.309640e-01 9.339092e-01 -1.351904e-01
      outer loop
         vertex 5.490285e-02 1.800654e-02 3.128997e-03
         vertex 5.512230e-02 1.810414e-02 3.266004e-03
         vertex 5.516868e-02 1.805170e-02 2.790215e-03
      endloop
   endfacet
   facet normal 4.675379e-01 -6.276525e-01 6.224634e-01
      outer loop
         vertex 5.523279e-02 1.628250e-02 3.215509e-03
         vertex 5.482427e-02 1.630348e-02 3.543504e-03
         vertex 5.531673e-02 1.599329e-02 2.860840e-03
      endloop
   endfacet
   facet normal 5.578303e-01 -5.264539e-01 6.416164e-01
      outer loop
         vertex 5.531673e-02 1.599329e-02 2.860840e-03
         vertex 5.482427e-02 1.630348e-02 3.543504e-03
         vertex 5.494593e-02 1.586601e-02 3.078783e-03
      endloop
   endfacet
   facet normal 5.377006e-01 -6.528325e-01 5.335614e-01
      outer loop
         vertex 5.531673e-02 1.599329e-02 2.860840e-03
         vertex 5.494593e-02 1.586601e-02 3.078783e-03
         vertex 5.506049e-02 1.548917e-02 2.502268e-03
      endloop
   endfacet
   facet normal 7.962925e-01 -4.215912e-01 4.337962e-01
      outer loop
         vertex 5.506049e-02 1.548917e-02 2.502268e-03
         vertex 5.494593e-02 1.586601e-02 3.078783e-03
         vertex 5.468417e-02 1.556060e-02 3.262456e-03
      endloop
   endfacet
   facet normal 7.912541e-01 -4.324516e-01 4.323224e-01
      outer loop
         vertex 5.506049e-02 1.548917e-02 2.502268e-03
         vertex 5.468417e-02 1.556060e-02 3.262456e-03
         vertex 5.480006e-02 1.516229e-02 2.651928e-03
      endloop
   endfacet
   facet normal -1.737571e-01 9.702925e-01 -1.683474e-01
      outer loop
         vertex 5.524157e-02 1.780798e-02 1.310226e-03
         vertex 5.475324e-02 1.758202e-02 5.118976e-04
         vertex 5.516868e-02 1.805170e-02 2.790215e-03
      endloop
   endfacet
   facet normal -3.395679e-01 9.315372e-01 -1.301235e-01
      outer loop
         vertex 5.516868e-02 1.805170e-02 2.790215e-03
         vertex 5.475324e-02 1.758202e-02 5.118976e-04
         vertex 5.470345e-02 1.782201e-02 2.359923e-03
      endloop
   endfacet
   facet normal -2.872989e-01 9.387129e-01 -1.904664e-01
      outer loop
         vertex 5.516868e-02 1.805170e-02 2.790215e-03
         vertex 5.470345e-02 1.782201e-02 2.359923e-03
         vertex 5.463973e-02 1.795762e-02 3.124378e-03
      endloop
   endfacet
   facet normal 3.793556e-02 9.844582e-01 -1.714729e-01
      outer loop
         vertex 5.463973e-02 1.795762e-02 3.124378e-03
         vertex 5.470345e-02 1.782201e-02 2.359923e-03
         vertex 5.435897e-02 1.796648e-02 3.113113e-03
      endloop
   endfacet
   facet normal 2.956433e-02 9.984031e-01 4.813738e-02
      outer loop
         vertex 5.463973e-02 1.795762e-02 3.124378e-03
         vertex 5.435897e-02 1.796648e-02 3.113113e-03
         vertex 5.434620e-02 1.794548e-02 3.556463e-03
      endloop
   endfacet
   facet normal 2.612860e-01 9.637956e-01 5.317481e-02
      outer loop
         vertex 5.434620e-02 1.794548e-02 3.556463e-03
         vertex 5.435897e-02 1.796648e-02 3.113113e-03
         vertex 5.407496e-02 1.801663e-02 3.599686e-03
      endloop
   endfacet
   facet normal 2.910356e-01 8.763464e-01 3.838166e-01
      outer loop
         vertex 5.434620e-02 1.794548e-02 3.556463e-03
         vertex 5.407496e-02 1.801663e-02 3.599686e-03
         vertex 5.411074e-02 1.784303e-02 3.968921e-03
      endloop
   endfacet
   facet normal 6.236543e-01 7.289504e-01 2.822882e-01
      outer loop
         vertex 5.411074e-02 1.784303e-02 3.968921e-03
         vertex 5.407496e-02 1.801663e-02 3.599686e-03
         vertex 5.365667e-02 1.821335e-02 4.015813e-03
      endloop
   endfacet
   facet normal 6.169653e-01 7.148004e-01 3.292632e-01
      outer loop
         vertex 5.411074e-02 1.784303e-02 3.968921e-03
         vertex 5.365667e-02 1.821335e-02 4.015813e-03
         vertex 5.370928e-02 1.805016e-02 4.271507e-03
      endloop
   endfacet
   facet normal 8.718348e-01 4.740586e-01 1.231772e-01
      outer loop
         vertex 5.370928e-02 1.805016e-02 4.271507e-03
         vertex 5.365667e-02 1.821335e-02 4.015813e-03
         vertex 5.341880e-02 1.858945e-02 4.251996e-03
      endloop
   endfacet
   facet normal 8.717322e-01 4.740330e-01 1.239988e-01
      outer loop
         vertex 5.370928e-02 1.805016e-02 4.271507e-03
         vertex 5.341880e-02 1.858945e-02 4.251996e-03
         vertex 5.353360e-02 1.825902e-02 4.708122e-03
      endloop
   endfacet
   facet normal 9.178173e-01 3.385488e-01 2.073552e-01
      outer loop
         vertex 5.353360e-02 1.825902e-02 4.708122e-03
         vertex 5.356307e-02 1.817909e-02 4.708156e-03
         vertex 5.370928e-02 1.805016e-02 4.271507e-03
      endloop
   endfacet
   facet normal 8.827265e-01 4.396854e-01 1.657427e-01
      outer loop
         vertex 5.370928e-02 1.805016e-02 4.271507e-03
         vertex 5.356307e-02 1.817909e-02 4.708156e-03
         vertex 5.377831e-02 1.783440e-02 4.476209e-03
      endloop
   endfacet
   facet normal 6.499668e-01 6.220995e-01 4.365036e-01
      outer loop
         vertex 5.370928e-02 1.805016e-02 4.271507e-03
         vertex 5.377831e-02 1.783440e-02 4.476209e-03
         vertex 5.411074e-02 1.784303e-02 3.968921e-03
      endloop
   endfacet
   facet normal 7.086702e-01 5.232434e-01 4.732894e-01
      outer loop
         vertex 5.411074e-02 1.784303e-02 3.968921e-03
         vertex 5.377831e-02 1.783440e-02 4.476209e-03
         vertex 5.417647e-02 1.753926e-02 4.206332e-03
      endloop
   endfacet
   facet normal 4.034327e-01 6.160520e-01 6.765516e-01
      outer loop
         vertex 5.411074e-02 1.784303e-02 3.968921e-03
         vertex 5.417647e-02 1.753926e-02 4.206332e-03
         vertex 5.436055e-02 1.780192e-02 3.857387e-03
      endloop
   endfacet
   facet normal 4.525595e-01 5.812481e-01 6.762696e-01
      outer loop
         vertex 5.436055e-02 1.780192e-02 3.857387e-03
         vertex 5.417647e-02 1.753926e-02 4.206332e-03
         vertex 5.438950e-02 1.755556e-02 4.049758e-03
      endloop
   endfacet
   facet normal 2.547913e-01 6.135586e-01 7.474137e-01
      outer loop
         vertex 5.436055e-02 1.780192e-02 3.857387e-03
         vertex 5.438950e-02 1.755556e-02 4.049758e-03
         vertex 5.462088e-02 1.759402e-02 3.939313e-03
      endloop
   endfacet
   facet normal 3.913058e-01 2.152762e-01 8.947267e-01
      outer loop
         vertex 5.462088e-02 1.759402e-02 3.939313e-03
         vertex 5.438950e-02 1.755556e-02 4.049758e-03
         vertex 5.444014e-02 1.720828e-02 4.111169e-03
      endloop
   endfacet
   facet normal 4.667685e-01 1.681223e-01 8.682523e-01
      outer loop
         vertex 5.462088e-02 1.759402e-02 3.939313e-03
         vertex 5.444014e-02 1.720828e-02 4.111169e-03
         vertex 5.463617e-02 1.729038e-02 3.989890e-03
      endloop
   endfacet
   facet normal 5.332127e-01 -2.391713e-02 8.456430e-01
      outer loop
         vertex 5.463617e-02 1.729038e-02 3.989890e-03
         vertex 5.444014e-02 1.720828e-02 4.111169e-03
         vertex 5.440730e-02 1.657405e-02 4.113940e-03
      endloop
   endfacet
   facet normal 6.787986e-01 -9.068295e-02 7.287037e-01
      outer loop
         vertex 5.463617e-02 1.729038e-02 3.989890e-03
         vertex 5.440730e-02 1.657405e-02 4.113940e-03
         vertex 5.471658e-02 1.680198e-02 3.854201e-03
      endloop
   endfacet
   facet normal 7.232211e-01 -2.459739e-01 6.453279e-01
      outer loop
         vertex 5.471658e-02 1.680198e-02 3.854201e-03
         vertex 5.440730e-02 1.657405e-02 4.113940e-03
         vertex 5.482427e-02 1.630348e-02 3.543504e-03
      endloop
   endfacet
   facet normal 4.802936e-01 -3.868621e-01 7.871822e-01
      outer loop
         vertex 5.471658e-02 1.680198e-02 3.854201e-03
         vertex 5.482427e-02 1.630348e-02 3.543504e-03
         vertex 5.517673e-02 1.650528e-02 3.427626e-03
      endloop
   endfacet
   facet normal 5.196234e-01 -5.169538e-01 6.802575e-01
      outer loop
         vertex 5.517673e-02 1.650528e-02 3.427626e-03
         vertex 5.482427e-02 1.630348e-02 3.543504e-03
         vertex 5.523279e-02 1.628250e-02 3.215509e-03
      endloop
   endfacet
   facet normal 9.965433e-01 6.683576e-02 4.934048e-02
      outer loop
         vertex 5.477107e-02 1.416476e-02 2.563970e-03
         vertex 5.480554e-02 1.417368e-02 1.855616e-03
         vertex 5.477431e-02 1.443009e-02 2.138949e-03
      endloop
   endfacet
   facet normal 9.466937e-01 -1.799506e-01 2.671867e-01
      outer loop
         vertex 5.477431e-02 1.443009e-02 2.138949e-03
         vertex 5.480554e-02 1.417368e-02 1.855616e-03
         vertex 5.489665e-02 1.482565e-02 1.971904e-03
      endloop
   endfacet
   facet normal 9.531872e-01 -1.984414e-01 2.281562e-01
      outer loop
         vertex 5.477431e-02 1.443009e-02 2.138949e-03
         vertex 5.489665e-02 1.482565e-02 1.971904e-03
         vertex 5.467760e-02 1.478540e-02 2.852028e-03
      endloop
   endfacet
   facet normal 9.549553e-01 -1.886792e-01 2.290427e-01
      outer loop
         vertex 5.467760e-02 1.478540e-02 2.852028e-03
         vertex 5.489665e-02 1.482565e-02 1.971904e-03
         vertex 5.480006e-02 1.516229e-02 2.651928e-03
      endloop
   endfacet
   facet normal 9.471274e-01 -1.601152e-01 2.780518e-01
      outer loop
         vertex 5.467760e-02 1.478540e-02 2.852028e-03
         vertex 5.480006e-02 1.516229e-02 2.651928e-03
         vertex 5.455782e-02 1.521451e-02 3.507130e-03
      endloop
   endfacet
   facet normal 9.488343e-01 -1.499260e-01 2.779131e-01
      outer loop
         vertex 5.455782e-02 1.521451e-02 3.507130e-03
         vertex 5.480006e-02 1.516229e-02 2.651928e-03
         vertex 5.468417e-02 1.556060e-02 3.262456e-03
      endloop
   endfacet
   facet normal 9.349147e-01 -1.007625e-01 3.402666e-01
      outer loop
         vertex 5.455782e-02 1.521451e-02 3.507130e-03
         vertex 5.468417e-02 1.556060e-02 3.262456e-03
         vertex 5.441046e-02 1.573098e-02 4.064961e-03
      endloop
   endfacet
   facet normal 9.354086e-01 -9.773432e-02 3.397922e-01
      outer loop
         vertex 5.441046e-02 1.573098e-02 4.064961e-03
         vertex 5.468417e-02 1.556060e-02 3.262456e-03
         vertex 5.455033e-02 1.603107e-02 3.766230e-03
      endloop
   endfacet
   facet normal 9.108469e-01 -1.389704e-02 4.125105e-01
      outer loop
         vertex 5.441046e-02 1.573098e-02 4.064961e-03
         vertex 5.455033e-02 1.603107e-02 3.766230e-03
         vertex 5.423506e-02 1.633586e-02 4.472644e-03
      endloop
   endfacet
   facet normal 9.082541e-01 -2.808629e-02 4.174754e-01
      outer loop
         vertex 5.423506e-02 1.633586e-02 4.472644e-03
         vertex 5.455033e-02 1.603107e-02 3.766230e-03
         vertex 5.440730e-02 1.657405e-02 4.113940e-03
      endloop
   endfacet
   facet normal 8.692060e-01 1.005181e-01 4.841250e-01
      outer loop
         vertex 5.423506e-02 1.633586e-02 4.472644e-03
         vertex 5.440730e-02 1.657405e-02 4.113940e-03
         vertex 5.404100e-02 1.698654e-02 4.685958e-03
      endloop
   endfacet
   facet normal 8.623464e-01 7.048613e-02 5.013885e-01
      outer loop
         vertex 5.404100e-02 1.698654e-02 4.685958e-03
         vertex 5.440730e-02 1.657405e-02 4.113940e-03
         vertex 5.426919e-02 1.712724e-02 4.273700e-03
      endloop
   endfacet
   facet normal 8.118995e-01 2.410929e-01 5.316892e-01
      outer loop
         vertex 5.404100e-02 1.698654e-02 4.685958e-03
         vertex 5.426919e-02 1.712724e-02 4.273700e-03
         vertex 5.394762e-02 1.729215e-02 4.689978e-03
      endloop
   endfacet
   facet normal 8.109000e-01 2.675866e-01 5.204216e-01
      outer loop
         vertex 5.394762e-02 1.729215e-02 4.689978e-03
         vertex 5.426919e-02 1.712724e-02 4.273700e-03
         vertex 5.417647e-02 1.753926e-02 4.206332e-03
      endloop
   endfacet
   facet normal 7.522612e-01 3.701361e-01 5.450709e-01
      outer loop
         vertex 5.394762e-02 1.729215e-02 4.689978e-03
         vertex 5.417647e-02 1.753926e-02 4.206332e-03
         vertex 5.385929e-02 1.757723e-02 4.618283e-03
      endloop
   endfacet
   facet normal 7.083159e-01 4.989232e-01 4.993637e-01
      outer loop
         vertex 5.385929e-02 1.757723e-02 4.618283e-03
         vertex 5.417647e-02 1.753926e-02 4.206332e-03
         vertex 5.377831e-02 1.783440e-02 4.476209e-03
      endloop
   endfacet
   facet normal 8.554684e-01 4.293450e-01 2.895457e-01
      outer loop
         vertex 5.385929e-02 1.757723e-02 4.618283e-03
         vertex 5.377831e-02 1.783440e-02 4.476209e-03
         vertex 5.380080e-02 1.763257e-02 4.709056e-03
      endloop
   endfacet
   facet normal 8.824764e-01 3.942505e-01 2.565190e-01
      outer loop
         vertex 5.380080e-02 1.763257e-02 4.709056e-03
         vertex 5.377831e-02 1.783440e-02 4.476209e-03
         vertex 5.364016e-02 1.799256e-02 4.708384e-03
      endloop
   endfacet
   facet normal 8.575685e-01 5.055898e-01 9.463229e-02
      outer loop
         vertex 5.312466e-02 1.967965e-02 -6.406549e-03
         vertex 5.289343e-02 2.002437e-02 -6.152912e-03
         vertex 5.341325e-02 1.889554e-02 -4.832607e-03
      endloop
   endfacet
   facet normal 8.616551e-01 4.997944e-01 8.806844e-02
      outer loop
         vertex 5.341325e-02 1.889554e-02 -4.832607e-03
         vertex 5.289343e-02 2.002437e-02 -6.152912e-03
         vertex 5.316619e-02 1.929439e-02 -4.678837e-03
      endloop
   endfacet
   facet normal 8.596347e-01 5.064083e-01 6.766716e-02
      outer loop
         vertex 5.341325e-02 1.889554e-02 -4.832607e-03
         vertex 5.316619e-02 1.929439e-02 -4.678837e-03
         vertex 5.361479e-02 1.832623e-02 -3.132304e-03
      endloop
   endfacet
   facet normal 8.525511e-01 5.067284e-01 1.279962e-01
      outer loop
         vertex 5.232065e-02 2.169780e-02 -9.172866e-03
         vertex 5.217595e-02 2.181302e-02 -8.665256e-03
         vertex 5.275567e-02 2.063355e-02 -7.857184e-03
      endloop
   endfacet
   facet normal 8.565231e-01 5.022832e-01 1.186585e-01
      outer loop
         vertex 5.275567e-02 2.063355e-02 -7.857184e-03
         vertex 5.217595e-02 2.181302e-02 -8.665256e-03
         vertex 5.253480e-02 2.094045e-02 -7.561944e-03
      endloop
   endfacet
   facet normal 8.553213e-01 5.052467e-01 1.146788e-01
      outer loop
         vertex 5.275567e-02 2.063355e-02 -7.857184e-03
         vertex 5.253480e-02 2.094045e-02 -7.561944e-03
         vertex 5.312466e-02 1.967965e-02 -6.406549e-03
      endloop
   endfacet
   facet normal 8.563848e-01 5.038970e-01 1.126630e-01
      outer loop
         vertex 5.312466e-02 1.967965e-02 -6.406549e-03
         vertex 5.253480e-02 2.094045e-02 -7.561944e-03
         vertex 5.276482e-02 2.035831e-02 -6.706755e-03
      endloop
   endfacet
   facet normal 8.593605e-01 5.009881e-01 1.025201e-01
      outer loop
         vertex 5.312466e-02 1.967965e-02 -6.406549e-03
         vertex 5.276482e-02 2.035831e-02 -6.706755e-03
         vertex 5.289343e-02 2.002437e-02 -6.152912e-03
      endloop
   endfacet
   facet normal 8.627881e-01 5.015364e-01 6.370252e-02
      outer loop
         vertex 5.316619e-02 1.929439e-02 -4.678837e-03
         vertex 5.336709e-02 1.873617e-02 -3.004860e-03
         vertex 5.361479e-02 1.832623e-02 -3.132304e-03
      endloop
   endfacet
   facet normal 8.611956e-01 5.062330e-01 4.550017e-02
      outer loop
         vertex 5.361479e-02 1.832623e-02 -3.132304e-03
         vertex 5.336709e-02 1.873617e-02 -3.004860e-03
         vertex 5.340966e-02 1.861547e-02 -2.467831e-03
      endloop
   endfacet
   facet normal 8.542665e-01 5.184411e-01 3.804687e-02
      outer loop
         vertex 5.361479e-02 1.832623e-02 -3.132304e-03
         vertex 5.340966e-02 1.861547e-02 -2.467831e-03
         vertex 5.372207e-02 1.801918e-02 -1.357076e-03
      endloop
   endfacet
   facet normal 8.616758e-01 5.065949e-01 2.960351e-02
      outer loop
         vertex 5.372207e-02 1.801918e-02 -1.357076e-03
         vertex 5.340966e-02 1.861547e-02 -2.467831e-03
         vertex 5.346806e-02 1.844846e-02 -1.309721e-03
      endloop
   endfacet
   facet normal 8.606795e-01 5.091458e-01 1.134844e-03
      outer loop
         vertex 5.372207e-02 1.801918e-02 -1.357076e-03
         vertex 5.346806e-02 1.844846e-02 -1.309721e-03
         vertex 5.373645e-02 1.799082e-02 4.595233e-04
      endloop
   endfacet
   facet normal 8.438252e-01 5.365100e-01 1.076954e-02
      outer loop
         vertex 5.346806e-02 1.844846e-02 -1.309721e-03
         vertex 5.348331e-02 1.840458e-02 -3.188064e-04
         vertex 5.373645e-02 1.799082e-02 4.595233e-04
      endloop
   endfacet
   facet normal 8.589551e-01 5.120006e-01 -7.180076e-03
      outer loop
         vertex 5.373645e-02 1.799082e-02 4.595233e-04
         vertex 5.348331e-02 1.840458e-02 -3.188064e-04
         vertex 5.347464e-02 1.842953e-02 4.231247e-04
      endloop
   endfacet
   facet normal 8.594055e-01 5.104982e-01 -2.852794e-02
      outer loop
         vertex 5.373645e-02 1.799082e-02 4.595233e-04
         vertex 5.347464e-02 1.842953e-02 4.231247e-04
         vertex 5.366536e-02 1.820938e-02 2.228885e-03
      endloop
   endfacet
   facet normal 8.531811e-01 5.209362e-01 -2.659797e-02
      outer loop
         vertex 5.366536e-02 1.820938e-02 2.228885e-03
         vertex 5.347464e-02 1.842953e-02 4.231247e-04
         vertex 5.341461e-02 1.860139e-02 1.863244e-03
      endloop
   endfacet
   facet normal 8.570527e-01 5.139142e-01 -3.678154e-02
      outer loop
         vertex 5.366536e-02 1.820938e-02 2.228885e-03
         vertex 5.341461e-02 1.860139e-02 1.863244e-03
         vertex 5.361331e-02 1.835462e-02 3.045356e-03
      endloop
   endfacet
   facet normal 8.528214e-01 5.210565e-01 -3.457934e-02
      outer loop
         vertex 5.361331e-02 1.835462e-02 3.045356e-03
         vertex 5.341461e-02 1.860139e-02 1.863244e-03
         vertex 5.334312e-02 1.880375e-02 3.149417e-03
      endloop
   endfacet
   facet normal 8.583503e-01 5.128373e-01 1.525018e-02
      outer loop
         vertex 5.361331e-02 1.835462e-02 3.045356e-03
         vertex 5.334312e-02 1.880375e-02 3.149417e-03
         vertex 5.362259e-02 1.831904e-02 3.719282e-03
      endloop
   endfacet
   facet normal 8.557353e-01 5.170235e-01 2.009319e-02
      outer loop
         vertex 5.362259e-02 1.831904e-02 3.719282e-03
         vertex 5.334312e-02 1.880375e-02 3.149417e-03
         vertex 5.336654e-02 1.873772e-02 3.850969e-03
      endloop
   endfacet
   facet normal 8.598806e-01 5.069269e-01 6.025365e-02
      outer loop
         vertex 5.362259e-02 1.831904e-02 3.719282e-03
         vertex 5.336654e-02 1.873772e-02 3.850969e-03
         vertex 5.338364e-02 1.868934e-02 4.013960e-03
      endloop
   endfacet
   facet normal 5.407304e-01 6.928553e-01 4.770347e-01
      outer loop
         vertex 5.203928e-02 2.304071e-02 -1.105694e-02
         vertex 5.185127e-02 2.308567e-02 -1.090914e-02
         vertex 5.220383e-02 2.268354e-02 -1.072470e-02
      endloop
   endfacet
   facet normal 6.027514e-01 7.022255e-01 3.789064e-01
      outer loop
         vertex 5.220383e-02 2.268354e-02 -1.072470e-02
         vertex 5.185127e-02 2.308567e-02 -1.090914e-02
         vertex 5.183313e-02 2.282965e-02 -1.040580e-02
      endloop
   endfacet
   facet normal 6.104031e-01 6.865951e-01 3.949623e-01
      outer loop
         vertex 5.220383e-02 2.268354e-02 -1.072470e-02
         vertex 5.183313e-02 2.282965e-02 -1.040580e-02
         vertex 5.269799e-02 2.152160e-02 -9.468526e-03
      endloop
   endfacet
   facet normal 6.200007e-01 6.845944e-01 3.833141e-01
      outer loop
         vertex 5.269799e-02 2.152160e-02 -9.468526e-03
         vertex 5.183313e-02 2.282965e-02 -1.040580e-02
         vertex 5.232065e-02 2.169780e-02 -9.172866e-03
      endloop
   endfacet
   facet normal 6.133320e-01 7.001494e-01 3.655334e-01
      outer loop
         vertex 5.269799e-02 2.152160e-02 -9.468526e-03
         vertex 5.232065e-02 2.169780e-02 -9.172866e-03
         vertex 5.314844e-02 2.042749e-02 -8.128663e-03
      endloop
   endfacet
   facet normal 6.167595e-01 6.991685e-01 3.616229e-01
      outer loop
         vertex 5.314844e-02 2.042749e-02 -8.128663e-03
         vertex 5.232065e-02 2.169780e-02 -9.172866e-03
         vertex 5.275567e-02 2.063355e-02 -7.857184e-03
      endloop
   endfacet
   facet normal 6.057751e-01 7.261022e-01 3.252878e-01
      outer loop
         vertex 5.314844e-02 2.042749e-02 -8.128663e-03
         vertex 5.275567e-02 2.063355e-02 -7.857184e-03
         vertex 5.353374e-02 1.943874e-02 -6.639127e-03
      endloop
   endfacet
   facet normal 6.095199e-01 7.246616e-01 3.214825e-01
      outer loop
         vertex 5.353374e-02 1.943874e-02 -6.639127e-03
         vertex 5.275567e-02 2.063355e-02 -7.857184e-03
         vertex 5.312466e-02 1.967965e-02 -6.406549e-03
      endloop
   endfacet
   facet normal 5.975993e-01 7.554621e-01 2.686115e-01
      outer loop
         vertex 5.353374e-02 1.943874e-02 -6.639127e-03
         vertex 5.312466e-02 1.967965e-02 -6.406549e-03
         vertex 5.383610e-02 1.862169e-02 -5.013866e-03
      endloop
   endfacet
   facet normal 6.016313e-01 7.535105e-01 2.650692e-01
      outer loop
         vertex 5.383610e-02 1.862169e-02 -5.013866e-03
         vertex 5.312466e-02 1.967965e-02 -6.406549e-03
         vertex 5.341325e-02 1.889554e-02 -4.832607e-03
      endloop
   endfacet
   facet normal 5.904420e-01 7.835030e-01 1.936525e-01
      outer loop
         vertex 5.383610e-02 1.862169e-02 -5.013866e-03
         vertex 5.341325e-02 1.889554e-02 -4.832607e-03
         vertex 5.404857e-02 1.802529e-02 -3.248703e-03
      endloop
   endfacet
   facet normal 5.936285e-01 7.816563e-01 1.913597e-01
      outer loop
         vertex 5.404857e-02 1.802529e-02 -3.248703e-03
         vertex 5.341325e-02 1.889554e-02 -4.832607e-03
         vertex 5.361479e-02 1.832623e-02 -3.132304e-03
      endloop
   endfacet
   facet normal 5.855067e-01 8.040836e-01 1.031088e-01
      outer loop
         vertex 5.404857e-02 1.802529e-02 -3.248703e-03
         vertex 5.361479e-02 1.832623e-02 -3.132304e-03
         vertex 5.416670e-02 1.770223e-02 -1.400224e-03
      endloop
   endfacet
   facet normal 5.839729e-01 8.050888e-01 1.039597e-01
      outer loop
         vertex 5.416670e-02 1.770223e-02 -1.400224e-03
         vertex 5.361479e-02 1.832623e-02 -3.132304e-03
         vertex 5.372207e-02 1.801918e-02 -1.357076e-03
      endloop
   endfacet
   facet normal 5.806849e-01 8.141198e-01 3.740605e-03
      outer loop
         vertex 5.416670e-02 1.770223e-02 -1.400224e-03
         vertex 5.372207e-02 1.801918e-02 -1.357076e-03
         vertex 5.419814e-02 1.767112e-02 4.925181e-04
      endloop
   endfacet
   facet normal 5.688774e-01 8.223801e-01 8.334209e-03
      outer loop
         vertex 5.419814e-02 1.767112e-02 4.925181e-04
         vertex 5.372207e-02 1.801918e-02 -1.357076e-03
         vertex 5.373645e-02 1.799082e-02 4.595233e-04
      endloop
   endfacet
   facet normal 5.713372e-01 8.165836e-01 -8.224980e-02
      outer loop
         vertex 5.419814e-02 1.767112e-02 4.925181e-04
         vertex 5.373645e-02 1.799082e-02 4.595233e-04
         vertex 5.413774e-02 1.789667e-02 2.312259e-03
      endloop
   endfacet
   facet normal 5.599549e-01 8.247125e-01 -7.937140e-02
      outer loop
         vertex 5.413774e-02 1.789667e-02 2.312259e-03
         vertex 5.373645e-02 1.799082e-02 4.595233e-04
         vertex 5.366536e-02 1.820938e-02 2.228885e-03
      endloop
   endfacet
   facet normal 5.619601e-01 8.200588e-01 -1.081872e-01
      outer loop
         vertex 5.413774e-02 1.789667e-02 2.312259e-03
         vertex 5.366536e-02 1.820938e-02 2.228885e-03
         vertex 5.408049e-02 1.803920e-02 3.095304e-03
      endloop
   endfacet
   facet normal 5.642078e-01 8.183253e-01 -1.096046e-01
      outer loop
         vertex 5.408049e-02 1.803920e-02 3.095304e-03
         vertex 5.366536e-02 1.820938e-02 2.228885e-03
         vertex 5.361331e-02 1.835462e-02 3.045356e-03
      endloop
   endfacet
   facet normal 5.558521e-01 8.301551e-01 4.325590e-02
      outer loop
         vertex 5.408049e-02 1.803920e-02 3.095304e-03
         vertex 5.361331e-02 1.835462e-02 3.045356e-03
         vertex 5.407496e-02 1.801663e-02 3.599686e-03
      endloop
   endfacet
   facet normal 5.619472e-01 8.263943e-01 3.588670e-02
      outer loop
         vertex 5.407496e-02 1.801663e-02 3.599686e-03
         vertex 5.361331e-02 1.835462e-02 3.045356e-03
         vertex 5.362259e-02 1.831904e-02 3.719282e-03
      endloop
   endfacet
   facet normal 5.813123e-01 7.852807e-01 2.130968e-01
      outer loop
         vertex 5.407496e-02 1.801663e-02 3.599686e-03
         vertex 5.362259e-02 1.831904e-02 3.719282e-03
         vertex 5.365667e-02 1.821335e-02 4.015813e-03
      endloop
   endfacet
   facet normal 8.646883e-01 4.962916e-01 7.751643e-02
      outer loop
         vertex 5.365667e-02 1.821335e-02 4.015813e-03
         vertex 5.362259e-02 1.831904e-02 3.719282e-03
         vertex 5.338364e-02 1.868934e-02 4.013960e-03
      endloop
   endfacet
   facet normal 8.644755e-01 4.961814e-01 8.053641e-02
      outer loop
         vertex 5.365667e-02 1.821335e-02 4.015813e-03
         vertex 5.338364e-02 1.868934e-02 4.013960e-03
         vertex 5.341880e-02 1.858945e-02 4.251996e-03
      endloop
   endfacet
   facet normal -1.146887e-02 -3.804123e-03 9.999270e-01
      outer loop
         vertex 5.356307e-02 1.817909e-02 4.708156e-03
         vertex 5.353360e-02 1.825902e-02 4.708122e-03
         vertex 5.392659e-02 1.707419e-02 4.708122e-03
      endloop
   endfacet
   facet normal -1.361190e-02 -4.184148e-03 9.998986e-01
      outer loop
         vertex 5.392659e-02 1.707419e-02 4.708122e-03
         vertex 5.429338e-02 1.588097e-02 4.708122e-03
         vertex 5.421716e-02 1.617388e-02 4.708311e-03
      endloop
   endfacet
   facet normal -1.656769e-02 -5.404353e-03 9.998481e-01
      outer loop
         vertex 5.393704e-02 1.729684e-02 4.709499e-03
         vertex 5.380080e-02 1.763257e-02 4.709056e-03
         vertex 5.392659e-02 1.707419e-02 4.708122e-03
      endloop
   endfacet
   facet normal -1.602129e-02 -5.281270e-03 9.998577e-01
      outer loop
         vertex 5.392659e-02 1.707419e-02 4.708122e-03
         vertex 5.380080e-02 1.763257e-02 4.709056e-03
         vertex 5.364016e-02 1.799256e-02 4.708384e-03
      endloop
   endfacet
   facet normal -1.481633e-02 -4.905462e-03 9.998782e-01
      outer loop
         vertex 5.392659e-02 1.707419e-02 4.708122e-03
         vertex 5.364016e-02 1.799256e-02 4.708384e-03
         vertex 5.356307e-02 1.817909e-02 4.708156e-03
      endloop
   endfacet
   facet normal -1.661036e-02 -5.151878e-03 9.998488e-01
      outer loop
         vertex 5.421716e-02 1.617388e-02 4.708311e-03
         vertex 5.403567e-02 1.697194e-02 4.709408e-03
         vertex 5.392659e-02 1.707419e-02 4.708122e-03
      endloop
   endfacet
   facet normal -1.679574e-02 -5.349684e-03 9.998446e-01
      outer loop
         vertex 5.392659e-02 1.707419e-02 4.708122e-03
         vertex 5.403567e-02 1.697194e-02 4.709408e-03
         vertex 5.399678e-02 1.711553e-02 4.709523e-03
      endloop
   endfacet
   facet normal -1.676912e-02 -5.394886e-03 9.998448e-01
      outer loop
         vertex 5.392659e-02 1.707419e-02 4.708122e-03
         vertex 5.399678e-02 1.711553e-02 4.709523e-03
         vertex 5.393704e-02 1.729684e-02 4.709499e-03
      endloop
   endfacet
   facet normal 0.000000e+00 -0.000000e+00 1.000000e+00
      outer loop
         vertex 5.217793e-02 1.349413e-02 6.019175e-03
         vertex 5.350177e-02 1.383650e-02 6.019175e-03
         vertex 5.086957e-02 1.776479e-02 6.019175e-03
      endloop
   endfacet
   facet normal -0.000000e+00 0.000000e+00 1.000000e+00
      outer loop
         vertex 5.086957e-02 1.776479e-02 6.019175e-03
         vertex 5.350177e-02 1.383650e-02 6.019175e-03
         vertex 5.216137e-02 1.821318e-02 6.019175e-03
      endloop
   endfacet
   facet normal 0.000000e+00 -0.000000e+00 1.000000e+00
      outer loop
         vertex 5.086957e-02 1.776479e-02 6.019175e-03
         vertex 5.216137e-02 1.821318e-02 6.019175e-03
         vertex 4.921305e-02 2.191106e-02 6.019175e-03
      endloop
   endfacet
   facet normal -0.000000e+00 0.000000e+00 1.000000e+00
      outer loop
         vertex 4.921305e-02 2.191106e-02 6.019175e-03
         vertex 5.216137e-02 1.821318e-02 6.019175e-03
         vertex 5.046223e-02 2.246723e-02 6.019175e-03
      endloop
   endfacet
   facet normal 2.125501e-01 -6.615305e-01 -7.191661e-01
      outer loop
         vertex 6.663990e-02 1.844427e-02 -4.806054e-03
         vertex 6.636370e-02 1.930831e-02 -5.682477e-03
         vertex 6.804430e-02 1.986839e-02 -5.700966e-03
      endloop
   endfacet
   facet normal 1.714122e-01 -5.415184e-01 -8.230284e-01
      outer loop
         vertex 6.804430e-02 1.986839e-02 -5.700966e-03
         vertex 6.636370e-02 1.930831e-02 -5.682477e-03
         vertex 6.773282e-02 2.084279e-02 -6.406953e-03
      endloop
   endfacet
   facet normal 9.410208e-02 -7.998285e-01 -5.928062e-01
      outer loop
         vertex 6.774835e-02 1.791590e-02 -3.917200e-03
         vertex 6.687029e-02 1.772356e-02 -3.797083e-03
         vertex 6.663990e-02 1.844427e-02 -4.806054e-03
      endloop
   endfacet
   facet normal 2.340394e-01 -4.928858e-01 -8.380269e-01
      outer loop
         vertex 6.352859e-02 2.254279e-02 -8.501190e-03
         vertex 6.153617e-02 2.146724e-02 -8.425035e-03
         vertex 6.087440e-02 2.353744e-02 -9.827437e-03
      endloop
   endfacet
   facet normal 2.599703e-01 -5.383442e-01 -8.016240e-01
      outer loop
         vertex 6.153617e-02 2.146724e-02 -8.425035e-03
         vertex 6.352859e-02 2.254279e-02 -8.501190e-03
         vertex 6.185217e-02 2.047870e-02 -7.658686e-03
      endloop
   endfacet
   facet normal 1.494233e-01 -5.458112e-01 -8.244773e-01
      outer loop
         vertex 6.385537e-02 2.152054e-02 -7.831323e-03
         vertex 6.417292e-02 2.052715e-02 -7.116138e-03
         vertex 6.215266e-02 1.953870e-02 -6.827919e-03
      endloop
   endfacet
   facet normal 2.588339e-01 -4.807332e-01 -8.377951e-01
      outer loop
         vertex 5.776062e-02 2.557095e-02 -1.201624e-02
         vertex 5.809861e-02 2.451363e-02 -1.130512e-02
         vertex 5.647943e-02 2.381936e-02 -1.140698e-02
      endloop
   endfacet
   facet normal 2.224397e-01 -5.290397e-01 -8.189247e-01
      outer loop
         vertex 5.369156e-02 2.145232e-02 -1.066685e-02
         vertex 5.300705e-02 2.310470e-02 -1.192025e-02
         vertex 5.476600e-02 2.316186e-02 -1.147940e-02
      endloop
   endfacet
   facet normal 3.382356e-01 -3.874396e-01 -8.576055e-01
      outer loop
         vertex 5.825382e-02 2.593627e-02 -1.201434e-02
         vertex 6.135987e-02 2.731918e-02 -1.141408e-02
         vertex 6.019488e-02 2.566317e-02 -1.112542e-02
      endloop
   endfacet
   facet normal -2.239215e-02 -9.436008e-01 -3.303273e-01
      outer loop
         vertex 6.641793e-02 1.717684e-02 -2.621719e-03
         vertex 6.614194e-02 1.712509e-02 -2.455189e-03
         vertex 6.600904e-02 1.754081e-02 -3.633711e-03
      endloop
   endfacet
   facet normal 7.940767e-02 -9.816383e-01 -1.734377e-01
      outer loop
         vertex 6.614194e-02 1.712509e-02 -2.455189e-03
         vertex 6.641793e-02 1.717684e-02 -2.621719e-03
         vertex 6.604818e-02 1.708122e-02 -2.249794e-03
      endloop
   endfacet
   facet normal 4.298283e-01 -8.941752e-01 1.252930e-01
      outer loop
         vertex 5.566794e-02 1.480419e-02 1.579823e-05
         vertex 5.570424e-02 1.467677e-02 -1.018103e-03
         vertex 5.720294e-02 1.553843e-02 -1.013361e-05
      endloop
   endfacet
   facet normal 4.376331e-01 -8.921557e-01 1.119619e-01
      outer loop
         vertex 5.720294e-02 1.553843e-02 -1.013361e-05
         vertex 5.570424e-02 1.467677e-02 -1.018103e-03
         vertex 5.724963e-02 1.539239e-02 -1.356354e-03
      endloop
   endfacet
   facet normal 4.250203e-01 -8.812452e-01 2.067960e-01
      outer loop
         vertex 5.566794e-02 1.480419e-02 1.579823e-05
         vertex 5.720294e-02 1.553843e-02 -1.013361e-05
         vertex 5.566402e-02 1.481935e-02 8.844041e-05
      endloop
   endfacet
   facet normal 4.189761e-01 -8.546046e-01 3.067735e-01
      outer loop
         vertex 5.566402e-02 1.481935e-02 8.844041e-05
         vertex 5.720294e-02 1.553843e-02 -1.013361e-05
         vertex 5.707508e-02 1.593843e-02 1.278792e-03
      endloop
   endfacet
   facet normal 4.414636e-01 -8.529455e-01 2.785568e-01
      outer loop
         vertex 5.566402e-02 1.481935e-02 8.844041e-05
         vertex 5.707508e-02 1.593843e-02 1.278792e-03
         vertex 5.559282e-02 1.509474e-02 1.044531e-03
      endloop
   endfacet
   facet normal 3.684159e-01 -7.050307e-01 6.059715e-01
      outer loop
         vertex 5.820824e-02 1.738509e-02 2.594535e-03
         vertex 5.680402e-02 1.678637e-02 2.751681e-03
         vertex 5.687264e-02 1.657170e-02 2.460199e-03
      endloop
   endfacet
   facet normal 4.094538e-01 -6.859150e-01 6.015548e-01
      outer loop
         vertex 5.687264e-02 1.657170e-02 2.460199e-03
         vertex 5.680402e-02 1.678637e-02 2.751681e-03
         vertex 5.564700e-02 1.618177e-02 2.849824e-03
      endloop
   endfacet
   facet normal 4.179086e-01 -8.341532e-01 3.599178e-01
      outer loop
         vertex 5.559282e-02 1.509474e-02 1.044531e-03
         vertex 5.707508e-02 1.593843e-02 1.278792e-03
         vertex 5.556295e-02 1.520347e-02 1.331200e-03
      endloop
   endfacet
   facet normal 3.956923e-01 -7.794802e-01 4.856319e-01
      outer loop
         vertex 5.556295e-02 1.520347e-02 1.331200e-03
         vertex 5.707508e-02 1.593843e-02 1.278792e-03
         vertex 5.687264e-02 1.657170e-02 2.460199e-03
      endloop
   endfacet
   facet normal 4.652293e-01 -7.841725e-01 4.106522e-01
      outer loop
         vertex 5.556295e-02 1.520347e-02 1.331200e-03
         vertex 5.687264e-02 1.657170e-02 2.460199e-03
         vertex 5.545712e-02 1.554330e-02 2.100041e-03
      endloop
   endfacet
   facet normal 4.055115e-01 -7.440958e-01 5.309255e-01
      outer loop
         vertex 5.545712e-02 1.554330e-02 2.100041e-03
         vertex 5.687264e-02 1.657170e-02 2.460199e-03
         vertex 5.564700e-02 1.618177e-02 2.849824e-03
      endloop
   endfacet
   facet normal 4.374232e-01 -7.363235e-01 5.162254e-01
      outer loop
         vertex 5.545712e-02 1.554330e-02 2.100041e-03
         vertex 5.564700e-02 1.618177e-02 2.849824e-03
         vertex 5.531673e-02 1.599329e-02 2.860840e-03
      endloop
   endfacet
   facet normal 1.492480e-01 -7.928195e-01 5.908996e-01
      outer loop
         vertex 6.119675e-02 1.795013e-02 2.009810e-03
         vertex 6.106184e-02 1.795585e-02 2.051567e-03
         vertex 6.132905e-02 1.774484e-02 1.700951e-03
      endloop
   endfacet
   facet normal 1.839546e-01 -7.739211e-01 6.059759e-01
      outer loop
         vertex 6.132905e-02 1.774484e-02 1.700951e-03
         vertex 6.106184e-02 1.795585e-02 2.051567e-03
         vertex 6.019957e-02 1.794123e-02 2.294655e-03
      endloop
   endfacet
   facet normal 8.117749e-02 -8.484327e-01 5.230413e-01
      outer loop
         vertex 6.276061e-02 1.763685e-02 1.213689e-03
         vertex 6.270353e-02 1.781540e-02 1.512185e-03
         vertex 6.262807e-02 1.782412e-02 1.538041e-03
      endloop
   endfacet
   facet normal 4.842008e-03 -8.993261e-01 4.372518e-01
      outer loop
         vertex 6.512102e-02 1.745560e-02 6.504562e-04
         vertex 6.417681e-02 1.761509e-02 9.889288e-04
         vertex 6.414314e-02 1.747838e-02 7.081270e-04
      endloop
   endfacet
   facet normal 1.969564e-02 -8.998614e-01 4.357310e-01
      outer loop
         vertex 6.414314e-02 1.747838e-02 7.081270e-04
         vertex 6.417681e-02 1.761509e-02 9.889288e-04
         vertex 6.404330e-02 1.763577e-02 1.037674e-03
      endloop
   endfacet
   facet normal -4.862707e-02 -9.366319e-01 3.469239e-01
      outer loop
         vertex 6.519540e-02 1.732859e-02 3.179674e-04
         vertex 6.515682e-02 1.744924e-02 6.383069e-04
         vertex 6.512102e-02 1.745560e-02 6.504562e-04
      endloop
   endfacet
   facet normal -9.504377e-02 -9.649691e-01 2.445432e-01
      outer loop
         vertex 6.656668e-02 1.721532e-02 2.631726e-04
         vertex 6.515682e-02 1.744924e-02 6.383069e-04
         vertex 6.620836e-02 1.712264e-02 -2.417723e-04
      endloop
   endfacet
   facet normal 4.827450e-03 -9.356189e-01 3.529787e-01
      outer loop
         vertex 6.620836e-02 1.712264e-02 -2.417723e-04
         vertex 6.515682e-02 1.744924e-02 6.383069e-04
         vertex 6.519540e-02 1.732859e-02 3.179674e-04
      endloop
   endfacet
   facet normal -1.009723e-01 -9.789360e-01 1.774511e-01
      outer loop
         vertex 6.620836e-02 1.712264e-02 -2.417723e-04
         vertex 6.519540e-02 1.732859e-02 3.179674e-04
         vertex 6.589197e-02 1.704082e-02 -8.731974e-04
      endloop
   endfacet
   facet normal -2.108149e-02 -9.745645e-01 2.231136e-01
      outer loop
         vertex 6.589197e-02 1.704082e-02 -8.731974e-04
         vertex 6.519540e-02 1.732859e-02 3.179674e-04
         vertex 6.528590e-02 1.704547e-02 -9.101394e-04
      endloop
   endfacet
   facet normal -1.346985e-02 -9.953265e-01 9.562279e-02
      outer loop
         vertex 6.589197e-02 1.704082e-02 -8.731974e-04
         vertex 6.528590e-02 1.704547e-02 -9.101394e-04
         vertex 6.587369e-02 1.703610e-02 -9.249594e-04
      endloop
   endfacet
   facet normal -1.390625e-02 -9.967600e-01 7.922178e-02
      outer loop
         vertex 6.587369e-02 1.703610e-02 -9.249594e-04
         vertex 6.528590e-02 1.704547e-02 -9.101394e-04
         vertex 6.582164e-02 1.702263e-02 -1.103488e-03
      endloop
   endfacet
   facet normal -4.237049e-02 -9.990884e-01 -5.198414e-03
      outer loop
         vertex 6.528378e-02 1.705211e-02 -2.167612e-03
         vertex 6.583832e-02 1.702695e-02 -1.852246e-03
         vertex 6.528590e-02 1.704547e-02 -9.101394e-04
      endloop
   endfacet
   facet normal -1.186163e-01 -9.916778e-01 -5.005242e-02
      outer loop
         vertex 6.528590e-02 1.704547e-02 -9.101394e-04
         vertex 6.583832e-02 1.702695e-02 -1.852246e-03
         vertex 6.577812e-02 1.701138e-02 -1.401135e-03
      endloop
   endfacet
   facet normal -2.750443e-02 -9.987483e-01 4.177812e-02
      outer loop
         vertex 6.528590e-02 1.704547e-02 -9.101394e-04
         vertex 6.577812e-02 1.701138e-02 -1.401135e-03
         vertex 6.582164e-02 1.702263e-02 -1.103488e-03
      endloop
   endfacet
   facet normal 1.227742e-02 -7.968903e-01 -6.039993e-01
      outer loop
         vertex 6.860415e-02 1.811703e-02 -4.040039e-03
         vertex 6.867980e-02 1.776180e-02 -3.569838e-03
         vertex 6.748244e-02 1.745215e-02 -3.185628e-03
      endloop
   endfacet
   facet normal 1.900876e-01 -3.718788e-01 -9.086104e-01
      outer loop
         vertex 6.597263e-02 2.934655e-02 -1.072757e-02
         vertex 6.687058e-02 2.852716e-02 -1.020435e-02
         vertex 6.630962e-02 2.829234e-02 -1.022560e-02
      endloop
   endfacet
   facet normal 1.849020e-01 -3.589246e-01 -9.148685e-01
      outer loop
         vertex 6.630962e-02 2.829234e-02 -1.022560e-02
         vertex 6.687058e-02 2.852716e-02 -1.020435e-02
         vertex 6.749888e-02 2.701559e-02 -9.484345e-03
      endloop
   endfacet
   facet normal 1.468567e-01 -3.907780e-01 -9.086945e-01
      outer loop
         vertex 6.630962e-02 2.829234e-02 -1.022560e-02
         vertex 6.749888e-02 2.701559e-02 -9.484345e-03
         vertex 6.698170e-02 2.618992e-02 -9.212856e-03
      endloop
   endfacet
   facet normal 1.316104e-01 -3.830697e-01 -9.142955e-01
      outer loop
         vertex 6.698170e-02 2.618992e-02 -9.212856e-03
         vertex 6.749888e-02 2.701559e-02 -9.484345e-03
         vertex 6.858586e-02 2.414144e-02 -8.123673e-03
      endloop
   endfacet
   facet normal 5.354969e-02 -4.357789e-01 -8.984594e-01
      outer loop
         vertex 6.698170e-02 2.618992e-02 -9.212856e-03
         vertex 6.858586e-02 2.414144e-02 -8.123673e-03
         vertex 6.764792e-02 2.410580e-02 -8.162290e-03
      endloop
   endfacet
   facet normal 5.380193e-02 -4.501309e-01 -8.913403e-01
      outer loop
         vertex 6.764792e-02 2.410580e-02 -8.162290e-03
         vertex 6.858586e-02 2.414144e-02 -8.123673e-03
         vertex 6.930703e-02 2.200067e-02 -6.999041e-03
      endloop
   endfacet
   facet normal -8.933059e-03 -4.890140e-01 -8.722302e-01
      outer loop
         vertex 6.764792e-02 2.410580e-02 -8.162290e-03
         vertex 6.930703e-02 2.200067e-02 -6.999041e-03
         vertex 6.830063e-02 2.206395e-02 -7.024216e-03
      endloop
   endfacet
   facet normal -1.146333e-02 -5.216373e-01 -8.530904e-01
      outer loop
         vertex 6.830063e-02 2.206395e-02 -7.024216e-03
         vertex 6.930703e-02 2.200067e-02 -6.999041e-03
         vertex 6.980373e-02 2.038225e-02 -6.016108e-03
      endloop
   endfacet
   facet normal -7.134248e-02 -5.589810e-01 -8.261056e-01
      outer loop
         vertex 6.830063e-02 2.206395e-02 -7.024216e-03
         vertex 6.980373e-02 2.038225e-02 -6.016108e-03
         vertex 6.892917e-02 2.009769e-02 -5.748032e-03
      endloop
   endfacet
   facet normal -5.149940e-02 -5.963682e-01 -8.010573e-01
      outer loop
         vertex 6.892917e-02 2.009769e-02 -5.748032e-03
         vertex 6.980373e-02 2.038225e-02 -6.016108e-03
         vertex 7.017107e-02 1.908975e-02 -5.077485e-03
      endloop
   endfacet
   facet normal -8.904165e-02 -6.254180e-01 -7.751929e-01
      outer loop
         vertex 6.892917e-02 2.009769e-02 -5.748032e-03
         vertex 7.017107e-02 1.908975e-02 -5.077485e-03
         vertex 6.922715e-02 1.916553e-02 -5.030205e-03
      endloop
   endfacet
   facet normal -9.107924e-02 -6.812732e-01 -7.263411e-01
      outer loop
         vertex 6.922715e-02 1.916553e-02 -5.030205e-03
         vertex 7.017107e-02 1.908975e-02 -5.077485e-03
         vertex 7.040632e-02 1.820831e-02 -4.280237e-03
      endloop
   endfacet
   facet normal -1.119785e-01 -6.946606e-01 -7.105684e-01
      outer loop
         vertex 6.922715e-02 1.916553e-02 -5.030205e-03
         vertex 7.040632e-02 1.820831e-02 -4.280237e-03
         vertex 6.950422e-02 1.829876e-02 -4.226500e-03
      endloop
   endfacet
   facet normal -1.134735e-01 -7.337405e-01 -6.698871e-01
      outer loop
         vertex 6.950422e-02 1.829876e-02 -4.226500e-03
         vertex 7.040632e-02 1.820831e-02 -4.280237e-03
         vertex 6.931204e-02 1.792531e-02 -3.784898e-03
      endloop
   endfacet
   facet normal 2.813248e-01 -3.351974e-01 -8.991658e-01
      outer loop
         vertex 6.396385e-02 2.847854e-02 -1.097027e-02
         vertex 6.432518e-02 2.863942e-02 -1.091719e-02
         vertex 6.453814e-02 2.795833e-02 -1.059666e-02
      endloop
   endfacet
   facet normal 2.684770e-01 -3.401811e-01 -9.012197e-01
      outer loop
         vertex 6.453814e-02 2.795833e-02 -1.059666e-02
         vertex 6.432518e-02 2.863942e-02 -1.091719e-02
         vertex 6.513429e-02 2.899966e-02 -1.081213e-02
      endloop
   endfacet
   facet normal 3.043570e-01 -3.541936e-01 -8.842589e-01
      outer loop
         vertex 6.205522e-02 2.762877e-02 -1.128061e-02
         vertex 6.349945e-02 2.827178e-02 -1.104107e-02
         vertex 6.217300e-02 2.678345e-02 -1.090148e-02
      endloop
   endfacet
   facet normal 2.890130e-01 -3.414655e-01 -8.943561e-01
      outer loop
         vertex 6.217300e-02 2.678345e-02 -1.090148e-02
         vertex 6.349945e-02 2.827178e-02 -1.104107e-02
         vertex 6.370834e-02 2.761501e-02 -1.072282e-02
      endloop
   endfacet
   facet normal 2.967369e-01 -3.576373e-01 -8.854619e-01
      outer loop
         vertex 6.217300e-02 2.678345e-02 -1.090148e-02
         vertex 6.370834e-02 2.761501e-02 -1.072282e-02
         vertex 6.439992e-02 2.545155e-02 -9.617236e-03
      endloop
   endfacet
   facet normal 3.185498e-01 -4.505215e-01 -8.340003e-01
      outer loop
         vertex 6.019488e-02 2.566317e-02 -1.112542e-02
         vertex 5.809861e-02 2.451363e-02 -1.130512e-02
         vertex 5.825382e-02 2.593627e-02 -1.201434e-02
      endloop
   endfacet
   facet normal 3.360100e-01 -4.493217e-01 -8.277725e-01
      outer loop
         vertex 5.825382e-02 2.593627e-02 -1.201434e-02
         vertex 5.809861e-02 2.451363e-02 -1.130512e-02
         vertex 5.776062e-02 2.557095e-02 -1.201624e-02
      endloop
   endfacet
   facet normal 3.208036e-01 -4.287053e-01 -8.445690e-01
      outer loop
         vertex 5.825382e-02 2.593627e-02 -1.201434e-02
         vertex 5.776062e-02 2.557095e-02 -1.201624e-02
         vertex 5.790827e-02 2.578242e-02 -1.206750e-02
      endloop
   endfacet
   facet normal 3.037404e-01 -4.194327e-01 -8.554636e-01
      outer loop
         vertex 5.790827e-02 2.578242e-02 -1.206750e-02
         vertex 5.776062e-02 2.557095e-02 -1.201624e-02
         vertex 5.771898e-02 2.569815e-02 -1.209339e-02
      endloop
   endfacet
   facet normal 2.101864e-01 -4.284244e-01 -8.787913e-01
      outer loop
         vertex 5.507364e-02 2.452037e-02 -1.224256e-02
         vertex 5.633101e-02 2.508018e-02 -1.221474e-02
         vertex 5.613657e-02 2.489192e-02 -1.216947e-02
      endloop
   endfacet
   facet normal 2.935535e-01 -4.992396e-01 -8.152215e-01
      outer loop
         vertex 5.613657e-02 2.489192e-02 -1.216947e-02
         vertex 5.633101e-02 2.508018e-02 -1.221474e-02
         vertex 5.771898e-02 2.569815e-02 -1.209339e-02
      endloop
   endfacet
   facet normal 2.525832e-01 -6.360472e-01 -7.291404e-01
      outer loop
         vertex 5.639194e-02 1.807548e-02 -7.321811e-03
         vertex 5.479421e-02 1.837025e-02 -8.132419e-03
         vertex 5.609126e-02 1.901607e-02 -8.246464e-03
      endloop
   endfacet
   facet normal 2.320008e-01 -6.010115e-01 -7.648273e-01
      outer loop
         vertex 5.609126e-02 1.901607e-02 -8.246464e-03
         vertex 5.479421e-02 1.837025e-02 -8.132419e-03
         vertex 5.451580e-02 1.922247e-02 -8.886551e-03
      endloop
   endfacet
   facet normal 2.445816e-01 -5.686683e-01 -7.853637e-01
      outer loop
         vertex 5.609126e-02 1.901607e-02 -8.246464e-03
         vertex 5.451580e-02 1.922247e-02 -8.886551e-03
         vertex 5.544079e-02 2.105092e-02 -9.922437e-03
      endloop
   endfacet
   facet normal 2.427961e-01 -5.682501e-01 -7.862200e-01
      outer loop
         vertex 5.544079e-02 2.105092e-02 -9.922437e-03
         vertex 5.451580e-02 1.922247e-02 -8.886551e-03
         vertex 5.430988e-02 1.981344e-02 -9.377276e-03
      endloop
   endfacet
   facet normal 2.159954e-01 -5.521533e-01 -8.052781e-01
      outer loop
         vertex 5.544079e-02 2.105092e-02 -9.922437e-03
         vertex 5.430988e-02 1.981344e-02 -9.377276e-03
         vertex 5.369156e-02 2.145232e-02 -1.066685e-02
      endloop
   endfacet
   facet normal 2.968175e-01 -7.046874e-01 -6.444494e-01
      outer loop
         vertex 5.536686e-02 1.633975e-02 -5.895962e-03
         vertex 5.511876e-02 1.727909e-02 -7.037373e-03
         vertex 5.639194e-02 1.807548e-02 -7.321811e-03
      endloop
   endfacet
   facet normal 2.642725e-01 -6.701926e-01 -6.935430e-01
      outer loop
         vertex 5.639194e-02 1.807548e-02 -7.321811e-03
         vertex 5.511876e-02 1.727909e-02 -7.037373e-03
         vertex 5.505606e-02 1.750007e-02 -7.274805e-03
      endloop
   endfacet
   facet normal 2.502742e-01 -6.403584e-01 -7.261570e-01
      outer loop
         vertex 5.639194e-02 1.807548e-02 -7.321811e-03
         vertex 5.505606e-02 1.750007e-02 -7.274805e-03
         vertex 5.479421e-02 1.837025e-02 -8.132419e-03
      endloop
   endfacet
   facet normal 2.575332e-01 -6.996053e-01 -6.665052e-01
      outer loop
         vertex 5.639194e-02 1.807548e-02 -7.321811e-03
         vertex 5.666675e-02 1.721578e-02 -6.313229e-03
         vertex 5.536686e-02 1.633975e-02 -5.895962e-03
      endloop
   endfacet
   facet normal 3.217068e-01 -7.516297e-01 -5.758103e-01
      outer loop
         vertex 5.536686e-02 1.633975e-02 -5.895962e-03
         vertex 5.666675e-02 1.721578e-02 -6.313229e-03
         vertex 5.690506e-02 1.647030e-02 -5.206975e-03
      endloop
   endfacet
   facet normal 3.122744e-01 -7.742566e-01 -5.504647e-01
      outer loop
         vertex 5.536686e-02 1.633975e-02 -5.895962e-03
         vertex 5.690506e-02 1.647030e-02 -5.206975e-03
         vertex 5.552211e-02 1.567874e-02 -4.878135e-03
      endloop
   endfacet
   facet normal 3.607848e-01 -8.171150e-01 -4.496193e-01
      outer loop
         vertex 5.552211e-02 1.567874e-02 -4.878135e-03
         vertex 5.690506e-02 1.647030e-02 -5.206975e-03
         vertex 5.709138e-02 1.588744e-02 -3.998213e-03
      endloop
   endfacet
   facet normal 3.546250e-01 -8.269749e-01 -4.362953e-01
      outer loop
         vertex 5.552211e-02 1.567874e-02 -4.878135e-03
         vertex 5.709138e-02 1.588744e-02 -3.998213e-03
         vertex 5.562558e-02 1.518451e-02 -3.857253e-03
      endloop
   endfacet
   facet normal 3.781177e-01 -8.581257e-01 -3.473432e-01
      outer loop
         vertex 5.562558e-02 1.518451e-02 -3.857253e-03
         vertex 5.709138e-02 1.588744e-02 -3.998213e-03
         vertex 5.565275e-02 1.504227e-02 -3.476270e-03
      endloop
   endfacet
   facet normal 4.054441e-01 -8.677150e-01 -2.875512e-01
      outer loop
         vertex 5.565275e-02 1.504227e-02 -3.476270e-03
         vertex 5.709138e-02 1.588744e-02 -3.998213e-03
         vertex 5.721083e-02 1.551376e-02 -2.702145e-03
      endloop
   endfacet
   facet normal 4.029153e-01 -8.712571e-01 -2.803041e-01
      outer loop
         vertex 5.565275e-02 1.504227e-02 -3.476270e-03
         vertex 5.721083e-02 1.551376e-02 -2.702145e-03
         vertex 5.568371e-02 1.486603e-02 -2.883974e-03
      endloop
   endfacet
   facet normal 4.245435e-01 -9.050666e-01 2.484361e-02
      outer loop
         vertex 5.570424e-02 1.467677e-02 -1.018103e-03
         vertex 5.570846e-02 1.467005e-02 -1.335051e-03
         vertex 5.724963e-02 1.539239e-02 -1.356354e-03
      endloop
   endfacet
   facet normal 4.232529e-01 -9.045584e-01 -5.129306e-02
      outer loop
         vertex 5.724963e-02 1.539239e-02 -1.356354e-03
         vertex 5.570846e-02 1.467005e-02 -1.335051e-03
         vertex 5.570693e-02 1.470751e-02 -2.008321e-03
      endloop
   endfacet
   facet normal 4.366563e-01 -8.947793e-01 -9.328120e-02
      outer loop
         vertex 5.724963e-02 1.539239e-02 -1.356354e-03
         vertex 5.570693e-02 1.470751e-02 -2.008321e-03
         vertex 5.721083e-02 1.551376e-02 -2.702145e-03
      endloop
   endfacet
   facet normal 4.088257e-01 -8.987853e-01 -1.582606e-01
      outer loop
         vertex 5.721083e-02 1.551376e-02 -2.702145e-03
         vertex 5.570693e-02 1.470751e-02 -2.008321e-03
         vertex 5.569100e-02 1.482041e-02 -2.690663e-03
      endloop
   endfacet
   facet normal 4.030416e-01 -8.872042e-01 -2.245577e-01
      outer loop
         vertex 5.721083e-02 1.551376e-02 -2.702145e-03
         vertex 5.569100e-02 1.482041e-02 -2.690663e-03
         vertex 5.568371e-02 1.486603e-02 -2.883974e-03
      endloop
   endfacet
   facet normal 8.848437e-02 -7.935521e-01 -6.020345e-01
      outer loop
         vertex 6.242940e-02 1.867298e-02 -5.912844e-03
         vertex 6.266861e-02 1.792465e-02 -4.891302e-03
         vertex 6.140650e-02 1.750257e-02 -4.520453e-03
      endloop
   endfacet
   facet normal 1.529204e-01 -8.696629e-01 -4.693633e-01
      outer loop
         vertex 6.140650e-02 1.750257e-02 -4.520453e-03
         vertex 6.266861e-02 1.792465e-02 -4.891302e-03
         vertex 6.285390e-02 1.734501e-02 -3.756948e-03
      endloop
   endfacet
   facet normal 9.519360e-02 -9.237082e-01 -3.710814e-01
      outer loop
         vertex 6.140650e-02 1.750257e-02 -4.520453e-03
         vertex 6.285390e-02 1.734501e-02 -3.756948e-03
         vertex 6.155697e-02 1.703184e-02 -3.310091e-03
      endloop
   endfacet
   facet normal 1.327474e-01 -9.505188e-01 -2.808773e-01
      outer loop
         vertex 6.155697e-02 1.703184e-02 -3.310091e-03
         vertex 6.285390e-02 1.734501e-02 -3.756948e-03
         vertex 6.296547e-02 1.699600e-02 -2.523123e-03
      endloop
   endfacet
   facet normal 7.763814e-02 -9.799333e-01 -1.835839e-01
      outer loop
         vertex 6.155697e-02 1.703184e-02 -3.310091e-03
         vertex 6.296547e-02 1.699600e-02 -2.523123e-03
         vertex 6.163205e-02 1.679697e-02 -2.024650e-03
      endloop
   endfacet
   facet normal 1.255889e-01 -9.902993e-01 -5.945420e-02
      outer loop
         vertex 6.163205e-02 1.679697e-02 -2.024650e-03
         vertex 6.296547e-02 1.699600e-02 -2.523123e-03
         vertex 6.298922e-02 1.692170e-02 -1.235355e-03
      endloop
   endfacet
   facet normal 7.571166e-02 -9.967552e-01 2.732836e-02
      outer loop
         vertex 6.163205e-02 1.679697e-02 -2.024650e-03
         vertex 6.298922e-02 1.692170e-02 -1.235355e-03
         vertex 6.162085e-02 1.683202e-02 -7.153850e-04
      endloop
   endfacet
   facet normal 1.304495e-01 -9.758925e-01 1.749764e-01
      outer loop
         vertex 6.162085e-02 1.683202e-02 -7.153850e-04
         vertex 6.298922e-02 1.692170e-02 -1.235355e-03
         vertex 6.291949e-02 1.713983e-02 3.321647e-05
      endloop
   endfacet
   facet normal 8.287124e-02 -9.640084e-01 2.526264e-01
      outer loop
         vertex 6.162085e-02 1.683202e-02 -7.153850e-04
         vertex 6.291949e-02 1.713983e-02 3.321647e-05
         vertex 6.151785e-02 1.715423e-02 5.479588e-04
      endloop
   endfacet
   facet normal 1.375955e-01 -9.061186e-01 4.000208e-01
      outer loop
         vertex 6.151785e-02 1.715423e-02 5.479588e-04
         vertex 6.291949e-02 1.713983e-02 3.321647e-05
         vertex 6.276061e-02 1.763685e-02 1.213689e-03
      endloop
   endfacet
   facet normal 9.218678e-02 -8.800335e-01 4.658783e-01
      outer loop
         vertex 6.151785e-02 1.715423e-02 5.479588e-04
         vertex 6.276061e-02 1.763685e-02 1.213689e-03
         vertex 6.132905e-02 1.774484e-02 1.700951e-03
      endloop
   endfacet
   facet normal 1.179159e-01 -8.383470e-01 5.322312e-01
      outer loop
         vertex 6.132905e-02 1.774484e-02 1.700951e-03
         vertex 6.276061e-02 1.763685e-02 1.213689e-03
         vertex 6.262807e-02 1.782412e-02 1.538041e-03
      endloop
   endfacet
   facet normal 1.223170e-01 -8.016072e-01 5.852047e-01
      outer loop
         vertex 6.132905e-02 1.774484e-02 1.700951e-03
         vertex 6.262807e-02 1.782412e-02 1.538041e-03
         vertex 6.119675e-02 1.795013e-02 2.009810e-03
      endloop
   endfacet
   facet normal 1.305439e-01 -7.001965e-01 -7.019139e-01
      outer loop
         vertex 6.215266e-02 1.953870e-02 -6.827919e-03
         vertex 6.242940e-02 1.867298e-02 -5.912844e-03
         vertex 6.025365e-02 1.777206e-02 -5.418782e-03
      endloop
   endfacet
   facet normal 2.197413e-01 -8.202765e-01 -5.280722e-01
      outer loop
         vertex 6.025365e-02 1.777206e-02 -5.418782e-03
         vertex 6.242940e-02 1.867298e-02 -5.912844e-03
         vertex 6.140650e-02 1.750257e-02 -4.520453e-03
      endloop
   endfacet
   facet normal 1.768168e-01 -8.570140e-01 -4.840070e-01
      outer loop
         vertex 6.025365e-02 1.777206e-02 -5.418782e-03
         vertex 6.140650e-02 1.750257e-02 -4.520453e-03
         vertex 6.044932e-02 1.715994e-02 -4.263434e-03
      endloop
   endfacet
   facet normal 2.206721e-01 -8.994397e-01 -3.772428e-01
      outer loop
         vertex 6.044932e-02 1.715994e-02 -4.263434e-03
         vertex 6.140650e-02 1.750257e-02 -4.520453e-03
         vertex 6.155697e-02 1.703184e-02 -3.310091e-03
      endloop
   endfacet
   facet normal 1.668446e-01 -9.328859e-01 -3.191970e-01
      outer loop
         vertex 6.044932e-02 1.715994e-02 -4.263434e-03
         vertex 6.155697e-02 1.703184e-02 -3.310091e-03
         vertex 6.057884e-02 1.675479e-02 -3.011651e-03
      endloop
   endfacet
   facet normal 2.142555e-01 -9.585810e-01 -1.876620e-01
      outer loop
         vertex 6.057884e-02 1.675479e-02 -3.011651e-03
         vertex 6.155697e-02 1.703184e-02 -3.310091e-03
         vertex 6.163205e-02 1.679697e-02 -2.024650e-03
      endloop
   endfacet
   facet normal 1.595316e-01 -9.788066e-01 -1.284026e-01
      outer loop
         vertex 6.057884e-02 1.675479e-02 -3.011651e-03
         vertex 6.163205e-02 1.679697e-02 -2.024650e-03
         vertex 6.063120e-02 1.659100e-02 -1.698008e-03
      endloop
   endfacet
   facet normal 2.102413e-01 -9.772497e-01 2.795727e-02
      outer loop
         vertex 6.063120e-02 1.659100e-02 -1.698008e-03
         vertex 6.163205e-02 1.679697e-02 -2.024650e-03
         vertex 6.162085e-02 1.683202e-02 -7.153850e-04
      endloop
   endfacet
   facet normal 1.617334e-01 -9.837154e-01 7.839810e-02
      outer loop
         vertex 6.063120e-02 1.659100e-02 -1.698008e-03
         vertex 6.162085e-02 1.683202e-02 -7.153850e-04
         vertex 6.059925e-02 1.669094e-02 -3.780336e-04
      endloop
   endfacet
   facet normal 2.152001e-01 -9.419321e-01 2.577846e-01
      outer loop
         vertex 6.059925e-02 1.669094e-02 -3.780336e-04
         vertex 6.162085e-02 1.683202e-02 -7.153850e-04
         vertex 6.151785e-02 1.715423e-02 5.479588e-04
      endloop
   endfacet
   facet normal 1.649671e-01 -9.377801e-01 3.055394e-01
      outer loop
         vertex 6.059925e-02 1.669094e-02 -3.780336e-04
         vertex 6.151785e-02 1.715423e-02 5.479588e-04
         vertex 6.047548e-02 1.707811e-02 8.771138e-04
      endloop
   endfacet
   facet normal 2.117667e-01 -8.553395e-01 4.728099e-01
      outer loop
         vertex 6.047548e-02 1.707811e-02 8.771138e-04
         vertex 6.151785e-02 1.715423e-02 5.479588e-04
         vertex 6.132905e-02 1.774484e-02 1.700951e-03
      endloop
   endfacet
   facet normal 1.644469e-01 -8.431259e-01 5.119530e-01
      outer loop
         vertex 6.047548e-02 1.707811e-02 8.771138e-04
         vertex 6.132905e-02 1.774484e-02 1.700951e-03
         vertex 6.026810e-02 1.772687e-02 2.012162e-03
      endloop
   endfacet
   facet normal 1.954230e-01 -7.578475e-01 6.224765e-01
      outer loop
         vertex 6.026810e-02 1.772687e-02 2.012162e-03
         vertex 6.132905e-02 1.774484e-02 1.700951e-03
         vertex 6.019957e-02 1.794123e-02 2.294655e-03
      endloop
   endfacet
   facet normal 2.450099e-01 -7.427926e-01 6.230805e-01
      outer loop
         vertex 6.026810e-02 1.772687e-02 2.012162e-03
         vertex 6.019957e-02 1.794123e-02 2.294655e-03
         vertex 5.960677e-02 1.785413e-02 2.423921e-03
      endloop
   endfacet
   facet normal 2.551795e-01 -7.716661e-01 -5.825932e-01
      outer loop
         vertex 5.837439e-02 1.789141e-02 -6.356657e-03
         vertex 5.945061e-02 1.745056e-02 -5.301348e-03
         vertex 5.861225e-02 1.714730e-02 -5.266878e-03
      endloop
   endfacet
   facet normal 2.844118e-01 -8.389883e-01 -4.639057e-01
      outer loop
         vertex 5.861225e-02 1.714730e-02 -5.266878e-03
         vertex 5.945061e-02 1.745056e-02 -5.301348e-03
         vertex 5.963872e-02 1.686211e-02 -4.121775e-03
      endloop
   endfacet
   facet normal 2.728437e-01 -8.473323e-01 -4.556142e-01
      outer loop
         vertex 5.861225e-02 1.714730e-02 -5.266878e-03
         vertex 5.963872e-02 1.686211e-02 -4.121775e-03
         vertex 5.879814e-02 1.656579e-02 -4.074085e-03
      endloop
   endfacet
   facet normal 3.024619e-01 -9.057866e-01 -2.967618e-01
      outer loop
         vertex 5.879814e-02 1.656579e-02 -4.074085e-03
         vertex 5.963872e-02 1.686211e-02 -4.121775e-03
         vertex 5.975896e-02 1.648597e-02 -2.851181e-03
      endloop
   endfacet
   facet normal 2.947027e-01 -9.102174e-01 -2.909547e-01
      outer loop
         vertex 5.879814e-02 1.656579e-02 -4.074085e-03
         vertex 5.975896e-02 1.648597e-02 -2.851181e-03
         vertex 5.891675e-02 1.619474e-02 -2.793150e-03
      endloop
   endfacet
   facet normal 3.187424e-01 -9.422484e-01 -1.028168e-01
      outer loop
         vertex 5.891675e-02 1.619474e-02 -2.793150e-03
         vertex 5.975896e-02 1.648597e-02 -2.851181e-03
         vertex 5.980071e-02 1.635536e-02 -1.524732e-03
      endloop
   endfacet
   facet normal 3.116255e-01 -9.451912e-01 -9.748434e-02
      outer loop
         vertex 5.891675e-02 1.619474e-02 -2.793150e-03
         vertex 5.980071e-02 1.635536e-02 -1.524732e-03
         vertex 5.895652e-02 1.607036e-02 -1.460053e-03
      endloop
   endfacet
   facet normal 3.251999e-01 -9.401277e-01 1.020045e-01
      outer loop
         vertex 5.895652e-02 1.607036e-02 -1.460053e-03
         vertex 5.980071e-02 1.635536e-02 -1.524732e-03
         vertex 5.975930e-02 1.648489e-02 -1.988415e-04
      endloop
   endfacet
   facet normal 3.174922e-01 -9.421396e-01 1.075719e-01
      outer loop
         vertex 5.895652e-02 1.607036e-02 -1.460053e-03
         vertex 5.975930e-02 1.648489e-02 -1.988415e-04
         vertex 5.891261e-02 1.620770e-02 -1.275436e-04
      endloop
   endfacet
   facet normal 3.187655e-01 -8.894663e-01 3.274726e-01
      outer loop
         vertex 5.891261e-02 1.620770e-02 -1.275436e-04
         vertex 5.975930e-02 1.648489e-02 -1.988415e-04
         vertex 5.962690e-02 1.689908e-02 1.055045e-03
      endloop
   endfacet
   facet normal 3.270894e-01 -8.884877e-01 3.218727e-01
      outer loop
         vertex 5.891261e-02 1.620770e-02 -1.275436e-04
         vertex 5.962690e-02 1.689908e-02 1.055045e-03
         vertex 5.878139e-02 1.661821e-02 1.138941e-03
      endloop
   endfacet
   facet normal 3.144195e-01 -7.886859e-01 5.283132e-01
      outer loop
         vertex 5.878139e-02 1.661821e-02 1.138941e-03
         vertex 5.962690e-02 1.689908e-02 1.055045e-03
         vertex 5.941206e-02 1.757116e-02 2.186208e-03
      endloop
   endfacet
   facet normal 3.277099e-01 -7.886299e-01 5.202587e-01
      outer loop
         vertex 5.878139e-02 1.661821e-02 1.138941e-03
         vertex 5.941206e-02 1.757116e-02 2.186208e-03
         vertex 5.856856e-02 1.728398e-02 2.282200e-03
      endloop
   endfacet
   facet normal 3.145197e-01 -7.151385e-01 6.242230e-01
      outer loop
         vertex 5.856856e-02 1.728398e-02 2.282200e-03
         vertex 5.941206e-02 1.757116e-02 2.186208e-03
         vertex 5.849878e-02 1.750228e-02 2.567461e-03
      endloop
   endfacet
   facet normal 3.379264e-01 -7.057023e-01 6.227279e-01
      outer loop
         vertex 5.856856e-02 1.728398e-02 2.282200e-03
         vertex 5.849878e-02 1.750228e-02 2.567461e-03
         vertex 5.843657e-02 1.747768e-02 2.573337e-03
      endloop
   endfacet
   facet normal 2.889272e-01 -5.228417e-01 -8.019711e-01
      outer loop
         vertex 5.877204e-02 2.240693e-02 -9.847829e-03
         vertex 6.087440e-02 2.353744e-02 -9.827437e-03
         vertex 5.942336e-02 2.036945e-02 -8.284851e-03
      endloop
   endfacet
   facet normal 2.056313e-01 -5.029596e-01 -8.394923e-01
      outer loop
         vertex 5.942336e-02 2.036945e-02 -8.284851e-03
         vertex 6.087440e-02 2.353744e-02 -9.827437e-03
         vertex 6.153617e-02 2.146724e-02 -8.425035e-03
      endloop
   endfacet
   facet normal 2.636029e-01 -6.034342e-01 -7.525826e-01
      outer loop
         vertex 5.942336e-02 2.036945e-02 -8.284851e-03
         vertex 6.153617e-02 2.146724e-02 -8.425035e-03
         vertex 5.972695e-02 1.941974e-02 -7.417017e-03
      endloop
   endfacet
   facet normal 1.891364e-01 -5.631526e-01 -8.044169e-01
      outer loop
         vertex 5.972695e-02 1.941974e-02 -7.417017e-03
         vertex 6.153617e-02 2.146724e-02 -8.425035e-03
         vertex 6.185217e-02 2.047870e-02 -7.658686e-03
      endloop
   endfacet
   facet normal 2.556188e-01 -6.716831e-01 -6.953423e-01
      outer loop
         vertex 5.972695e-02 1.941974e-02 -7.417017e-03
         vertex 6.185217e-02 2.047870e-02 -7.658686e-03
         vertex 6.000730e-02 1.854272e-02 -6.466781e-03
      endloop
   endfacet
   facet normal 2.634054e-01 -4.357799e-01 -8.606471e-01
      outer loop
         vertex 5.771898e-02 2.569815e-02 -1.209339e-02
         vertex 5.776062e-02 2.557095e-02 -1.201624e-02
         vertex 5.613657e-02 2.489192e-02 -1.216947e-02
      endloop
   endfacet
   facet normal 2.839415e-01 -4.936125e-01 -8.220243e-01
      outer loop
         vertex 5.613657e-02 2.489192e-02 -1.216947e-02
         vertex 5.776062e-02 2.557095e-02 -1.201624e-02
         vertex 5.647943e-02 2.381936e-02 -1.140698e-02
      endloop
   endfacet
   facet normal 2.357392e-01 -5.118962e-01 -8.260686e-01
      outer loop
         vertex 5.613657e-02 2.489192e-02 -1.216947e-02
         vertex 5.647943e-02 2.381936e-02 -1.140698e-02
         vertex 5.507364e-02 2.452037e-02 -1.224256e-02
      endloop
   endfacet
   facet normal 2.327949e-01 -5.158570e-01 -8.244380e-01
      outer loop
         vertex 5.507364e-02 2.452037e-02 -1.224256e-02
         vertex 5.647943e-02 2.381936e-02 -1.140698e-02
         vertex 5.476600e-02 2.316186e-02 -1.147940e-02
      endloop
   endfacet
   facet normal 2.293474e-01 -5.156807e-01 -8.255139e-01
      outer loop
         vertex 5.507364e-02 2.452037e-02 -1.224256e-02
         vertex 5.476600e-02 2.316186e-02 -1.147940e-02
         vertex 5.442161e-02 2.423006e-02 -1.224236e-02
      endloop
   endfacet
   facet normal 2.237916e-01 -5.176712e-01 -8.257929e-01
      outer loop
         vertex 5.442161e-02 2.423006e-02 -1.224236e-02
         vertex 5.476600e-02 2.316186e-02 -1.147940e-02
         vertex 5.300705e-02 2.310470e-02 -1.192025e-02
      endloop
   endfacet
   facet normal 2.066882e-01 -5.004487e-01 -8.407325e-01
      outer loop
         vertex 5.442161e-02 2.423006e-02 -1.224236e-02
         vertex 5.300705e-02 2.310470e-02 -1.192025e-02
         vertex 5.284481e-02 2.352803e-02 -1.221212e-02
      endloop
   endfacet
   facet normal 2.548034e-01 -5.555749e-01 -7.914618e-01
      outer loop
         vertex 5.715087e-02 2.171892e-02 -9.886789e-03
         vertex 5.877204e-02 2.240693e-02 -9.847829e-03
         vertex 5.779994e-02 1.968844e-02 -8.252511e-03
      endloop
   endfacet
   facet normal 2.147753e-01 -5.503031e-01 -8.068693e-01
      outer loop
         vertex 5.779994e-02 1.968844e-02 -8.252511e-03
         vertex 5.877204e-02 2.240693e-02 -9.847829e-03
         vertex 5.942336e-02 2.036945e-02 -8.284851e-03
      endloop
   endfacet
   facet normal 2.494769e-01 -6.296475e-01 -7.357346e-01
      outer loop
         vertex 5.779994e-02 1.968844e-02 -8.252511e-03
         vertex 5.942336e-02 2.036945e-02 -8.284851e-03
         vertex 5.810005e-02 1.874961e-02 -7.347296e-03
      endloop
   endfacet
   facet normal 2.222507e-01 -6.180274e-01 -7.540867e-01
      outer loop
         vertex 5.810005e-02 1.874961e-02 -7.347296e-03
         vertex 5.942336e-02 2.036945e-02 -8.284851e-03
         vertex 5.972695e-02 1.941974e-02 -7.417017e-03
      endloop
   endfacet
   facet normal 2.570653e-01 -6.940564e-01 -6.724605e-01
      outer loop
         vertex 5.810005e-02 1.874961e-02 -7.347296e-03
         vertex 5.972695e-02 1.941974e-02 -7.417017e-03
         vertex 5.837439e-02 1.789141e-02 -6.356657e-03
      endloop
   endfacet
   facet normal 2.250966e-01 -6.819953e-01 -6.958548e-01
      outer loop
         vertex 5.837439e-02 1.789141e-02 -6.356657e-03
         vertex 5.972695e-02 1.941974e-02 -7.417017e-03
         vertex 6.000730e-02 1.854272e-02 -6.466781e-03
      endloop
   endfacet
   facet normal 2.648140e-01 -7.635057e-01 -5.890098e-01
      outer loop
         vertex 5.837439e-02 1.789141e-02 -6.356657e-03
         vertex 6.000730e-02 1.854272e-02 -6.466781e-03
         vertex 5.945061e-02 1.745056e-02 -5.301348e-03
      endloop
   endfacet
   facet normal 2.392582e-01 -5.705791e-01 -7.856176e-01
      outer loop
         vertex 5.544079e-02 2.105092e-02 -9.922437e-03
         vertex 5.715087e-02 2.171892e-02 -9.886789e-03
         vertex 5.609126e-02 1.901607e-02 -8.246464e-03
      endloop
   endfacet
   facet normal 2.206190e-01 -5.677885e-01 -7.930596e-01
      outer loop
         vertex 5.609126e-02 1.901607e-02 -8.246464e-03
         vertex 5.715087e-02 2.171892e-02 -9.886789e-03
         vertex 5.779994e-02 1.968844e-02 -8.252511e-03
      endloop
   endfacet
   facet normal 2.483006e-01 -6.375618e-01 -7.292885e-01
      outer loop
         vertex 5.609126e-02 1.901607e-02 -8.246464e-03
         vertex 5.779994e-02 1.968844e-02 -8.252511e-03
         vertex 5.639194e-02 1.807548e-02 -7.321811e-03
      endloop
   endfacet
   facet normal 2.389684e-01 -6.333258e-01 -7.360656e-01
      outer loop
         vertex 5.639194e-02 1.807548e-02 -7.321811e-03
         vertex 5.779994e-02 1.968844e-02 -8.252511e-03
         vertex 5.810005e-02 1.874961e-02 -7.347296e-03
      endloop
   endfacet
   facet normal 2.651199e-01 -6.969517e-01 -6.663105e-01
      outer loop
         vertex 5.639194e-02 1.807548e-02 -7.321811e-03
         vertex 5.810005e-02 1.874961e-02 -7.347296e-03
         vertex 5.666675e-02 1.721578e-02 -6.313229e-03
      endloop
   endfacet
   facet normal 2.574486e-01 -6.939232e-01 -6.724513e-01
      outer loop
         vertex 5.666675e-02 1.721578e-02 -6.313229e-03
         vertex 5.810005e-02 1.874961e-02 -7.347296e-03
         vertex 5.837439e-02 1.789141e-02 -6.356657e-03
      endloop
   endfacet
   facet normal 2.877347e-01 -7.643390e-01 -5.770568e-01
      outer loop
         vertex 5.666675e-02 1.721578e-02 -6.313229e-03
         vertex 5.837439e-02 1.789141e-02 -6.356657e-03
         vertex 5.690506e-02 1.647030e-02 -5.206975e-03
      endloop
   endfacet
   facet normal 2.819729e-01 -7.625639e-01 -5.822264e-01
      outer loop
         vertex 5.690506e-02 1.647030e-02 -5.206975e-03
         vertex 5.837439e-02 1.789141e-02 -6.356657e-03
         vertex 5.861225e-02 1.714730e-02 -5.266878e-03
      endloop
   endfacet
   facet normal 3.152559e-01 -8.348975e-01 -4.511760e-01
      outer loop
         vertex 5.690506e-02 1.647030e-02 -5.206975e-03
         vertex 5.861225e-02 1.714730e-02 -5.266878e-03
         vertex 5.709138e-02 1.588744e-02 -3.998213e-03
      endloop
   endfacet
   facet normal 3.113119e-01 -8.341914e-01 -4.552028e-01
      outer loop
         vertex 5.709138e-02 1.588744e-02 -3.998213e-03
         vertex 5.861225e-02 1.714730e-02 -5.266878e-03
         vertex 5.879814e-02 1.656579e-02 -4.074085e-03
      endloop
   endfacet
   facet normal 3.424187e-01 -8.939012e-01 -2.892924e-01
      outer loop
         vertex 5.709138e-02 1.588744e-02 -3.998213e-03
         vertex 5.879814e-02 1.656579e-02 -4.074085e-03
         vertex 5.721083e-02 1.551376e-02 -2.702145e-03
      endloop
   endfacet
   facet normal 3.413373e-01 -8.939074e-01 -2.905483e-01
      outer loop
         vertex 5.721083e-02 1.551376e-02 -2.702145e-03
         vertex 5.879814e-02 1.656579e-02 -4.074085e-03
         vertex 5.891675e-02 1.619474e-02 -2.793150e-03
      endloop
   endfacet
   facet normal 3.647651e-01 -9.263370e-01 -9.405475e-02
      outer loop
         vertex 5.721083e-02 1.551376e-02 -2.702145e-03
         vertex 5.891675e-02 1.619474e-02 -2.793150e-03
         vertex 5.724963e-02 1.539239e-02 -1.356354e-03
      endloop
   endfacet
   facet normal 3.622799e-01 -9.269772e-01 -9.729585e-02
      outer loop
         vertex 5.724963e-02 1.539239e-02 -1.356354e-03
         vertex 5.891675e-02 1.619474e-02 -2.793150e-03
         vertex 5.895652e-02 1.607036e-02 -1.460053e-03
      endloop
   endfacet
   facet normal 3.726986e-01 -9.210654e-01 1.128463e-01
      outer loop
         vertex 5.724963e-02 1.539239e-02 -1.356354e-03
         vertex 5.895652e-02 1.607036e-02 -1.460053e-03
         vertex 5.720294e-02 1.553843e-02 -1.013361e-05
      endloop
   endfacet
   facet normal 3.688042e-01 -9.232908e-01 1.073198e-01
      outer loop
         vertex 5.720294e-02 1.553843e-02 -1.013361e-05
         vertex 5.895652e-02 1.607036e-02 -1.460053e-03
         vertex 5.891261e-02 1.620770e-02 -1.275436e-04
      endloop
   endfacet
   facet normal 3.650272e-01 -8.783011e-01 3.087755e-01
      outer loop
         vertex 5.720294e-02 1.553843e-02 -1.013361e-05
         vertex 5.891261e-02 1.620770e-02 -1.275436e-04
         vertex 5.707508e-02 1.593843e-02 1.278792e-03
      endloop
   endfacet
   facet normal 3.731147e-01 -8.705489e-01 3.208271e-01
      outer loop
         vertex 5.707508e-02 1.593843e-02 1.278792e-03
         vertex 5.891261e-02 1.620770e-02 -1.275436e-04
         vertex 5.878139e-02 1.661821e-02 1.138941e-03
      endloop
   endfacet
   facet normal 3.572560e-01 -7.963331e-01 4.880796e-01
      outer loop
         vertex 5.707508e-02 1.593843e-02 1.278792e-03
         vertex 5.878139e-02 1.661821e-02 1.138941e-03
         vertex 5.687264e-02 1.657170e-02 2.460199e-03
      endloop
   endfacet
   facet normal 3.769439e-01 -7.681759e-01 5.175125e-01
      outer loop
         vertex 5.687264e-02 1.657170e-02 2.460199e-03
         vertex 5.878139e-02 1.661821e-02 1.138941e-03
         vertex 5.856856e-02 1.728398e-02 2.282200e-03
      endloop
   endfacet
   facet normal 3.553751e-01 -6.880331e-01 6.327077e-01
      outer loop
         vertex 5.687264e-02 1.657170e-02 2.460199e-03
         vertex 5.856856e-02 1.728398e-02 2.282200e-03
         vertex 5.820824e-02 1.738509e-02 2.594535e-03
      endloop
   endfacet
   facet normal 3.429012e-01 -7.029328e-01 6.231407e-01
      outer loop
         vertex 5.820824e-02 1.738509e-02 2.594535e-03
         vertex 5.856856e-02 1.728398e-02 2.282200e-03
         vertex 5.843657e-02 1.747768e-02 2.573337e-03
      endloop
   endfacet
   facet normal 1.851509e-01 -4.965253e-01 -8.480458e-01
      outer loop
         vertex 6.352859e-02 2.254279e-02 -8.501190e-03
         vertex 6.385537e-02 2.152054e-02 -7.831323e-03
         vertex 6.185217e-02 2.047870e-02 -7.658686e-03
      endloop
   endfacet
   facet normal 2.446584e-01 -5.970187e-01 -7.640098e-01
      outer loop
         vertex 6.185217e-02 2.047870e-02 -7.658686e-03
         vertex 6.385537e-02 2.152054e-02 -7.831323e-03
         vertex 6.215266e-02 1.953870e-02 -6.827919e-03
      endloop
   endfacet
   facet normal 1.610791e-01 -6.241713e-01 -7.645022e-01
      outer loop
         vertex 6.185217e-02 2.047870e-02 -7.658686e-03
         vertex 6.215266e-02 1.953870e-02 -6.827919e-03
         vertex 6.000730e-02 1.854272e-02 -6.466781e-03
      endloop
   endfacet
   facet normal 2.463633e-01 -7.522477e-01 -6.110880e-01
      outer loop
         vertex 6.000730e-02 1.854272e-02 -6.466781e-03
         vertex 6.215266e-02 1.953870e-02 -6.827919e-03
         vertex 6.025365e-02 1.777206e-02 -5.418782e-03
      endloop
   endfacet
   facet normal 2.156496e-01 -7.617861e-01 -6.108823e-01
      outer loop
         vertex 6.000730e-02 1.854272e-02 -6.466781e-03
         vertex 6.025365e-02 1.777206e-02 -5.418782e-03
         vertex 5.945061e-02 1.745056e-02 -5.301348e-03
      endloop
   endfacet
   facet normal 2.626164e-01 -8.335167e-01 -4.860891e-01
      outer loop
         vertex 5.945061e-02 1.745056e-02 -5.301348e-03
         vertex 6.025365e-02 1.777206e-02 -5.418782e-03
         vertex 6.044932e-02 1.715994e-02 -4.263434e-03
      endloop
   endfacet
   facet normal 2.330636e-01 -8.548316e-01 -4.636208e-01
      outer loop
         vertex 5.945061e-02 1.745056e-02 -5.301348e-03
         vertex 6.044932e-02 1.715994e-02 -4.263434e-03
         vertex 5.963872e-02 1.686211e-02 -4.121775e-03
      endloop
   endfacet
   facet normal 2.765066e-01 -9.055675e-01 -3.217012e-01
      outer loop
         vertex 5.963872e-02 1.686211e-02 -4.121775e-03
         vertex 6.044932e-02 1.715994e-02 -4.263434e-03
         vertex 6.057884e-02 1.675479e-02 -3.011651e-03
      endloop
   endfacet
   facet normal 2.446685e-01 -9.231792e-01 -2.964415e-01
      outer loop
         vertex 5.963872e-02 1.686211e-02 -4.121775e-03
         vertex 6.057884e-02 1.675479e-02 -3.011651e-03
         vertex 5.975896e-02 1.648597e-02 -2.851181e-03
      endloop
   endfacet
   facet normal 2.858966e-01 -9.494320e-01 -1.297766e-01
      outer loop
         vertex 5.975896e-02 1.648597e-02 -2.851181e-03
         vertex 6.057884e-02 1.675479e-02 -3.011651e-03
         vertex 6.063120e-02 1.659100e-02 -1.698008e-03
      endloop
   endfacet
   facet normal 2.516354e-01 -9.623593e-01 -1.026848e-01
      outer loop
         vertex 5.975896e-02 1.648597e-02 -2.851181e-03
         vertex 6.063120e-02 1.659100e-02 -1.698008e-03
         vertex 5.980071e-02 1.635536e-02 -1.524732e-03
      endloop
   endfacet
   facet normal 2.873714e-01 -9.545367e-01 7.922968e-02
      outer loop
         vertex 5.980071e-02 1.635536e-02 -1.524732e-03
         vertex 6.063120e-02 1.659100e-02 -1.698008e-03
         vertex 6.059925e-02 1.669094e-02 -3.780336e-04
      endloop
   endfacet
   facet normal 2.574639e-01 -9.608980e-01 1.019182e-01
      outer loop
         vertex 5.980071e-02 1.635536e-02 -1.524732e-03
         vertex 6.059925e-02 1.669094e-02 -3.780336e-04
         vertex 5.975930e-02 1.648489e-02 -1.988415e-04
      endloop
   endfacet
   facet normal 2.881456e-01 -9.066713e-01 3.080896e-01
      outer loop
         vertex 5.975930e-02 1.648489e-02 -1.988415e-04
         vertex 6.059925e-02 1.669094e-02 -3.780336e-04
         vertex 6.047548e-02 1.707811e-02 8.771138e-04
      endloop
   endfacet
   facet normal 2.602977e-01 -9.082837e-01 3.275147e-01
      outer loop
         vertex 5.975930e-02 1.648489e-02 -1.988415e-04
         vertex 6.047548e-02 1.707811e-02 8.771138e-04
         vertex 5.962690e-02 1.689908e-02 1.055045e-03
      endloop
   endfacet
   facet normal 2.789451e-01 -8.108855e-01 5.144456e-01
      outer loop
         vertex 5.962690e-02 1.689908e-02 1.055045e-03
         vertex 6.047548e-02 1.707811e-02 8.771138e-04
         vertex 6.026810e-02 1.772687e-02 2.012162e-03
      endloop
   endfacet
   facet normal 2.548151e-01 -8.093033e-01 5.292423e-01
      outer loop
         vertex 5.962690e-02 1.689908e-02 1.055045e-03
         vertex 6.026810e-02 1.772687e-02 2.012162e-03
         vertex 5.941206e-02 1.757116e-02 2.186208e-03
      endloop
   endfacet
   facet normal 2.616509e-01 -7.199969e-01 6.427622e-01
      outer loop
         vertex 5.941206e-02 1.757116e-02 2.186208e-03
         vertex 6.026810e-02 1.772687e-02 2.012162e-03
         vertex 5.960677e-02 1.785413e-02 2.423921e-03
      endloop
   endfacet
   facet normal 3.103041e-01 -7.275359e-01 6.118848e-01
      outer loop
         vertex 5.941206e-02 1.757116e-02 2.186208e-03
         vertex 5.960677e-02 1.785413e-02 2.423921e-03
         vertex 5.849878e-02 1.750228e-02 2.567461e-03
      endloop
   endfacet
   facet normal 2.668761e-01 -3.850064e-01 -8.834858e-01
      outer loop
         vertex 6.591427e-02 2.365342e-02 -8.376203e-03
         vertex 6.439992e-02 2.545155e-02 -9.617236e-03
         vertex 6.523029e-02 2.579308e-02 -9.515237e-03
      endloop
   endfacet
   facet normal 2.621552e-01 -3.713719e-01 -8.907062e-01
      outer loop
         vertex 6.523029e-02 2.579308e-02 -9.515237e-03
         vertex 6.439992e-02 2.545155e-02 -9.617236e-03
         vertex 6.370834e-02 2.761501e-02 -1.072282e-02
      endloop
   endfacet
   facet normal 2.823308e-01 -3.548856e-01 -8.912606e-01
      outer loop
         vertex 6.523029e-02 2.579308e-02 -9.515237e-03
         vertex 6.370834e-02 2.761501e-02 -1.072282e-02
         vertex 6.453814e-02 2.795833e-02 -1.059666e-02
      endloop
   endfacet
   facet normal 2.791244e-01 -3.453998e-01 -8.959847e-01
      outer loop
         vertex 6.453814e-02 2.795833e-02 -1.059666e-02
         vertex 6.370834e-02 2.761501e-02 -1.072282e-02
         vertex 6.349945e-02 2.827178e-02 -1.104107e-02
      endloop
   endfacet
   facet normal 2.847642e-01 -3.315848e-01 -8.994225e-01
      outer loop
         vertex 6.453814e-02 2.795833e-02 -1.059666e-02
         vertex 6.349945e-02 2.827178e-02 -1.104107e-02
         vertex 6.396385e-02 2.847854e-02 -1.097027e-02
      endloop
   endfacet
   facet normal 3.369401e-01 -3.866770e-01 -8.584592e-01
      outer loop
         vertex 6.135987e-02 2.731918e-02 -1.141408e-02
         vertex 6.205522e-02 2.762877e-02 -1.128061e-02
         vertex 6.019488e-02 2.566317e-02 -1.112542e-02
      endloop
   endfacet
   facet normal 3.012246e-01 -3.549711e-01 -8.850193e-01
      outer loop
         vertex 6.019488e-02 2.566317e-02 -1.112542e-02
         vertex 6.205522e-02 2.762877e-02 -1.128061e-02
         vertex 6.217300e-02 2.678345e-02 -1.090148e-02
      endloop
   endfacet
   facet normal 3.113283e-01 -3.751941e-01 -8.731003e-01
      outer loop
         vertex 6.019488e-02 2.566317e-02 -1.112542e-02
         vertex 6.217300e-02 2.678345e-02 -1.090148e-02
         vertex 6.285722e-02 2.464303e-02 -9.737706e-03
      endloop
   endfacet
   facet normal 2.733425e-01 -3.905740e-01 -8.790540e-01
      outer loop
         vertex 6.285722e-02 2.464303e-02 -9.737706e-03
         vertex 6.217300e-02 2.678345e-02 -1.090148e-02
         vertex 6.439992e-02 2.545155e-02 -9.617236e-03
      endloop
   endfacet
   facet normal 2.737862e-01 -3.915028e-01 -8.785025e-01
      outer loop
         vertex 6.285722e-02 2.464303e-02 -9.737706e-03
         vertex 6.439992e-02 2.545155e-02 -9.617236e-03
         vertex 6.508176e-02 2.331856e-02 -8.454175e-03
      endloop
   endfacet
   facet normal 2.446089e-01 -4.027481e-01 -8.820207e-01
      outer loop
         vertex 6.508176e-02 2.331856e-02 -8.454175e-03
         vertex 6.439992e-02 2.545155e-02 -9.617236e-03
         vertex 6.591427e-02 2.365342e-02 -8.376203e-03
      endloop
   endfacet
   facet normal 2.599839e-01 -4.470558e-01 -8.558910e-01
      outer loop
         vertex 6.508176e-02 2.331856e-02 -8.454175e-03
         vertex 6.591427e-02 2.365342e-02 -8.376203e-03
         vertex 6.574346e-02 2.124858e-02 -7.171972e-03
      endloop
   endfacet
   facet normal 1.286467e-01 -6.154917e-01 -7.775731e-01
      outer loop
         vertex 6.804430e-02 1.986839e-02 -5.700966e-03
         vertex 6.833886e-02 1.894690e-02 -4.922826e-03
         vertex 6.663990e-02 1.844427e-02 -4.806054e-03
      endloop
   endfacet
   facet normal 1.575539e-01 -6.954361e-01 -7.011030e-01
      outer loop
         vertex 6.663990e-02 1.844427e-02 -4.806054e-03
         vertex 6.833886e-02 1.894690e-02 -4.922826e-03
         vertex 6.860415e-02 1.811703e-02 -4.040039e-03
      endloop
   endfacet
   facet normal 1.009195e-01 -7.948534e-01 -5.983505e-01
      outer loop
         vertex 6.663990e-02 1.844427e-02 -4.806054e-03
         vertex 6.860415e-02 1.811703e-02 -4.040039e-03
         vertex 6.774835e-02 1.791590e-02 -3.917200e-03
      endloop
   endfacet
   facet normal 1.303998e-01 -8.581376e-01 -4.965841e-01
      outer loop
         vertex 6.774835e-02 1.791590e-02 -3.917200e-03
         vertex 6.860415e-02 1.811703e-02 -4.040039e-03
         vertex 6.748244e-02 1.745215e-02 -3.185628e-03
      endloop
   endfacet
   facet normal 1.194215e-01 -8.576115e-01 -5.002410e-01
      outer loop
         vertex 6.774835e-02 1.791590e-02 -3.917200e-03
         vertex 6.748244e-02 1.745215e-02 -3.185628e-03
         vertex 6.687029e-02 1.772356e-02 -3.797083e-03
      endloop
   endfacet
   facet normal 5.466636e-02 -8.911931e-01 -4.503182e-01
      outer loop
         vertex 6.687029e-02 1.772356e-02 -3.797083e-03
         vertex 6.748244e-02 1.745215e-02 -3.185628e-03
         vertex 6.734775e-02 1.741731e-02 -3.133039e-03
      endloop
   endfacet
   facet normal 2.284295e-02 -9.014945e-01 -4.321874e-01
      outer loop
         vertex 6.687029e-02 1.772356e-02 -3.797083e-03
         vertex 6.734775e-02 1.741731e-02 -3.133039e-03
         vertex 6.671967e-02 1.725488e-02 -2.827421e-03
      endloop
   endfacet
   facet normal -2.583349e-02 -7.577419e-01 -6.520429e-01
      outer loop
         vertex 6.931204e-02 1.792531e-02 -3.784898e-03
         vertex 6.867980e-02 1.776180e-02 -3.569838e-03
         vertex 6.950422e-02 1.829876e-02 -4.226500e-03
      endloop
   endfacet
   facet normal 3.492130e-02 -7.947044e-01 -6.059913e-01
      outer loop
         vertex 6.950422e-02 1.829876e-02 -4.226500e-03
         vertex 6.867980e-02 1.776180e-02 -3.569838e-03
         vertex 6.860415e-02 1.811703e-02 -4.040039e-03
      endloop
   endfacet
   facet normal -1.369439e-02 -6.822122e-01 -7.310260e-01
      outer loop
         vertex 6.950422e-02 1.829876e-02 -4.226500e-03
         vertex 6.860415e-02 1.811703e-02 -4.040039e-03
         vertex 6.922715e-02 1.916553e-02 -5.030205e-03
      endloop
   endfacet
   facet normal 9.099682e-02 -7.117886e-01 -6.964744e-01
      outer loop
         vertex 6.922715e-02 1.916553e-02 -5.030205e-03
         vertex 6.860415e-02 1.811703e-02 -4.040039e-03
         vertex 6.833886e-02 1.894690e-02 -4.922826e-03
      endloop
   endfacet
   facet normal 5.085545e-02 -5.990842e-01 -7.990694e-01
      outer loop
         vertex 6.922715e-02 1.916553e-02 -5.030205e-03
         vertex 6.833886e-02 1.894690e-02 -4.922826e-03
         vertex 6.892917e-02 2.009769e-02 -5.748032e-03
      endloop
   endfacet
   facet normal 1.188554e-01 -6.181540e-01 -7.770193e-01
      outer loop
         vertex 6.892917e-02 2.009769e-02 -5.748032e-03
         vertex 6.833886e-02 1.894690e-02 -4.922826e-03
         vertex 6.804430e-02 1.986839e-02 -5.700966e-03
      endloop
   endfacet
   facet normal 9.009138e-02 -5.217854e-01 -8.483063e-01
      outer loop
         vertex 6.892917e-02 2.009769e-02 -5.748032e-03
         vertex 6.804430e-02 1.986839e-02 -5.700966e-03
         vertex 6.830063e-02 2.206395e-02 -7.024216e-03
      endloop
   endfacet
   facet normal 2.293752e-01 -5.219318e-01 -8.215682e-01
      outer loop
         vertex 6.830063e-02 2.206395e-02 -7.024216e-03
         vertex 6.804430e-02 1.986839e-02 -5.700966e-03
         vertex 6.773282e-02 2.084279e-02 -6.406953e-03
      endloop
   endfacet
   facet normal 9.689563e-02 -7.730953e-01 -6.268452e-01
      outer loop
         vertex 6.475811e-02 1.869653e-02 -5.473681e-03
         vertex 6.580080e-02 1.819227e-02 -4.690599e-03
         vertex 6.500187e-02 1.793399e-02 -4.495556e-03
      endloop
   endfacet
   facet normal 1.370012e-01 -8.309630e-01 -5.391949e-01
      outer loop
         vertex 6.500187e-02 1.793399e-02 -4.495556e-03
         vertex 6.580080e-02 1.819227e-02 -4.690599e-03
         vertex 6.600904e-02 1.754081e-02 -3.633711e-03
      endloop
   endfacet
   facet normal 4.978302e-02 -8.854222e-01 -4.621139e-01
      outer loop
         vertex 6.500187e-02 1.793399e-02 -4.495556e-03
         vertex 6.600904e-02 1.754081e-02 -3.633711e-03
         vertex 6.518389e-02 1.736456e-02 -3.384891e-03
      endloop
   endfacet
   facet normal 9.698124e-02 -9.351213e-01 -3.407974e-01
      outer loop
         vertex 6.518389e-02 1.736456e-02 -3.384891e-03
         vertex 6.600904e-02 1.754081e-02 -3.633711e-03
         vertex 6.614194e-02 1.712509e-02 -2.455189e-03
      endloop
   endfacet
   facet normal -9.089918e-04 -9.686185e-01 -2.485505e-01
      outer loop
         vertex 6.518389e-02 1.736456e-02 -3.384891e-03
         vertex 6.614194e-02 1.712509e-02 -2.455189e-03
         vertex 6.528378e-02 1.705211e-02 -2.167612e-03
      endloop
   endfacet
   facet normal 1.557119e-02 -9.792475e-01 -2.020692e-01
      outer loop
         vertex 6.528378e-02 1.705211e-02 -2.167612e-03
         vertex 6.614194e-02 1.712509e-02 -2.455189e-03
         vertex 6.604818e-02 1.708122e-02 -2.249794e-03
      endloop
   endfacet
   facet normal 2.462329e-02 -9.921692e-01 -1.224499e-01
      outer loop
         vertex 6.528378e-02 1.705211e-02 -2.167612e-03
         vertex 6.604818e-02 1.708122e-02 -2.249794e-03
         vertex 6.583832e-02 1.702695e-02 -1.852246e-03
      endloop
   endfacet
   facet normal -7.200677e-04 -9.342124e-01 3.567166e-01
      outer loop
         vertex 6.512102e-02 1.745560e-02 6.504562e-04
         vertex 6.414314e-02 1.747838e-02 7.081270e-04
         vertex 6.519540e-02 1.732859e-02 3.179674e-04
      endloop
   endfacet
   facet normal -2.279200e-02 -9.523508e-01 3.041522e-01
      outer loop
         vertex 6.519540e-02 1.732859e-02 3.179674e-04
         vertex 6.414314e-02 1.747838e-02 7.081270e-04
         vertex 6.426734e-02 1.708982e-02 -4.992132e-04
      endloop
   endfacet
   facet normal 4.957985e-02 -9.724377e-01 2.278305e-01
      outer loop
         vertex 6.519540e-02 1.732859e-02 3.179674e-04
         vertex 6.426734e-02 1.708982e-02 -4.992132e-04
         vertex 6.528590e-02 1.704547e-02 -9.101394e-04
      endloop
   endfacet
   facet normal -1.101430e-02 -9.967134e-01 8.025673e-02
      outer loop
         vertex 6.528590e-02 1.704547e-02 -9.101394e-04
         vertex 6.426734e-02 1.708982e-02 -4.992132e-04
         vertex 6.430005e-02 1.698750e-02 -1.765382e-03
      endloop
   endfacet
   facet normal 6.334399e-02 -9.979773e-01 -5.371066e-03
      outer loop
         vertex 6.528590e-02 1.704547e-02 -9.101394e-04
         vertex 6.430005e-02 1.698750e-02 -1.765382e-03
         vertex 6.528378e-02 1.705211e-02 -2.167612e-03
      endloop
   endfacet
   facet normal 9.171884e-04 -9.876942e-01 -1.563949e-01
      outer loop
         vertex 6.528378e-02 1.705211e-02 -2.167612e-03
         vertex 6.430005e-02 1.698750e-02 -1.765382e-03
         vertex 6.423651e-02 1.718625e-02 -3.020948e-03
      endloop
   endfacet
   facet normal 8.369540e-02 -9.635272e-01 -2.541858e-01
      outer loop
         vertex 6.528378e-02 1.705211e-02 -2.167612e-03
         vertex 6.423651e-02 1.718625e-02 -3.020948e-03
         vertex 6.518389e-02 1.736456e-02 -3.384891e-03
      endloop
   endfacet
   facet normal 3.003016e-02 -9.262814e-01 -3.756340e-01
      outer loop
         vertex 6.518389e-02 1.736456e-02 -3.384891e-03
         vertex 6.423651e-02 1.718625e-02 -3.020948e-03
         vertex 6.408628e-02 1.765623e-02 -4.191877e-03
      endloop
   endfacet
   facet normal 1.108814e-01 -8.768795e-01 -4.677474e-01
      outer loop
         vertex 6.518389e-02 1.736456e-02 -3.384891e-03
         vertex 6.408628e-02 1.765623e-02 -4.191877e-03
         vertex 6.500187e-02 1.793399e-02 -4.495556e-03
      endloop
   endfacet
   facet normal 6.665170e-02 -8.281506e-01 -5.565287e-01
      outer loop
         vertex 6.500187e-02 1.793399e-02 -4.495556e-03
         vertex 6.408628e-02 1.765623e-02 -4.191877e-03
         vertex 6.386658e-02 1.834352e-02 -5.240927e-03
      endloop
   endfacet
   facet normal 1.380580e-01 -7.641306e-01 -6.301146e-01
      outer loop
         vertex 6.500187e-02 1.793399e-02 -4.495556e-03
         vertex 6.386658e-02 1.834352e-02 -5.240927e-03
         vertex 6.475811e-02 1.869653e-02 -5.473681e-03
      endloop
   endfacet
   facet normal 1.107952e-01 -7.267734e-01 -6.778826e-01
      outer loop
         vertex 6.386658e-02 1.834352e-02 -5.240927e-03
         vertex 6.360148e-02 1.917283e-02 -6.173371e-03
         vertex 6.475811e-02 1.869653e-02 -5.473681e-03
      endloop
   endfacet
   facet normal 1.683869e-01 -6.628509e-01 -7.295715e-01
      outer loop
         vertex 6.475811e-02 1.869653e-02 -5.473681e-03
         vertex 6.360148e-02 1.917283e-02 -6.173371e-03
         vertex 6.447653e-02 1.957740e-02 -6.338984e-03
      endloop
   endfacet
   facet normal 2.201508e-01 -6.468617e-01 -7.301394e-01
      outer loop
         vertex 6.475811e-02 1.869653e-02 -5.473681e-03
         vertex 6.447653e-02 1.957740e-02 -6.338984e-03
         vertex 6.606098e-02 2.025528e-02 -6.461804e-03
      endloop
   endfacet
   facet normal 1.660423e-01 -5.378535e-01 -8.265250e-01
      outer loop
         vertex 6.606098e-02 2.025528e-02 -6.461804e-03
         vertex 6.447653e-02 1.957740e-02 -6.338984e-03
         vertex 6.574346e-02 2.124858e-02 -7.171972e-03
      endloop
   endfacet
   facet normal 2.386210e-01 -5.131691e-01 -8.244498e-01
      outer loop
         vertex 6.606098e-02 2.025528e-02 -6.461804e-03
         vertex 6.574346e-02 2.124858e-02 -7.171972e-03
         vertex 6.741158e-02 2.184771e-02 -7.062086e-03
      endloop
   endfacet
   facet normal 2.184361e-01 -4.492998e-01 -8.662652e-01
      outer loop
         vertex 6.741158e-02 2.184771e-02 -7.062086e-03
         vertex 6.574346e-02 2.124858e-02 -7.171972e-03
         vertex 6.591427e-02 2.365342e-02 -8.376203e-03
      endloop
   endfacet
   facet normal 2.543969e-01 -4.222391e-01 -8.700554e-01
      outer loop
         vertex 6.741158e-02 2.184771e-02 -7.062086e-03
         vertex 6.591427e-02 2.365342e-02 -8.376203e-03
         vertex 6.674959e-02 2.391860e-02 -8.260652e-03
      endloop
   endfacet
   facet normal 2.471711e-01 -3.925809e-01 -8.858819e-01
      outer loop
         vertex 6.674959e-02 2.391860e-02 -8.260652e-03
         vertex 6.591427e-02 2.365342e-02 -8.376203e-03
         vertex 6.523029e-02 2.579308e-02 -9.515237e-03
      endloop
   endfacet
   facet normal 2.661750e-01 -3.777952e-01 -8.868042e-01
      outer loop
         vertex 6.674959e-02 2.391860e-02 -8.260652e-03
         vertex 6.523029e-02 2.579308e-02 -9.515237e-03
         vertex 6.607211e-02 2.603794e-02 -9.366879e-03
      endloop
   endfacet
   facet normal 2.630090e-01 -3.624847e-01 -8.941091e-01
      outer loop
         vertex 6.607211e-02 2.603794e-02 -9.366879e-03
         vertex 6.523029e-02 2.579308e-02 -9.515237e-03
         vertex 6.453814e-02 2.795833e-02 -1.059666e-02
      endloop
   endfacet
   facet normal 2.742492e-01 -3.536177e-01 -8.942829e-01
      outer loop
         vertex 6.607211e-02 2.603794e-02 -9.366879e-03
         vertex 6.453814e-02 2.795833e-02 -1.059666e-02
         vertex 6.538777e-02 2.817874e-02 -1.042326e-02
      endloop
   endfacet
   facet normal 2.722737e-01 -3.419779e-01 -8.993988e-01
      outer loop
         vertex 6.538777e-02 2.817874e-02 -1.042326e-02
         vertex 6.453814e-02 2.795833e-02 -1.059666e-02
         vertex 6.513429e-02 2.899966e-02 -1.081213e-02
      endloop
   endfacet
   facet normal 2.416606e-01 -3.534650e-01 -9.036939e-01
      outer loop
         vertex 6.538777e-02 2.817874e-02 -1.042326e-02
         vertex 6.513429e-02 2.899966e-02 -1.081213e-02
         vertex 6.558825e-02 2.920177e-02 -1.076979e-02
      endloop
   endfacet
   facet normal 2.498825e-01 -3.112022e-01 -9.169034e-01
      outer loop
         vertex 6.641389e-02 2.956937e-02 -1.068255e-02
         vertex 6.687058e-02 2.852716e-02 -1.020435e-02
         vertex 6.597003e-02 2.937175e-02 -1.073644e-02
      endloop
   endfacet
   facet normal 2.651508e-01 -2.954946e-01 -9.178115e-01
      outer loop
         vertex 6.597003e-02 2.937175e-02 -1.073644e-02
         vertex 6.687058e-02 2.852716e-02 -1.020435e-02
         vertex 6.597263e-02 2.934655e-02 -1.072757e-02
      endloop
   endfacet
   facet normal 2.164083e-01 -3.040223e-01 -9.277596e-01
      outer loop
         vertex 6.597003e-02 2.937175e-02 -1.073644e-02
         vertex 6.597263e-02 2.934655e-02 -1.072757e-02
         vertex 6.558825e-02 2.920177e-02 -1.076979e-02
      endloop
   endfacet
   facet normal 2.335235e-01 -3.561662e-01 -9.047720e-01
      outer loop
         vertex 6.558825e-02 2.920177e-02 -1.076979e-02
         vertex 6.597263e-02 2.934655e-02 -1.072757e-02
         vertex 6.630962e-02 2.829234e-02 -1.022560e-02
      endloop
   endfacet
   facet normal 2.375403e-01 -3.530785e-01 -9.049366e-01
      outer loop
         vertex 6.558825e-02 2.920177e-02 -1.076979e-02
         vertex 6.630962e-02 2.829234e-02 -1.022560e-02
         vertex 6.538777e-02 2.817874e-02 -1.042326e-02
      endloop
   endfacet
   facet normal 2.377504e-01 -3.588001e-01 -9.026279e-01
      outer loop
         vertex 6.538777e-02 2.817874e-02 -1.042326e-02
         vertex 6.630962e-02 2.829234e-02 -1.022560e-02
         vertex 6.698170e-02 2.618992e-02 -9.212856e-03
      endloop
   endfacet
   facet normal 2.154214e-01 -3.758768e-01 -9.012826e-01
      outer loop
         vertex 6.538777e-02 2.817874e-02 -1.042326e-02
         vertex 6.698170e-02 2.618992e-02 -9.212856e-03
         vertex 6.607211e-02 2.603794e-02 -9.366879e-03
      endloop
   endfacet
   facet normal 2.161238e-01 -3.835211e-01 -8.978876e-01
      outer loop
         vertex 6.607211e-02 2.603794e-02 -9.366879e-03
         vertex 6.698170e-02 2.618992e-02 -9.212856e-03
         vertex 6.764792e-02 2.410580e-02 -8.162290e-03
      endloop
   endfacet
   facet normal 1.830101e-01 -4.083003e-01 -8.943144e-01
      outer loop
         vertex 6.607211e-02 2.603794e-02 -9.366879e-03
         vertex 6.764792e-02 2.410580e-02 -8.162290e-03
         vertex 6.674959e-02 2.391860e-02 -8.260652e-03
      endloop
   endfacet
   facet normal 1.866545e-01 -4.321024e-01 -8.822968e-01
      outer loop
         vertex 6.674959e-02 2.391860e-02 -8.260652e-03
         vertex 6.764792e-02 2.410580e-02 -8.162290e-03
         vertex 6.830063e-02 2.206395e-02 -7.024216e-03
      endloop
   endfacet
   facet normal 1.490010e-01 -4.592192e-01 -8.757376e-01
      outer loop
         vertex 6.674959e-02 2.391860e-02 -8.260652e-03
         vertex 6.830063e-02 2.206395e-02 -7.024216e-03
         vertex 6.741158e-02 2.184771e-02 -7.062086e-03
      endloop
   endfacet
   facet normal 1.585684e-01 -5.031430e-01 -8.495312e-01
      outer loop
         vertex 6.741158e-02 2.184771e-02 -7.062086e-03
         vertex 6.830063e-02 2.206395e-02 -7.024216e-03
         vertex 6.773282e-02 2.084279e-02 -6.406953e-03
      endloop
   endfacet
   facet normal 1.998560e-01 -4.894728e-01 -8.488074e-01
      outer loop
         vertex 6.741158e-02 2.184771e-02 -7.062086e-03
         vertex 6.773282e-02 2.084279e-02 -6.406953e-03
         vertex 6.606098e-02 2.025528e-02 -6.461804e-03
      endloop
   endfacet
   facet normal 2.276334e-01 -5.743512e-01 -7.863229e-01
      outer loop
         vertex 6.606098e-02 2.025528e-02 -6.461804e-03
         vertex 6.773282e-02 2.084279e-02 -6.406953e-03
         vertex 6.636370e-02 1.930831e-02 -5.682477e-03
      endloop
   endfacet
   facet normal 1.285129e-01 -6.053642e-01 -7.855053e-01
      outer loop
         vertex 6.606098e-02 2.025528e-02 -6.461804e-03
         vertex 6.636370e-02 1.930831e-02 -5.682477e-03
         vertex 6.475811e-02 1.869653e-02 -5.473681e-03
      endloop
   endfacet
   facet normal 1.642040e-01 -6.760927e-01 -7.182866e-01
      outer loop
         vertex 6.475811e-02 1.869653e-02 -5.473681e-03
         vertex 6.636370e-02 1.930831e-02 -5.682477e-03
         vertex 6.663990e-02 1.844427e-02 -4.806054e-03
      endloop
   endfacet
   facet normal 1.329916e-01 -7.432345e-01 -6.556795e-01
      outer loop
         vertex 6.475811e-02 1.869653e-02 -5.473681e-03
         vertex 6.663990e-02 1.844427e-02 -4.806054e-03
         vertex 6.580080e-02 1.819227e-02 -4.690599e-03
      endloop
   endfacet
   facet normal 1.541626e-01 -7.870122e-01 -5.973656e-01
      outer loop
         vertex 6.580080e-02 1.819227e-02 -4.690599e-03
         vertex 6.663990e-02 1.844427e-02 -4.806054e-03
         vertex 6.687029e-02 1.772356e-02 -3.797083e-03
      endloop
   endfacet
   facet normal 7.731063e-02 -8.418506e-01 -5.341448e-01
      outer loop
         vertex 6.580080e-02 1.819227e-02 -4.690599e-03
         vertex 6.687029e-02 1.772356e-02 -3.797083e-03
         vertex 6.600904e-02 1.754081e-02 -3.633711e-03
      endloop
   endfacet
   facet normal 1.119191e-01 -9.013875e-01 -4.182998e-01
      outer loop
         vertex 6.600904e-02 1.754081e-02 -3.633711e-03
         vertex 6.687029e-02 1.772356e-02 -3.797083e-03
         vertex 6.671967e-02 1.725488e-02 -2.827421e-03
      endloop
   endfacet
   facet normal 9.899953e-03 -9.396630e-01 -3.419582e-01
      outer loop
         vertex 6.600904e-02 1.754081e-02 -3.633711e-03
         vertex 6.671967e-02 1.725488e-02 -2.827421e-03
         vertex 6.641793e-02 1.717684e-02 -2.621719e-03
      endloop
   endfacet
   facet normal 2.260049e-01 -5.303978e-01 -8.170679e-01
      outer loop
         vertex 5.369156e-02 2.145232e-02 -1.066685e-02
         vertex 5.476600e-02 2.316186e-02 -1.147940e-02
         vertex 5.544079e-02 2.105092e-02 -9.922437e-03
      endloop
   endfacet
   facet normal 2.365872e-01 -5.266117e-01 -8.165210e-01
      outer loop
         vertex 5.544079e-02 2.105092e-02 -9.922437e-03
         vertex 5.476600e-02 2.316186e-02 -1.147940e-02
         vertex 5.647943e-02 2.381936e-02 -1.140698e-02
      endloop
   endfacet
   facet normal 2.218842e-01 -5.241484e-01 -8.222140e-01
      outer loop
         vertex 5.544079e-02 2.105092e-02 -9.922437e-03
         vertex 5.647943e-02 2.381936e-02 -1.140698e-02
         vertex 5.715087e-02 2.171892e-02 -9.886789e-03
      endloop
   endfacet
   facet normal 2.688487e-01 -5.068409e-01 -8.190437e-01
      outer loop
         vertex 5.715087e-02 2.171892e-02 -9.886789e-03
         vertex 5.647943e-02 2.381936e-02 -1.140698e-02
         vertex 5.809861e-02 2.451363e-02 -1.130512e-02
      endloop
   endfacet
   facet normal 2.329699e-01 -5.017745e-01 -8.330351e-01
      outer loop
         vertex 5.715087e-02 2.171892e-02 -9.886789e-03
         vertex 5.809861e-02 2.451363e-02 -1.130512e-02
         vertex 5.877204e-02 2.240693e-02 -9.847829e-03
      endloop
   endfacet
   facet normal 3.256912e-01 -4.652510e-01 -8.230837e-01
      outer loop
         vertex 5.877204e-02 2.240693e-02 -9.847829e-03
         vertex 5.809861e-02 2.451363e-02 -1.130512e-02
         vertex 6.019488e-02 2.566317e-02 -1.112542e-02
      endloop
   endfacet
   facet normal 2.480857e-01 -4.458426e-01 -8.600453e-01
      outer loop
         vertex 5.877204e-02 2.240693e-02 -9.847829e-03
         vertex 6.019488e-02 2.566317e-02 -1.112542e-02
         vertex 6.087440e-02 2.353744e-02 -9.827437e-03
      endloop
   endfacet
   facet normal 2.803910e-01 -4.333497e-01 -8.564980e-01
      outer loop
         vertex 6.087440e-02 2.353744e-02 -9.827437e-03
         vertex 6.019488e-02 2.566317e-02 -1.112542e-02
         vertex 6.285722e-02 2.464303e-02 -9.737706e-03
      endloop
   endfacet
   facet normal 2.740669e-01 -4.213592e-01 -8.644905e-01
      outer loop
         vertex 6.087440e-02 2.353744e-02 -9.827437e-03
         vertex 6.285722e-02 2.464303e-02 -9.737706e-03
         vertex 6.352859e-02 2.254279e-02 -8.501190e-03
      endloop
   endfacet
   facet normal 2.427349e-01 -4.333847e-01 -8.679041e-01
      outer loop
         vertex 6.352859e-02 2.254279e-02 -8.501190e-03
         vertex 6.285722e-02 2.464303e-02 -9.737706e-03
         vertex 6.508176e-02 2.331856e-02 -8.454175e-03
      endloop
   endfacet
   facet normal 2.601266e-01 -4.696751e-01 -8.436465e-01
      outer loop
         vertex 6.352859e-02 2.254279e-02 -8.501190e-03
         vertex 6.508176e-02 2.331856e-02 -8.454175e-03
         vertex 6.385537e-02 2.152054e-02 -7.831323e-03
      endloop
   endfacet
   facet normal 2.339075e-01 -4.568473e-01 -8.582411e-01
      outer loop
         vertex 6.385537e-02 2.152054e-02 -7.831323e-03
         vertex 6.508176e-02 2.331856e-02 -8.454175e-03
         vertex 6.574346e-02 2.124858e-02 -7.171972e-03
      endloop
   endfacet
   facet normal 2.120655e-01 -5.254317e-01 -8.239841e-01
      outer loop
         vertex 6.385537e-02 2.152054e-02 -7.831323e-03
         vertex 6.574346e-02 2.124858e-02 -7.171972e-03
         vertex 6.417292e-02 2.052715e-02 -7.116138e-03
      endloop
   endfacet
   facet normal 2.337719e-01 -5.698833e-01 -7.877714e-01
      outer loop
         vertex 6.417292e-02 2.052715e-02 -7.116138e-03
         vertex 6.574346e-02 2.124858e-02 -7.171972e-03
         vertex 6.447653e-02 1.957740e-02 -6.338984e-03
      endloop
   endfacet
   facet normal 1.757442e-01 -5.891664e-01 -7.886678e-01
      outer loop
         vertex 6.417292e-02 2.052715e-02 -7.116138e-03
         vertex 6.447653e-02 1.957740e-02 -6.338984e-03
         vertex 6.215266e-02 1.953870e-02 -6.827919e-03
      endloop
   endfacet
   facet normal 1.654480e-01 -6.584098e-01 -7.342503e-01
      outer loop
         vertex 6.215266e-02 1.953870e-02 -6.827919e-03
         vertex 6.447653e-02 1.957740e-02 -6.338984e-03
         vertex 6.360148e-02 1.917283e-02 -6.173371e-03
      endloop
   endfacet
   facet normal 1.412731e-01 -6.974553e-01 -7.025653e-01
      outer loop
         vertex 6.215266e-02 1.953870e-02 -6.827919e-03
         vertex 6.360148e-02 1.917283e-02 -6.173371e-03
         vertex 6.242940e-02 1.867298e-02 -5.912844e-03
      endloop
   endfacet
   facet normal 1.540935e-01 -7.161392e-01 -6.807347e-01
      outer loop
         vertex 6.242940e-02 1.867298e-02 -5.912844e-03
         vertex 6.360148e-02 1.917283e-02 -6.173371e-03
         vertex 6.386658e-02 1.834352e-02 -5.240927e-03
      endloop
   endfacet
   facet normal 1.006192e-01 -7.912343e-01 -6.031783e-01
      outer loop
         vertex 6.242940e-02 1.867298e-02 -5.912844e-03
         vertex 6.386658e-02 1.834352e-02 -5.240927e-03
         vertex 6.266861e-02 1.792465e-02 -4.891302e-03
      endloop
   endfacet
   facet normal 1.221830e-01 -8.182764e-01 -5.616895e-01
      outer loop
         vertex 6.266861e-02 1.792465e-02 -4.891302e-03
         vertex 6.386658e-02 1.834352e-02 -5.240927e-03
         vertex 6.408628e-02 1.765623e-02 -4.191877e-03
      endloop
   endfacet
   facet normal 6.039829e-02 -8.848226e-01 -4.619968e-01
      outer loop
         vertex 6.266861e-02 1.792465e-02 -4.891302e-03
         vertex 6.408628e-02 1.765623e-02 -4.191877e-03
         vertex 6.285390e-02 1.734501e-02 -3.756948e-03
      endloop
   endfacet
   facet normal 9.750941e-02 -9.192278e-01 -3.814607e-01
      outer loop
         vertex 6.285390e-02 1.734501e-02 -3.756948e-03
         vertex 6.408628e-02 1.765623e-02 -4.191877e-03
         vertex 6.423651e-02 1.718625e-02 -3.020948e-03
      endloop
   endfacet
   facet normal 3.608665e-02 -9.607572e-01 -2.750332e-01
      outer loop
         vertex 6.285390e-02 1.734501e-02 -3.756948e-03
         vertex 6.423651e-02 1.718625e-02 -3.020948e-03
         vertex 6.296547e-02 1.699600e-02 -2.523123e-03
      endloop
   endfacet
   facet normal 8.455914e-02 -9.834946e-01 -1.599629e-01
      outer loop
         vertex 6.296547e-02 1.699600e-02 -2.523123e-03
         vertex 6.423651e-02 1.718625e-02 -3.020948e-03
         vertex 6.430005e-02 1.698750e-02 -1.765382e-03
      endloop
   endfacet
   facet normal 2.661538e-02 -9.979576e-01 -5.807053e-02
      outer loop
         vertex 6.296547e-02 1.699600e-02 -2.523123e-03
         vertex 6.430005e-02 1.698750e-02 -1.765382e-03
         vertex 6.298922e-02 1.692170e-02 -1.235355e-03
      endloop
   endfacet
   facet normal 8.317091e-02 -9.931228e-01 8.239960e-02
      outer loop
         vertex 6.298922e-02 1.692170e-02 -1.235355e-03
         vertex 6.430005e-02 1.698750e-02 -1.765382e-03
         vertex 6.426734e-02 1.708982e-02 -4.992132e-04
      endloop
   endfacet
   facet normal 3.102095e-02 -9.847759e-01 1.710386e-01
      outer loop
         vertex 6.298922e-02 1.692170e-02 -1.235355e-03
         vertex 6.426734e-02 1.708982e-02 -4.992132e-04
         vertex 6.291949e-02 1.713983e-02 3.321647e-05
      endloop
   endfacet
   facet normal 8.871852e-02 -9.454651e-01 3.134082e-01
      outer loop
         vertex 6.291949e-02 1.713983e-02 3.321647e-05
         vertex 6.426734e-02 1.708982e-02 -4.992132e-04
         vertex 6.414314e-02 1.747838e-02 7.081270e-04
      endloop
   endfacet
   facet normal 3.803028e-02 -9.191357e-01 3.921012e-01
      outer loop
         vertex 6.291949e-02 1.713983e-02 3.321647e-05
         vertex 6.414314e-02 1.747838e-02 7.081270e-04
         vertex 6.276061e-02 1.763685e-02 1.213689e-03
      endloop
   endfacet
   facet normal 6.031190e-02 -8.934987e-01 4.449972e-01
      outer loop
         vertex 6.276061e-02 1.763685e-02 1.213689e-03
         vertex 6.414314e-02 1.747838e-02 7.081270e-04
         vertex 6.404330e-02 1.763577e-02 1.037674e-03
      endloop
   endfacet
   facet normal 7.091643e-02 -8.499868e-01 5.220089e-01
      outer loop
         vertex 6.276061e-02 1.763685e-02 1.213689e-03
         vertex 6.404330e-02 1.763577e-02 1.037674e-03
         vertex 6.270353e-02 1.781540e-02 1.512185e-03
      endloop
   endfacet
   facet normal 9.651905e-01 2.615277e-01 -3.244795e-03
      outer loop
         vertex 7.009169e-02 1.937690e-02 -3.682281e-03
         vertex 7.024022e-02 1.883584e-02 -3.108481e-03
         vertex 7.040632e-02 1.820831e-02 -4.280237e-03
      endloop
   endfacet
   facet normal 9.160800e-01 4.009946e-01 -9.304302e-04
      outer loop
         vertex 6.641389e-02 2.956937e-02 -1.068255e-02
         vertex 6.641431e-02 2.956953e-02 -1.019297e-02
         vertex 6.687058e-02 2.852716e-02 -1.020435e-02
      endloop
   endfacet
   facet normal 9.160490e-01 4.010299e-01 -5.403164e-03
      outer loop
         vertex 6.687058e-02 2.852716e-02 -1.020435e-02
         vertex 6.641431e-02 2.956953e-02 -1.019297e-02
         vertex 6.669390e-02 2.893563e-02 -9.840605e-03
      endloop
   endfacet
   facet normal 9.214152e-01 3.884130e-01 1.137137e-02
      outer loop
         vertex 6.687058e-02 2.852716e-02 -1.020435e-02
         vertex 6.669390e-02 2.893563e-02 -9.840605e-03
         vertex 6.749888e-02 2.701559e-02 -9.484345e-03
      endloop
   endfacet
   facet normal 9.205682e-01 3.899776e-01 2.171804e-02
      outer loop
         vertex 6.749888e-02 2.701559e-02 -9.484345e-03
         vertex 6.669390e-02 2.893563e-02 -9.840605e-03
         vertex 6.790616e-02 2.598100e-02 -8.170654e-03
      endloop
   endfacet
   facet normal 9.380136e-01 3.461186e-01 -1.823138e-02
      outer loop
         vertex 6.749888e-02 2.701559e-02 -9.484345e-03
         vertex 6.790616e-02 2.598100e-02 -8.170654e-03
         vertex 6.858586e-02 2.414144e-02 -8.123673e-03
      endloop
   endfacet
   facet normal 9.379456e-01 3.467231e-01 6.420873e-03
      outer loop
         vertex 6.858586e-02 2.414144e-02 -8.123673e-03
         vertex 6.790616e-02 2.598100e-02 -8.170654e-03
         vertex 6.874944e-02 2.367464e-02 -6.812494e-03
      endloop
   endfacet
   facet normal 9.485485e-01 3.165819e-01 -5.632851e-03
      outer loop
         vertex 6.858586e-02 2.414144e-02 -8.123673e-03
         vertex 6.874944e-02 2.367464e-02 -6.812494e-03
         vertex 6.930703e-02 2.200067e-02 -6.999041e-03
      endloop
   endfacet
   facet normal 9.488327e-01 3.157691e-01 2.510184e-03
      outer loop
         vertex 6.930703e-02 2.200067e-02 -6.999041e-03
         vertex 6.874944e-02 2.367464e-02 -6.812494e-03
         vertex 6.938716e-02 2.174843e-02 -5.557748e-03
      endloop
   endfacet
   facet normal 9.640050e-01 2.656191e-01 -1.186445e-02
      outer loop
         vertex 7.009169e-02 1.937690e-02 -3.682281e-03
         vertex 7.040632e-02 1.820831e-02 -4.280237e-03
         vertex 6.981564e-02 2.034174e-02 -4.511337e-03
      endloop
   endfacet
   facet normal 9.633356e-01 2.680274e-01 1.207880e-02
      outer loop
         vertex 6.981564e-02 2.034174e-02 -4.511337e-03
         vertex 7.040632e-02 1.820831e-02 -4.280237e-03
         vertex 7.017107e-02 1.908975e-02 -5.077485e-03
      endloop
   endfacet
   facet normal 9.598527e-01 2.800123e-01 -1.661135e-02
      outer loop
         vertex 6.981564e-02 2.034174e-02 -4.511337e-03
         vertex 7.017107e-02 1.908975e-02 -5.077485e-03
         vertex 6.938716e-02 2.174843e-02 -5.557748e-03
      endloop
   endfacet
   facet normal 9.580870e-01 2.858675e-01 1.868494e-02
      outer loop
         vertex 6.938716e-02 2.174843e-02 -5.557748e-03
         vertex 7.017107e-02 1.908975e-02 -5.077485e-03
         vertex 6.980373e-02 2.038225e-02 -6.016108e-03
      endloop
   endfacet
   facet normal 9.563312e-01 2.922781e-01 -2.017818e-03
      outer loop
         vertex 6.938716e-02 2.174843e-02 -5.557748e-03
         vertex 6.980373e-02 2.038225e-02 -6.016108e-03
         vertex 6.930703e-02 2.200067e-02 -6.999041e-03
      endloop
   endfacet
   facet normal 9.661684e-01 2.579095e-01 -1.168447e-03
      outer loop
         vertex 7.024022e-02 1.883584e-02 -3.108481e-03
         vertex 7.030027e-02 1.861234e-02 -2.791495e-03
         vertex 7.040632e-02 1.820831e-02 -4.280237e-03
      endloop
   endfacet
   facet normal 9.668384e-01 2.553886e-01 -4.365734e-04
      outer loop
         vertex 7.040632e-02 1.820831e-02 -4.280237e-03
         vertex 7.030027e-02 1.861234e-02 -2.791495e-03
         vertex 7.037123e-02 1.834450e-02 -2.326127e-03
      endloop
   endfacet
   facet normal 9.674784e-01 2.529535e-01 -2.553646e-04
      outer loop
         vertex 7.040632e-02 1.820831e-02 -4.280237e-03
         vertex 7.037123e-02 1.834450e-02 -2.326127e-03
         vertex 7.040687e-02 1.820845e-02 -2.051186e-03
      endloop
   endfacet
   facet normal 0.000000e+00 0.000000e+00 1.000000e+00
      outer loop
         vertex 2.603864e-02 1.159315e-02 1.270063e-02
         vertex 2.360798e-02 1.051095e-02 1.270063e-02
         vertex 2.692060e-02 9.400563e-03 1.270063e-02
      endloop
   endfacet
   facet normal 0.000000e+00 0.000000e+00 1.000000e+00
      outer loop
         vertex 2.692060e-02 9.400563e-03 1.270063e-02
         vertex 2.360798e-02 1.051095e-02 1.270063e-02
         vertex 2.440770e-02 8.526106e-03 1.270063e-02
      endloop
   endfacet
   facet normal 0.000000e+00 0.000000e+00 1.000000e+00
      outer loop
         vertex 2.692060e-02 9.400563e-03 1.270063e-02
         vertex 2.440770e-02 8.526106e-03 1.270063e-02
         vertex 2.761837e-02 7.142595e-03 1.270063e-02
      endloop
   endfacet
   facet normal 0.000000e+00 0.000000e+00 1.000000e+00
      outer loop
         vertex 2.761837e-02 7.142595e-03 1.270063e-02
         vertex 2.440770e-02 8.526106e-03 1.270063e-02
         vertex 2.504165e-02 6.479326e-03 1.270063e-02
      endloop
   endfacet
   facet normal 0.000000e+00 0.000000e+00 1.000000e+00
      outer loop
         vertex 2.761837e-02 7.142595e-03 1.270063e-02
         vertex 2.504165e-02 6.479326e-03 1.270063e-02
         vertex 2.504243e-02 6.476412e-03 1.270063e-02
      endloop
   endfacet
   facet normal 0.000000e+00 -0.000000e+00 1.000000e+00
      outer loop
         vertex 3.298903e-02 8.531542e-03 3.682374e-03
         vertex 4.704538e-02 1.216676e-02 3.682374e-03
         vertex 3.215780e-02 1.122947e-02 3.682374e-03
      endloop
   endfacet
   facet normal 0.000000e+00 0.000000e+00 1.000000e+00
      outer loop
         vertex 3.215780e-02 1.122947e-02 3.682374e-03
         vertex 4.704538e-02 1.216676e-02 3.682374e-03
         vertex 4.586510e-02 1.601545e-02 3.682374e-03
      endloop
   endfacet
   facet normal 0.000000e+00 -0.000000e+00 1.000000e+00
      outer loop
         vertex 3.215780e-02 1.122947e-02 3.682374e-03
         vertex 4.586510e-02 1.601545e-02 3.682374e-03
         vertex 3.110639e-02 1.384946e-02 3.682374e-03
      endloop
   endfacet
   facet normal 0.000000e+00 0.000000e+00 1.000000e+00
      outer loop
         vertex 3.110639e-02 1.384946e-02 3.682374e-03
         vertex 4.586510e-02 1.601545e-02 3.682374e-03
         vertex 4.436997e-02 1.975478e-02 3.682374e-03
      endloop
   endfacet
   facet normal 9.556695e-01 2.944414e-01 0.000000e+00
      outer loop
         vertex 3.298903e-02 8.531542e-03 4.475723e-03
         vertex 3.298903e-02 8.531542e-03 3.682374e-03
         vertex 3.215780e-02 1.122947e-02 3.682374e-03
      endloop
   endfacet
   facet normal 9.556695e-01 2.944414e-01 0.000000e+00
      outer loop
         vertex 3.298903e-02 8.531542e-03 4.475723e-03
         vertex 3.215780e-02 1.122947e-02 3.682374e-03
         vertex 3.215780e-02 1.122947e-02 4.475723e-03
      endloop
   endfacet
   facet normal 9.280594e-01 3.724322e-01 0.000000e+00
      outer loop
         vertex 3.215780e-02 1.122947e-02 4.475723e-03
         vertex 3.215780e-02 1.122947e-02 3.682374e-03
         vertex 3.110639e-02 1.384946e-02 3.682374e-03
      endloop
   endfacet
   facet normal 9.280594e-01 3.724322e-01 0.000000e+00
      outer loop
         vertex 3.215780e-02 1.122947e-02 4.475723e-03
         vertex 3.110639e-02 1.384946e-02 3.682374e-03
         vertex 3.110639e-02 1.384946e-02 4.475723e-03
      endloop
   endfacet
   facet normal 1.812951e-01 7.248847e-02 9.807535e-01
      outer loop
         vertex 4.436997e-02 1.975478e-02 3.682374e-03
         vertex 4.586510e-02 1.601545e-02 3.682374e-03
         vertex 4.604844e-02 1.608009e-02 3.643705e-03
      endloop
   endfacet
   facet normal 9.377166e-01 2.875537e-01 1.949370e-01
      outer loop
         vertex 4.634419e-02 1.618436e-02 3.174374e-03
         vertex 4.630772e-02 1.617151e-02 3.368778e-03
         vertex 4.753720e-02 1.229396e-02 3.174374e-03
      endloop
   endfacet
   facet normal 9.454954e-01 2.926317e-01 1.428466e-01
      outer loop
         vertex 4.753720e-02 1.229396e-02 3.174374e-03
         vertex 4.630772e-02 1.617151e-02 3.368778e-03
         vertex 4.751709e-02 1.228875e-02 3.318154e-03
      endloop
   endfacet
   facet normal 8.591209e-01 2.618581e-01 4.397063e-01
      outer loop
         vertex 4.751709e-02 1.228875e-02 3.318154e-03
         vertex 4.630772e-02 1.617151e-02 3.368778e-03
         vertex 4.744442e-02 1.226996e-02 3.471324e-03
      endloop
   endfacet
   facet normal 7.944327e-01 2.460492e-01 5.552806e-01
      outer loop
         vertex 4.744442e-02 1.226996e-02 3.471324e-03
         vertex 4.630772e-02 1.617151e-02 3.368778e-03
         vertex 4.620387e-02 1.613489e-02 3.533585e-03
      endloop
   endfacet
   facet normal 7.285305e-01 2.234096e-01 6.475581e-01
      outer loop
         vertex 4.744442e-02 1.226996e-02 3.471324e-03
         vertex 4.620387e-02 1.613489e-02 3.533585e-03
         vertex 4.739315e-02 1.225670e-02 3.533585e-03
      endloop
   endfacet
   facet normal 6.142537e-01 1.883657e-01 7.662968e-01
      outer loop
         vertex 4.739315e-02 1.225670e-02 3.533585e-03
         vertex 4.620387e-02 1.613489e-02 3.533585e-03
         vertex 4.732677e-02 1.223953e-02 3.591015e-03
      endloop
   endfacet
   facet normal 5.307050e-01 1.652398e-01 8.312930e-01
      outer loop
         vertex 4.732677e-02 1.223953e-02 3.591015e-03
         vertex 4.620387e-02 1.613489e-02 3.533585e-03
         vertex 4.604844e-02 1.608009e-02 3.643705e-03
      endloop
   endfacet
   facet normal 4.083392e-01 1.235070e-01 9.044363e-01
      outer loop
         vertex 4.732677e-02 1.223953e-02 3.591015e-03
         vertex 4.604844e-02 1.608009e-02 3.643705e-03
         vertex 4.717739e-02 1.220090e-02 3.663733e-03
      endloop
   endfacet
   facet normal 1.859864e-01 5.919058e-02 9.807678e-01
      outer loop
         vertex 4.717739e-02 1.220090e-02 3.663733e-03
         vertex 4.604844e-02 1.608009e-02 3.643705e-03
         vertex 4.586510e-02 1.601545e-02 3.682374e-03
      endloop
   endfacet
   facet normal 1.296260e-01 3.975250e-02 9.907658e-01
      outer loop
         vertex 4.717739e-02 1.220090e-02 3.663733e-03
         vertex 4.586510e-02 1.601545e-02 3.682374e-03
         vertex 4.704538e-02 1.216676e-02 3.682374e-03
      endloop
   endfacet
   facet normal 1.858658e-01 7.458685e-02 9.797401e-01
      outer loop
         vertex 4.436997e-02 1.975478e-02 3.682374e-03
         vertex 4.604844e-02 1.608009e-02 3.643705e-03
         vertex 4.455198e-02 1.983582e-02 3.641678e-03
      endloop
   endfacet
   facet normal 5.162543e-01 2.061495e-01 8.312544e-01
      outer loop
         vertex 4.455198e-02 1.983582e-02 3.641678e-03
         vertex 4.604844e-02 1.608009e-02 3.643705e-03
         vertex 4.620387e-02 1.613489e-02 3.533585e-03
      endloop
   endfacet
   facet normal 5.030717e-01 1.999871e-01 8.407877e-01
      outer loop
         vertex 4.455198e-02 1.983582e-02 3.641678e-03
         vertex 4.620387e-02 1.613489e-02 3.533585e-03
         vertex 4.468302e-02 1.989416e-02 3.549389e-03
      endloop
   endfacet
   facet normal 7.718121e-01 3.099088e-01 5.552141e-01
      outer loop
         vertex 4.468302e-02 1.989416e-02 3.549389e-03
         vertex 4.620387e-02 1.613489e-02 3.533585e-03
         vertex 4.630772e-02 1.617151e-02 3.368778e-03
      endloop
   endfacet
   facet normal 7.337884e-01 2.904542e-01 6.141587e-01
      outer loop
         vertex 4.468302e-02 1.989416e-02 3.549389e-03
         vertex 4.630772e-02 1.617151e-02 3.368778e-03
         vertex 4.477878e-02 1.993680e-02 3.414821e-03
      endloop
   endfacet
   facet normal 9.095855e-01 3.669655e-01 1.949118e-01
      outer loop
         vertex 4.477878e-02 1.993680e-02 3.414821e-03
         vertex 4.630772e-02 1.617151e-02 3.368778e-03
         vertex 4.634419e-02 1.618436e-02 3.174374e-03
      endloop
   endfacet
   facet normal 9.005005e-01 3.600386e-01 2.438669e-01
      outer loop
         vertex 4.477878e-02 1.993680e-02 3.414821e-03
         vertex 4.634419e-02 1.618436e-02 3.174374e-03
         vertex 4.483406e-02 1.996141e-02 3.174374e-03
      endloop
   endfacet
   facet normal 4.723328e-01 1.458570e-01 8.692683e-01
      outer loop
         vertex 2.911172e-02 7.528803e-03 6.750781e-03
         vertex 3.298903e-02 8.531542e-03 4.475723e-03
         vertex 2.837558e-02 9.912689e-03 6.750781e-03
      endloop
   endfacet
   facet normal 4.722730e-01 1.455071e-01 8.693595e-01
      outer loop
         vertex 2.837558e-02 9.912689e-03 6.750781e-03
         vertex 3.298903e-02 8.531542e-03 4.475723e-03
         vertex 3.215780e-02 1.122947e-02 4.475723e-03
      endloop
   endfacet
   facet normal 4.586741e-01 1.843982e-01 8.692614e-01
      outer loop
         vertex 2.837558e-02 9.912689e-03 6.750781e-03
         vertex 3.215780e-02 1.122947e-02 4.475723e-03
         vertex 2.744777e-02 1.222053e-02 6.750781e-03
      endloop
   endfacet
   facet normal 4.586445e-01 1.840550e-01 8.693497e-01
      outer loop
         vertex 2.744777e-02 1.222053e-02 6.750781e-03
         vertex 3.215780e-02 1.122947e-02 4.475723e-03
         vertex 3.110639e-02 1.384946e-02 4.475723e-03
      endloop
   endfacet
   facet normal 9.560683e-01 2.931439e-01 0.000000e+00
      outer loop
         vertex 4.753720e-02 1.229396e-02 3.174374e-03
         vertex 4.753720e-02 1.229396e-02 1.396374e-03
         vertex 4.634536e-02 1.618104e-02 1.396374e-03
      endloop
   endfacet
   facet normal 9.560579e-01 2.931781e-01 8.167250e-05
      outer loop
         vertex 4.753720e-02 1.229396e-02 3.174374e-03
         vertex 4.634536e-02 1.618104e-02 1.396374e-03
         vertex 4.634419e-02 1.618436e-02 3.174374e-03
      endloop
   endfacet
   facet normal 9.285475e-01 3.712137e-01 -8.210612e-05
      outer loop
         vertex 4.634419e-02 1.618436e-02 3.174374e-03
         vertex 4.634536e-02 1.618104e-02 1.396374e-03
         vertex 4.483406e-02 1.996141e-02 1.396374e-03
      endloop
   endfacet
   facet normal 9.285342e-01 3.712470e-01 0.000000e+00
      outer loop
         vertex 4.634419e-02 1.618436e-02 3.174374e-03
         vertex 4.483406e-02 1.996141e-02 1.396374e-03
         vertex 4.483406e-02 1.996141e-02 3.174374e-03
      endloop
   endfacet
   facet normal 8.976302e-01 3.524323e-01 2.646724e-01
      outer loop
         vertex 2.623683e-02 1.168139e-02 8.271647e-03
         vertex 2.607274e-02 1.160833e-02 8.925443e-03
         vertex 2.702108e-02 9.432114e-03 8.606983e-03
      endloop
   endfacet
   facet normal 6.733581e-01 2.160698e-01 7.070380e-01
      outer loop
         vertex 2.826487e-02 7.309793e-03 7.497113e-03
         vertex 2.872938e-02 7.429922e-03 7.018024e-03
         vertex 2.777391e-02 9.699219e-03 7.234484e-03
      endloop
   endfacet
   facet normal 5.404368e-01 1.485503e-01 8.281671e-01
      outer loop
         vertex 2.777391e-02 9.699219e-03 7.234484e-03
         vertex 2.872938e-02 7.429922e-03 7.018024e-03
         vertex 2.911172e-02 7.528803e-03 6.750781e-03
      endloop
   endfacet
   facet normal 5.773325e-01 1.782811e-01 7.968080e-01
      outer loop
         vertex 2.777391e-02 9.699219e-03 7.234484e-03
         vertex 2.911172e-02 7.528803e-03 6.750781e-03
         vertex 2.837558e-02 9.912689e-03 6.750781e-03
      endloop
   endfacet
   facet normal 7.838875e-01 2.246881e-01 5.788226e-01
      outer loop
         vertex 2.826487e-02 7.309793e-03 7.497113e-03
         vertex 2.777391e-02 9.699219e-03 7.234484e-03
         vertex 2.806944e-02 7.259251e-03 7.781405e-03
      endloop
   endfacet
   facet normal 7.571973e-01 2.288443e-01 6.117864e-01
      outer loop
         vertex 2.806944e-02 7.259251e-03 7.781405e-03
         vertex 2.777391e-02 9.699219e-03 7.234484e-03
         vertex 2.731177e-02 9.535253e-03 7.867796e-03
      endloop
   endfacet
   facet normal 8.598737e-01 2.697960e-01 4.333905e-01
      outer loop
         vertex 2.806944e-02 7.259251e-03 7.781405e-03
         vertex 2.731177e-02 9.535253e-03 7.867796e-03
         vertex 2.778465e-02 7.185599e-03 8.392295e-03
      endloop
   endfacet
   facet normal 8.845293e-01 2.638832e-01 3.846733e-01
      outer loop
         vertex 2.778465e-02 7.185599e-03 8.392295e-03
         vertex 2.731177e-02 9.535253e-03 7.867796e-03
         vertex 2.702108e-02 9.432114e-03 8.606983e-03
      endloop
   endfacet
   facet normal 9.177190e-01 2.855346e-01 2.761556e-01
      outer loop
         vertex 2.778465e-02 7.185599e-03 8.392295e-03
         vertex 2.702108e-02 9.432114e-03 8.606983e-03
         vertex 2.769138e-02 7.161478e-03 8.727190e-03
      endloop
   endfacet
   facet normal 9.495251e-01 2.933549e-01 1.111081e-01
      outer loop
         vertex 2.761837e-02 7.142595e-03 9.401001e-03
         vertex 2.769138e-02 7.161478e-03 8.727190e-03
         vertex 2.692189e-02 9.396925e-03 9.401001e-03
      endloop
   endfacet
   facet normal 9.488781e-01 2.870616e-01 1.312479e-01
      outer loop
         vertex 2.692189e-02 9.396925e-03 9.401001e-03
         vertex 2.769138e-02 7.161478e-03 8.727190e-03
         vertex 2.702108e-02 9.432114e-03 8.606983e-03
      endloop
   endfacet
   facet normal 9.197508e-01 3.698970e-01 1.312807e-01
      outer loop
         vertex 2.692189e-02 9.396925e-03 9.401001e-03
         vertex 2.702108e-02 9.432114e-03 8.606983e-03
         vertex 2.603864e-02 1.159315e-02 9.401001e-03
      endloop
   endfacet
   facet normal 9.180698e-01 3.886210e-01 7.824054e-02
      outer loop
         vertex 2.603864e-02 1.159315e-02 9.401001e-03
         vertex 2.702108e-02 9.432114e-03 8.606983e-03
         vertex 2.607274e-02 1.160833e-02 8.925443e-03
      endloop
   endfacet
   facet normal 8.341597e-01 3.539065e-01 4.229985e-01
      outer loop
         vertex 2.623683e-02 1.168139e-02 8.271647e-03
         vertex 2.702108e-02 9.432114e-03 8.606983e-03
         vertex 2.637159e-02 1.174139e-02 7.955698e-03
      endloop
   endfacet
   facet normal 8.545599e-01 3.488550e-01 3.847436e-01
      outer loop
         vertex 2.637159e-02 1.174139e-02 7.955698e-03
         vertex 2.702108e-02 9.432114e-03 8.606983e-03
         vertex 2.731177e-02 9.535253e-03 7.867796e-03
      endloop
   endfacet
   facet normal 7.645397e-01 3.031564e-01 5.688368e-01
      outer loop
         vertex 2.637159e-02 1.174139e-02 7.955698e-03
         vertex 2.731177e-02 9.535253e-03 7.867796e-03
         vertex 2.672414e-02 1.189835e-02 7.398212e-03
      endloop
   endfacet
   facet normal 7.306673e-01 3.032490e-01 6.116906e-01
      outer loop
         vertex 2.672414e-02 1.189835e-02 7.398212e-03
         vertex 2.731177e-02 9.535253e-03 7.867796e-03
         vertex 2.777391e-02 9.699219e-03 7.234484e-03
      endloop
   endfacet
   facet normal 6.643659e-01 2.651135e-01 6.988081e-01
      outer loop
         vertex 2.672414e-02 1.189835e-02 7.398212e-03
         vertex 2.777391e-02 9.699219e-03 7.234484e-03
         vertex 2.694657e-02 1.199738e-02 7.149174e-03
      endloop
   endfacet
   facet normal 5.586400e-01 2.306852e-01 7.966842e-01
      outer loop
         vertex 2.694657e-02 1.199738e-02 7.149174e-03
         vertex 2.777391e-02 9.699219e-03 7.234484e-03
         vertex 2.837558e-02 9.912689e-03 6.750781e-03
      endloop
   endfacet
   facet normal 5.454139e-01 2.192698e-01 8.089774e-01
      outer loop
         vertex 2.694657e-02 1.199738e-02 7.149174e-03
         vertex 2.837558e-02 9.912689e-03 6.750781e-03
         vertex 2.744777e-02 1.222053e-02 6.750781e-03
      endloop
   endfacet
   facet normal 9.272602e-01 3.706991e-01 5.263704e-02
      outer loop
         vertex 4.484178e-02 1.996485e-02 1.236039e-03
         vertex 4.483406e-02 1.996141e-02 1.396374e-03
         vertex 4.634536e-02 1.618104e-02 1.396374e-03
      endloop
   endfacet
   facet normal -1.692675e-01 -4.930138e-02 9.843363e-01
      outer loop
         vertex 4.936107e-02 1.276564e-02 -8.452711e-05
         vertex 4.857929e-02 1.544975e-02 -8.452711e-05
         vertex 4.918331e-02 1.271967e-02 -1.173988e-04
      endloop
   endfacet
   facet normal -9.140394e-02 -3.220645e-02 9.952930e-01
      outer loop
         vertex 4.918331e-02 1.271967e-02 -1.173988e-04
         vertex 4.857929e-02 1.544975e-02 -8.452711e-05
         vertex 4.763122e-02 1.814044e-02 -8.452711e-05
      endloop
   endfacet
   facet normal 5.218305e-02 8.885641e-03 9.985980e-01
      outer loop
         vertex 4.918331e-02 1.271967e-02 -1.173988e-04
         vertex 4.763122e-02 1.814044e-02 -8.452711e-05
         vertex 4.868858e-02 1.259172e-02 -9.040756e-05
      endloop
   endfacet
   facet normal -1.487873e-02 -3.894934e-03 9.998817e-01
      outer loop
         vertex 4.868858e-02 1.259172e-02 -9.040756e-05
         vertex 4.763122e-02 1.814044e-02 -8.452711e-05
         vertex 4.747757e-02 1.658013e-02 -9.289150e-05
      endloop
   endfacet
   facet normal 3.640422e-01 1.111106e-01 9.247312e-01
      outer loop
         vertex 4.868858e-02 1.259172e-02 -9.040756e-05
         vertex 4.747757e-02 1.658013e-02 -9.289150e-05
         vertex 4.823039e-02 1.247323e-02 1.042070e-04
      endloop
   endfacet
   facet normal 4.097693e-01 1.185196e-01 9.044569e-01
      outer loop
         vertex 4.823039e-02 1.247323e-02 1.042070e-04
         vertex 4.747757e-02 1.658013e-02 -9.289150e-05
         vertex 4.689441e-02 1.637457e-02 1.982470e-04
      endloop
   endfacet
   facet normal 5.500269e-01 1.686346e-01 8.179442e-01
      outer loop
         vertex 4.823039e-02 1.247323e-02 1.042070e-04
         vertex 4.689441e-02 1.637457e-02 1.982470e-04
         vertex 4.810081e-02 1.243972e-02 1.982469e-04
      endloop
   endfacet
   facet normal 9.317649e-01 2.856921e-01 2.240407e-01
      outer loop
         vertex 4.648989e-02 1.623199e-02 7.303382e-04
         vertex 4.634536e-02 1.618104e-02 1.396374e-03
         vertex 4.753720e-02 1.229396e-02 1.396374e-03
      endloop
   endfacet
   facet normal 9.453041e-01 2.797675e-01 1.677207e-01
      outer loop
         vertex 4.753720e-02 1.229396e-02 1.396374e-03
         vertex 4.762031e-02 1.231545e-02 8.921124e-04
         vertex 4.648989e-02 1.623199e-02 7.303382e-04
      endloop
   endfacet
   facet normal 8.826611e-01 2.706320e-01 3.842757e-01
      outer loop
         vertex 4.648989e-02 1.623199e-02 7.303382e-04
         vertex 4.762031e-02 1.231545e-02 8.921124e-04
         vertex 4.768556e-02 1.233232e-02 7.303381e-04
      endloop
   endfacet
   facet normal 7.445980e-01 2.283006e-01 6.272581e-01
      outer loop
         vertex 4.648989e-02 1.623199e-02 7.303382e-04
         vertex 4.768556e-02 1.233232e-02 7.303381e-04
         vertex 4.689441e-02 1.637457e-02 1.982470e-04
      endloop
   endfacet
   facet normal 8.137179e-01 2.295544e-01 5.340111e-01
      outer loop
         vertex 4.689441e-02 1.637457e-02 1.982470e-04
         vertex 4.768556e-02 1.233232e-02 7.303381e-04
         vertex 4.786039e-02 1.237754e-02 4.445021e-04
      endloop
   endfacet
   facet normal 6.735353e-01 2.065015e-01 7.097235e-01
      outer loop
         vertex 4.689441e-02 1.637457e-02 1.982470e-04
         vertex 4.786039e-02 1.237754e-02 4.445021e-04
         vertex 4.810081e-02 1.243972e-02 1.982469e-04
      endloop
   endfacet
   facet normal 8.906670e-01 3.653920e-01 2.705568e-01
      outer loop
         vertex 4.484178e-02 1.996485e-02 1.236039e-03
         vertex 4.634536e-02 1.618104e-02 1.396374e-03
         vertex 4.496831e-02 2.002118e-02 7.434246e-04
      endloop
   endfacet
   facet normal 9.046569e-01 3.624982e-01 2.240333e-01
      outer loop
         vertex 4.496831e-02 2.002118e-02 7.434246e-04
         vertex 4.634536e-02 1.618104e-02 1.396374e-03
         vertex 4.648989e-02 1.623199e-02 7.303382e-04
      endloop
   endfacet
   facet normal 7.607144e-01 3.034892e-01 5.737664e-01
      outer loop
         vertex 4.496831e-02 2.002118e-02 7.434246e-04
         vertex 4.648989e-02 1.623199e-02 7.303382e-04
         vertex 4.523667e-02 2.014066e-02 3.244240e-04
      endloop
   endfacet
   facet normal 7.204674e-01 2.961223e-01 6.270872e-01
      outer loop
         vertex 4.523667e-02 2.014066e-02 3.244240e-04
         vertex 4.648989e-02 1.623199e-02 7.303382e-04
         vertex 4.689441e-02 1.637457e-02 1.982470e-04
      endloop
   endfacet
   facet normal 6.183927e-01 2.472084e-01 7.459748e-01
      outer loop
         vertex 4.523667e-02 2.014066e-02 3.244240e-04
         vertex 4.689441e-02 1.637457e-02 1.982470e-04
         vertex 4.536588e-02 2.019819e-02 1.982470e-04
      endloop
   endfacet
   facet normal 4.932966e-01 1.972000e-01 8.472134e-01
      outer loop
         vertex 4.536588e-02 2.019819e-02 1.982470e-04
         vertex 4.689441e-02 1.637457e-02 1.982470e-04
         vertex 4.561661e-02 2.030982e-02 2.627802e-05
      endloop
   endfacet
   facet normal 3.926451e-01 1.670167e-01 9.043977e-01
      outer loop
         vertex 4.561661e-02 2.030982e-02 2.627802e-05
         vertex 4.689441e-02 1.637457e-02 1.982470e-04
         vertex 4.747757e-02 1.658013e-02 -9.289150e-05
      endloop
   endfacet
   facet normal 2.626195e-01 1.003734e-01 9.596646e-01
      outer loop
         vertex 4.561661e-02 2.030982e-02 2.627802e-05
         vertex 4.747757e-02 1.658013e-02 -9.289150e-05
         vertex 4.606528e-02 2.050959e-02 -1.173987e-04
      endloop
   endfacet
   facet normal -2.532026e-02 -2.865608e-03 9.996753e-01
      outer loop
         vertex 4.606528e-02 2.050959e-02 -1.173987e-04
         vertex 4.747757e-02 1.658013e-02 -9.289150e-05
         vertex 4.763122e-02 1.814044e-02 -8.452711e-05
      endloop
   endfacet
   facet normal -5.652142e-02 -2.351016e-02 9.981245e-01
      outer loop
         vertex 4.606528e-02 2.050959e-02 -1.173987e-04
         vertex 4.763122e-02 1.814044e-02 -8.452711e-05
         vertex 4.655506e-02 2.072765e-02 -8.452711e-05
      endloop
   endfacet
   facet normal 9.554409e-01 2.951825e-01 0.000000e+00
      outer loop
         vertex 2.761837e-02 7.142595e-03 1.270063e-02
         vertex 2.761837e-02 7.142595e-03 9.401001e-03
         vertex 2.692189e-02 9.396925e-03 9.401001e-03
      endloop
   endfacet
   facet normal 9.554210e-01 2.952469e-01 4.817569e-05
      outer loop
         vertex 2.761837e-02 7.142595e-03 1.270063e-02
         vertex 2.692189e-02 9.396925e-03 9.401001e-03
         vertex 2.692060e-02 9.400563e-03 1.270063e-02
      endloop
   endfacet
   facet normal 9.277806e-01 3.731263e-01 -4.851910e-05
      outer loop
         vertex 2.692060e-02 9.400563e-03 1.270063e-02
         vertex 2.692189e-02 9.396925e-03 9.401001e-03
         vertex 2.603864e-02 1.159315e-02 9.401001e-03
      endloop
   endfacet
   facet normal 9.277553e-01 3.731891e-01 0.000000e+00
      outer loop
         vertex 2.692060e-02 9.400563e-03 1.270063e-02
         vertex 2.603864e-02 1.159315e-02 9.401001e-03
         vertex 2.603864e-02 1.159315e-02 1.270063e-02
      endloop
   endfacet
   facet normal -3.532615e-01 -1.244727e-01 9.272070e-01
      outer loop
         vertex 4.763122e-02 1.814044e-02 -8.452711e-05
         vertex 4.857929e-02 1.544975e-02 -8.452711e-05
         vertex 4.935898e-02 1.570021e-02 2.461543e-04
      endloop
   endfacet
   facet normal -9.404332e-01 -2.738491e-01 2.014746e-01
      outer loop
         vertex 5.157299e-02 1.333768e-02 2.363720e-03
         vertex 5.075450e-02 1.614849e-02 2.363720e-03
         vertex 5.153298e-02 1.332734e-02 2.162901e-03
      endloop
   endfacet
   facet normal -9.107739e-01 -2.733520e-01 3.094666e-01
      outer loop
         vertex 5.153298e-02 1.332734e-02 2.162901e-03
         vertex 5.075450e-02 1.614849e-02 2.363720e-03
         vertex 5.049424e-02 1.606488e-02 1.523917e-03
      endloop
   endfacet
   facet normal -9.025952e-01 -2.629171e-01 3.408762e-01
      outer loop
         vertex 5.153298e-02 1.332734e-02 2.162901e-03
         vertex 5.049424e-02 1.606488e-02 1.523917e-03
         vertex 5.130919e-02 1.326946e-02 1.525697e-03
      endloop
   endfacet
   facet normal -8.349047e-01 -2.430859e-01 4.938049e-01
      outer loop
         vertex 5.130919e-02 1.326946e-02 1.525697e-03
         vertex 5.049424e-02 1.606488e-02 1.523917e-03
         vertex 5.114244e-02 1.322633e-02 1.222525e-03
      endloop
   endfacet
   facet normal -7.864571e-01 -2.400176e-01 5.691017e-01
      outer loop
         vertex 5.114244e-02 1.322633e-02 1.222525e-03
         vertex 5.049424e-02 1.606488e-02 1.523917e-03
         vertex 5.001568e-02 1.591115e-02 7.977390e-04
      endloop
   endfacet
   facet normal -7.446050e-01 -2.123717e-01 6.328204e-01
      outer loop
         vertex 5.114244e-02 1.322633e-02 1.222525e-03
         vertex 5.001568e-02 1.591115e-02 7.977390e-04
         vertex 5.072696e-02 1.311888e-02 6.975951e-04
      endloop
   endfacet
   facet normal -6.298879e-01 -1.874854e-01 7.537177e-01
      outer loop
         vertex 5.072696e-02 1.311888e-02 6.975951e-04
         vertex 5.001568e-02 1.591115e-02 7.977390e-04
         vertex 5.047245e-02 1.305306e-02 4.685247e-04
      endloop
   endfacet
   facet normal -5.964524e-01 -1.852810e-01 7.809708e-01
      outer loop
         vertex 5.047245e-02 1.305306e-02 4.685247e-04
         vertex 5.001568e-02 1.591115e-02 7.977390e-04
         vertex 4.935898e-02 1.570021e-02 2.461543e-04
      endloop
   endfacet
   facet normal -5.020953e-01 -1.394999e-01 8.534870e-01
      outer loop
         vertex 5.047245e-02 1.305306e-02 4.685247e-04
         vertex 4.935898e-02 1.570021e-02 2.461543e-04
         vertex 4.991217e-02 1.290817e-02 1.152362e-04
      endloop
   endfacet
   facet normal -3.566044e-01 -1.141329e-01 9.272578e-01
      outer loop
         vertex 4.991217e-02 1.290817e-02 1.152362e-04
         vertex 4.935898e-02 1.570021e-02 2.461543e-04
         vertex 4.857929e-02 1.544975e-02 -8.452711e-05
      endloop
   endfacet
   facet normal -3.180573e-01 -9.263835e-02 9.435347e-01
      outer loop
         vertex 4.991217e-02 1.290817e-02 1.152362e-04
         vertex 4.857929e-02 1.544975e-02 -8.452711e-05
         vertex 4.936107e-02 1.276564e-02 -8.452711e-05
      endloop
   endfacet
   facet normal -2.851902e-01 -1.186252e-01 9.511018e-01
      outer loop
         vertex 4.655506e-02 2.072765e-02 -8.452711e-05
         vertex 4.763122e-02 1.814044e-02 -8.452711e-05
         vertex 4.695479e-02 2.090562e-02 5.752927e-05
      endloop
   endfacet
   facet normal -3.499193e-01 -1.332345e-01 9.272567e-01
      outer loop
         vertex 4.695479e-02 2.090562e-02 5.752927e-05
         vertex 4.763122e-02 1.814044e-02 -8.452711e-05
         vertex 4.839569e-02 1.843407e-02 2.461543e-04
      endloop
   endfacet
   facet normal -3.997157e-01 -1.642075e-01 9.018111e-01
      outer loop
         vertex 4.695479e-02 2.090562e-02 5.752927e-05
         vertex 4.839569e-02 1.843407e-02 2.461543e-04
         vertex 4.724207e-02 2.103353e-02 2.081520e-04
      endloop
   endfacet
   facet normal -5.320397e-01 -2.241793e-01 8.165032e-01
      outer loop
         vertex 4.724207e-02 2.103353e-02 2.081520e-04
         vertex 4.839569e-02 1.843407e-02 2.461543e-04
         vertex 4.774785e-02 2.125871e-02 5.995515e-04
      endloop
   endfacet
   facet normal -5.803604e-01 -2.308155e-01 7.809648e-01
      outer loop
         vertex 4.774785e-02 2.125871e-02 5.995515e-04
         vertex 4.839569e-02 1.843407e-02 2.461543e-04
         vertex 4.903958e-02 1.868139e-02 7.977390e-04
      endloop
   endfacet
   facet normal -6.517000e-01 -2.721840e-01 7.079569e-01
      outer loop
         vertex 4.774785e-02 2.125871e-02 5.995515e-04
         vertex 4.903958e-02 1.868139e-02 7.977390e-04
         vertex 4.797339e-02 2.135913e-02 8.457729e-04
      endloop
   endfacet
   facet normal -7.604214e-01 -3.129811e-01 5.690362e-01
      outer loop
         vertex 4.797339e-02 2.135913e-02 8.457729e-04
         vertex 4.903958e-02 1.868139e-02 7.977390e-04
         vertex 4.950881e-02 1.886162e-02 1.523917e-03
      endloop
   endfacet
   facet normal -7.551468e-01 -3.069663e-01 5.792452e-01
      outer loop
         vertex 4.797339e-02 2.135913e-02 8.457729e-04
         vertex 4.950881e-02 1.886162e-02 1.523917e-03
         vertex 4.833231e-02 2.151893e-02 1.398368e-03
      endloop
   endfacet
   facet normal -8.310539e-01 -3.474199e-01 4.343373e-01
      outer loop
         vertex 4.833231e-02 2.151893e-02 1.398368e-03
         vertex 4.950881e-02 1.886162e-02 1.523917e-03
         vertex 4.847061e-02 2.158051e-02 1.712245e-03
      endloop
   endfacet
   facet normal -8.810096e-01 -3.578458e-01 3.094648e-01
      outer loop
         vertex 4.847061e-02 2.158051e-02 1.712245e-03
         vertex 4.950881e-02 1.886162e-02 1.523917e-03
         vertex 4.976398e-02 1.895963e-02 2.363720e-03
      endloop
   endfacet
   facet normal -8.872036e-01 -3.689721e-01 2.770007e-01
      outer loop
         vertex 4.847061e-02 2.158051e-02 1.712245e-03
         vertex 4.976398e-02 1.895963e-02 2.363720e-03
         vertex 4.864223e-02 2.165692e-02 2.363720e-03
      endloop
   endfacet
   facet normal -3.532626e-01 -1.244736e-01 9.272065e-01
      outer loop
         vertex 4.763122e-02 1.814044e-02 -8.452711e-05
         vertex 4.935898e-02 1.570021e-02 2.461543e-04
         vertex 4.839569e-02 1.843407e-02 2.461543e-04
      endloop
   endfacet
   facet normal -5.891933e-01 -2.076048e-01 7.808659e-01
      outer loop
         vertex 4.839569e-02 1.843407e-02 2.461543e-04
         vertex 4.935898e-02 1.570021e-02 2.461543e-04
         vertex 5.001568e-02 1.591115e-02 7.977390e-04
      endloop
   endfacet
   facet normal -5.891922e-01 -2.076039e-01 7.808669e-01
      outer loop
         vertex 4.839569e-02 1.843407e-02 2.461543e-04
         vertex 5.001568e-02 1.591115e-02 7.977390e-04
         vertex 4.903958e-02 1.868139e-02 7.977390e-04
      endloop
   endfacet
   facet normal -7.756042e-01 -2.732868e-01 5.689925e-01
      outer loop
         vertex 4.903958e-02 1.868139e-02 7.977390e-04
         vertex 5.001568e-02 1.591115e-02 7.977390e-04
         vertex 5.049424e-02 1.606488e-02 1.523917e-03
      endloop
   endfacet
   facet normal -7.756033e-01 -2.732858e-01 5.689942e-01
      outer loop
         vertex 4.903958e-02 1.868139e-02 7.977390e-04
         vertex 5.049424e-02 1.606488e-02 1.523917e-03
         vertex 4.950881e-02 1.886162e-02 1.523917e-03
      endloop
   endfacet
   facet normal -8.968825e-01 -3.160188e-01 3.094091e-01
      outer loop
         vertex 4.950881e-02 1.886162e-02 1.523917e-03
         vertex 5.049424e-02 1.606488e-02 1.523917e-03
         vertex 5.075450e-02 1.614849e-02 2.363720e-03
      endloop
   endfacet
   facet normal -8.968830e-01 -3.160199e-01 3.094064e-01
      outer loop
         vertex 4.950881e-02 1.886162e-02 1.523917e-03
         vertex 5.075450e-02 1.614849e-02 2.363720e-03
         vertex 4.976398e-02 1.895963e-02 2.363720e-03
      endloop
   endfacet
   facet normal -9.153737e-01 -3.657100e-01 1.683664e-01
      outer loop
         vertex 5.086957e-02 1.776479e-02 6.019175e-03
         vertex 4.921305e-02 2.191106e-02 6.019175e-03
         vertex 4.864223e-02 2.165692e-02 2.363720e-03
      endloop
   endfacet
   facet normal -9.464077e-01 -2.755888e-01 1.684141e-01
      outer loop
         vertex 5.157299e-02 1.333768e-02 2.363720e-03
         vertex 5.217793e-02 1.349413e-02 6.019175e-03
         vertex 5.075450e-02 1.614849e-02 2.363720e-03
      endloop
   endfacet
   facet normal -9.441844e-01 -2.892602e-01 1.576211e-01
      outer loop
         vertex 5.075450e-02 1.614849e-02 2.363720e-03
         vertex 5.217793e-02 1.349413e-02 6.019175e-03
         vertex 5.086957e-02 1.776479e-02 6.019175e-03
      endloop
   endfacet
   facet normal -9.287870e-01 -3.272613e-01 1.739391e-01
      outer loop
         vertex 5.075450e-02 1.614849e-02 2.363720e-03
         vertex 5.086957e-02 1.776479e-02 6.019175e-03
         vertex 4.976398e-02 1.895963e-02 2.363720e-03
      endloop
   endfacet
   facet normal -9.126110e-01 -3.795386e-01 1.519591e-01
      outer loop
         vertex 4.976398e-02 1.895963e-02 2.363720e-03
         vertex 5.086957e-02 1.776479e-02 6.019175e-03
         vertex 4.864223e-02 2.165692e-02 2.363720e-03
      endloop
   endfacet
   facet normal 9.227487e-01 2.858047e-01 2.585545e-01
      outer loop
         vertex 2.392907e-02 8.355874e-03 1.320863e-02
         vertex 2.455060e-02 6.349217e-03 1.320863e-02
         vertex 2.461649e-02 6.366258e-03 1.295463e-02
      endloop
   endfacet
   facet normal 1.069594e-01 2.829920e-02 9.938606e-01
      outer loop
         vertex 2.504243e-02 6.476412e-03 1.270063e-02
         vertex 2.504165e-02 6.479326e-03 1.270063e-02
         vertex 2.493426e-02 6.448439e-03 1.271306e-02
      endloop
   endfacet
   facet normal 2.853834e-01 -9.535921e-01 9.601246e-02
      outer loop
         vertex 2.493426e-02 6.448439e-03 1.271306e-02
         vertex 2.504165e-02 6.479326e-03 1.270063e-02
         vertex 2.479651e-02 6.412814e-03 1.276868e-02
      endloop
   endfacet
   facet normal 2.503853e-01 -9.681463e-01 4.193223e-06
      outer loop
         vertex 2.478155e-02 6.408945e-03 1.277798e-02
         vertex 2.479651e-02 6.412814e-03 1.276868e-02
         vertex 2.461649e-02 6.366258e-03 1.295463e-02
      endloop
   endfacet
   facet normal 2.503776e-01 -9.681483e-01 -3.412337e-06
      outer loop
         vertex 2.478155e-02 6.408945e-03 1.277798e-02
         vertex 2.461649e-02 6.366258e-03 1.295463e-02
         vertex 2.465825e-02 6.377057e-03 1.289144e-02
      endloop
   endfacet
   facet normal 2.503695e-01 -9.681504e-01 -2.152909e-06
      outer loop
         vertex 2.455060e-02 6.349217e-03 1.320863e-02
         vertex 2.457826e-02 6.356370e-03 1.304067e-02
         vertex 2.461649e-02 6.366258e-03 1.295463e-02
      endloop
   endfacet
   facet normal 9.048863e-01 3.646476e-01 2.195745e-01
      outer loop
         vertex 2.314389e-02 1.030433e-02 1.320863e-02
         vertex 2.392907e-02 8.355874e-03 1.320863e-02
         vertex 2.318870e-02 1.032427e-02 1.299086e-02
      endloop
   endfacet
   facet normal 8.943786e-01 3.650088e-01 2.585641e-01
      outer loop
         vertex 2.318870e-02 1.032427e-02 1.299086e-02
         vertex 2.392907e-02 8.355874e-03 1.320863e-02
         vertex 2.399320e-02 8.378681e-03 1.295463e-02
      endloop
   endfacet
   facet normal 8.214033e-01 3.309992e-01 4.644740e-01
      outer loop
         vertex 2.318870e-02 1.032427e-02 1.299086e-02
         vertex 2.399320e-02 8.378681e-03 1.295463e-02
         vertex 2.320607e-02 1.033201e-02 1.295463e-02
      endloop
   endfacet
   facet normal 7.374288e-01 2.971602e-01 6.065431e-01
      outer loop
         vertex 2.320607e-02 1.033201e-02 1.295463e-02
         vertex 2.399320e-02 8.378681e-03 1.295463e-02
         vertex 2.327819e-02 1.036412e-02 1.285121e-02
      endloop
   endfacet
   facet normal 6.532171e-01 2.720452e-01 7.066108e-01
      outer loop
         vertex 2.327819e-02 1.036412e-02 1.285121e-02
         vertex 2.399320e-02 8.378681e-03 1.295463e-02
         vertex 2.416839e-02 8.440990e-03 1.276868e-02
      endloop
   endfacet
   facet normal 5.667067e-01 2.283512e-01 7.916434e-01
      outer loop
         vertex 2.327819e-02 1.036412e-02 1.285121e-02
         vertex 2.416839e-02 8.440990e-03 1.276868e-02
         vertex 2.337594e-02 1.040764e-02 1.276868e-02
      endloop
   endfacet
   facet normal 2.402566e-01 9.680249e-02 9.658706e-01
      outer loop
         vertex 2.440770e-02 8.526106e-03 1.270063e-02
         vertex 2.360798e-02 1.051095e-02 1.270063e-02
         vertex 2.416839e-02 8.440990e-03 1.276868e-02
      endloop
   endfacet
   facet normal 2.066484e-01 8.798580e-02 9.744511e-01
      outer loop
         vertex 2.416839e-02 8.440990e-03 1.276868e-02
         vertex 2.360798e-02 1.051095e-02 1.270063e-02
         vertex 2.340486e-02 1.042051e-02 1.275187e-02
      endloop
   endfacet
   facet normal 4.353620e-01 1.754266e-01 8.829980e-01
      outer loop
         vertex 2.416839e-02 8.440990e-03 1.276868e-02
         vertex 2.340486e-02 1.042051e-02 1.275187e-02
         vertex 2.337594e-02 1.040764e-02 1.276868e-02
      endloop
   endfacet
   facet normal 9.227366e-01 2.857934e-01 2.586103e-01
      outer loop
         vertex 2.392907e-02 8.355874e-03 1.320863e-02
         vertex 2.461649e-02 6.366258e-03 1.295463e-02
         vertex 2.399320e-02 8.378681e-03 1.295463e-02
      endloop
   endfacet
   facet normal 6.758225e-01 2.093182e-01 7.067177e-01
      outer loop
         vertex 2.399320e-02 8.378681e-03 1.295463e-02
         vertex 2.461649e-02 6.366258e-03 1.295463e-02
         vertex 2.479651e-02 6.412814e-03 1.276868e-02
      endloop
   endfacet
   facet normal 6.757453e-01 2.092786e-01 7.068032e-01
      outer loop
         vertex 2.399320e-02 8.378681e-03 1.295463e-02
         vertex 2.479651e-02 6.412814e-03 1.276868e-02
         vertex 2.416839e-02 8.440990e-03 1.276868e-02
      endloop
   endfacet
   facet normal 2.473737e-01 7.661174e-02 9.658866e-01
      outer loop
         vertex 2.416839e-02 8.440990e-03 1.276868e-02
         vertex 2.479651e-02 6.412814e-03 1.276868e-02
         vertex 2.504165e-02 6.479326e-03 1.270063e-02
      endloop
   endfacet
   facet normal 2.474288e-01 7.663684e-02 9.658705e-01
      outer loop
         vertex 2.416839e-02 8.440990e-03 1.276868e-02
         vertex 2.504165e-02 6.479326e-03 1.270063e-02
         vertex 2.440770e-02 8.526106e-03 1.270063e-02
      endloop
   endfacet
   facet normal 9.275218e-01 3.737691e-01 -0.000000e+00
      outer loop
         vertex 2.314389e-02 1.030433e-02 1.320863e-02
         vertex 2.314389e-02 1.030433e-02 1.778063e-02
         vertex 2.392907e-02 8.355874e-03 1.320863e-02
      endloop
   endfacet
   facet normal 9.420113e-01 3.350432e-01 1.899224e-02
      outer loop
         vertex 2.392907e-02 8.355874e-03 1.320863e-02
         vertex 2.314389e-02 1.030433e-02 1.778063e-02
         vertex 2.455060e-02 6.349217e-03 1.778063e-02
      endloop
   endfacet
   facet normal 9.552297e-01 2.958651e-01 0.000000e+00
      outer loop
         vertex 2.392907e-02 8.355874e-03 1.320863e-02
         vertex 2.455060e-02 6.349217e-03 1.778063e-02
         vertex 2.455060e-02 6.349217e-03 1.320863e-02
      endloop
   endfacet
   facet normal 6.652586e-01 2.044932e-01 7.180623e-01
      outer loop
         vertex 5.392659e-02 1.707419e-02 4.708122e-03
         vertex 5.216137e-02 1.821318e-02 6.019175e-03
         vertex 5.429338e-02 1.588097e-02 4.708122e-03
      endloop
   endfacet
   facet normal 6.647225e-01 2.035780e-01 7.188184e-01
      outer loop
         vertex 5.429338e-02 1.588097e-02 4.708122e-03
         vertex 5.216137e-02 1.821318e-02 6.019175e-03
         vertex 5.350177e-02 1.383650e-02 6.019175e-03
      endloop
   endfacet
   facet normal 6.812679e-01 1.896239e-01 7.070480e-01
      outer loop
         vertex 5.429338e-02 1.588097e-02 4.708122e-03
         vertex 5.350177e-02 1.383650e-02 6.019175e-03
         vertex 5.477107e-02 1.416476e-02 4.708122e-03
      endloop
   endfacet
   facet normal 6.696594e-01 2.221200e-01 7.086741e-01
      outer loop
         vertex 5.392659e-02 1.707419e-02 4.708122e-03
         vertex 5.353360e-02 1.825902e-02 4.708122e-03
         vertex 5.216137e-02 1.821318e-02 6.019175e-03
      endloop
   endfacet
   facet normal 6.678156e-01 2.324330e-01 7.071048e-01
      outer loop
         vertex 5.216137e-02 1.821318e-02 6.019175e-03
         vertex 5.353360e-02 1.825902e-02 4.708122e-03
         vertex 5.339799e-02 1.864865e-02 4.708122e-03
      endloop
   endfacet
   facet normal 6.569455e-01 2.623951e-01 7.068037e-01
      outer loop
         vertex 5.216137e-02 1.821318e-02 6.019175e-03
         vertex 5.339799e-02 1.864865e-02 4.708122e-03
         vertex 5.046223e-02 2.246723e-02 6.019175e-03
      endloop
   endfacet
   facet normal 6.569190e-01 2.623621e-01 7.068405e-01
      outer loop
         vertex 5.046223e-02 2.246723e-02 6.019175e-03
         vertex 5.339799e-02 1.864865e-02 4.708122e-03
         vertex 5.165994e-02 2.300049e-02 4.708122e-03
      endloop
   endfacet
   facet normal 6.672084e-01 2.373046e-01 7.060591e-01
      outer loop
         vertex 2.314389e-02 1.030433e-02 1.778063e-02
         vertex 2.244776e-02 9.994387e-03 1.854263e-02
         vertex 2.455060e-02 6.349217e-03 1.778063e-02
      endloop
   endfacet
   facet normal 6.674885e-01 2.375379e-01 7.057158e-01
      outer loop
         vertex 2.455060e-02 6.349217e-03 1.778063e-02
         vertex 2.244776e-02 9.994387e-03 1.854263e-02
         vertex 2.381286e-02 6.158424e-03 1.854263e-02
      endloop
   endfacet
   facet normal 9.661699e-01 2.579063e-01 -0.000000e+00
      outer loop
         vertex 5.477107e-02 1.416476e-02 2.563970e-03
         vertex 5.462160e-02 1.472469e-02 3.541066e-03
         vertex 5.477107e-02 1.416476e-02 4.708122e-03
      endloop
   endfacet
   facet normal 9.645139e-01 2.640132e-01 3.142075e-03
      outer loop
         vertex 5.477107e-02 1.416476e-02 4.708122e-03
         vertex 5.462160e-02 1.472469e-02 3.541066e-03
         vertex 5.447283e-02 1.526039e-02 4.195519e-03
      endloop
   endfacet
   facet normal 9.633013e-01 2.681250e-01 1.263590e-02
      outer loop
         vertex 5.477107e-02 1.416476e-02 4.708122e-03
         vertex 5.447283e-02 1.526039e-02 4.195519e-03
         vertex 5.429338e-02 1.588097e-02 4.708122e-03
      endloop
   endfacet
   facet normal -9.396294e-01 -3.421937e-01 -0.000000e+00
      outer loop
         vertex 9.969322e-03 4.438628e-03 1.854263e-02
         vertex 9.969322e-03 4.438628e-03 -1.854263e-02
         vertex 1.058852e-02 2.738377e-03 1.854263e-02
      endloop
   endfacet
   facet normal -9.396294e-01 -3.421937e-01 -0.000000e+00
      outer loop
         vertex 1.058852e-02 2.738377e-03 1.854263e-02
         vertex 9.969322e-03 4.438628e-03 -1.854263e-02
         vertex 1.058852e-02 2.738377e-03 -1.854263e-02
      endloop
   endfacet
   facet normal -9.224807e-01 -2.615419e-01 -2.839459e-01
      outer loop
         vertex 5.405383e-02 1.397927e-02 -1.407223e-02
         vertex 5.306667e-02 1.372397e-02 -1.063001e-02
         vertex 5.245472e-02 1.588236e-02 -1.063001e-02
      endloop
   endfacet
   facet normal -9.202008e-01 -2.818210e-01 -2.716752e-01
      outer loop
         vertex 5.405383e-02 1.397927e-02 -1.407223e-02
         vertex 5.245472e-02 1.588236e-02 -1.063001e-02
         vertex 5.269869e-02 1.840406e-02 -1.407223e-02
      endloop
   endfacet
   facet normal -9.108637e-01 -2.994912e-01 -2.839583e-01
      outer loop
         vertex 5.269869e-02 1.840406e-02 -1.407223e-02
         vertex 5.245472e-02 1.588236e-02 -1.063001e-02
         vertex 5.173695e-02 1.806537e-02 -1.063001e-02
      endloop
   endfacet
   facet normal -8.904821e-01 -3.556738e-01 -2.837918e-01
      outer loop
         vertex 5.269869e-02 1.840406e-02 -1.407223e-02
         vertex 5.173695e-02 1.806537e-02 -1.063001e-02
         vertex 5.098315e-02 2.269916e-02 -1.407223e-02
      endloop
   endfacet
   facet normal -9.039867e-01 -3.398157e-01 -2.594868e-01
      outer loop
         vertex 5.098315e-02 2.269916e-02 -1.407223e-02
         vertex 5.173695e-02 1.806537e-02 -1.063001e-02
         vertex 5.092788e-02 2.021767e-02 -1.063001e-02
      endloop
   endfacet
   facet normal -8.827737e-01 -3.742575e-01 -2.839753e-01
      outer loop
         vertex 5.098315e-02 2.269916e-02 -1.407223e-02
         vertex 5.092788e-02 2.021767e-02 -1.063001e-02
         vertex 5.005167e-02 2.228444e-02 -1.063001e-02
      endloop
   endfacet
   facet normal -6.472685e-01 -2.744152e-01 -7.111538e-01
      outer loop
         vertex 4.983478e-02 2.218788e-02 -1.026558e-02
         vertex 4.990958e-02 2.222118e-02 -1.034651e-02
         vertex 5.078348e-02 2.015991e-02 -1.034651e-02
      endloop
   endfacet
   facet normal -8.448684e-01 -3.581873e-01 -3.973655e-01
      outer loop
         vertex 4.998503e-02 2.225477e-02 -1.046158e-02
         vertex 5.005167e-02 2.228444e-02 -1.063001e-02
         vertex 5.092788e-02 2.021767e-02 -1.063001e-02
      endloop
   endfacet
   facet normal -7.649494e-01 -2.168815e-01 -6.064774e-01
      outer loop
         vertex 5.297317e-02 1.369979e-02 -1.042379e-02
         vertex 5.291609e-02 1.368503e-02 -1.034651e-02
         vertex 5.230599e-02 1.583689e-02 -1.034651e-02
      endloop
   endfacet
   facet normal -4.427607e-01 -1.209150e-01 -8.884495e-01
      outer loop
         vertex 5.280313e-02 1.365582e-02 -1.023774e-02
         vertex 5.258305e-02 1.359890e-02 -1.012031e-02
         vertex 5.205822e-02 1.576113e-02 -1.015303e-02
      endloop
   endfacet
   facet normal -8.713154e-01 -2.470355e-01 -4.240083e-01
      outer loop
         vertex 5.306667e-02 1.372397e-02 -1.063001e-02
         vertex 5.297317e-02 1.369979e-02 -1.042379e-02
         vertex 5.245472e-02 1.588236e-02 -1.063001e-02
      endloop
   endfacet
   facet normal -8.417045e-01 -2.453827e-01 -4.809582e-01
      outer loop
         vertex 5.245472e-02 1.588236e-02 -1.063001e-02
         vertex 5.297317e-02 1.369979e-02 -1.042379e-02
         vertex 5.230599e-02 1.583689e-02 -1.034651e-02
      endloop
   endfacet
   facet normal -8.329038e-01 -2.738581e-01 -4.809086e-01
      outer loop
         vertex 5.245472e-02 1.588236e-02 -1.063001e-02
         vertex 5.230599e-02 1.583689e-02 -1.034651e-02
         vertex 5.173695e-02 1.806537e-02 -1.063001e-02
      endloop
   endfacet
   facet normal -8.329072e-01 -2.738582e-01 -4.809027e-01
      outer loop
         vertex 5.173695e-02 1.806537e-02 -1.063001e-02
         vertex 5.230599e-02 1.583689e-02 -1.034651e-02
         vertex 5.159026e-02 1.801370e-02 -1.034651e-02
      endloop
   endfacet
   facet normal -8.207039e-01 -3.085090e-01 -4.809027e-01
      outer loop
         vertex 5.173695e-02 1.806537e-02 -1.063001e-02
         vertex 5.159026e-02 1.801370e-02 -1.034651e-02
         vertex 5.092788e-02 2.021767e-02 -1.063001e-02
      endloop
   endfacet
   facet normal -8.207004e-01 -3.085087e-01 -4.809088e-01
      outer loop
         vertex 5.092788e-02 2.021767e-02 -1.063001e-02
         vertex 5.159026e-02 1.801370e-02 -1.034651e-02
         vertex 5.078348e-02 2.015991e-02 -1.034651e-02
      endloop
   endfacet
   facet normal -8.101330e-01 -3.351982e-01 -4.809643e-01
      outer loop
         vertex 5.092788e-02 2.021767e-02 -1.063001e-02
         vertex 5.078348e-02 2.015991e-02 -1.034651e-02
         vertex 4.998503e-02 2.225477e-02 -1.046158e-02
      endloop
   endfacet
   facet normal -7.480157e-01 -3.171278e-01 -5.830116e-01
      outer loop
         vertex 4.998503e-02 2.225477e-02 -1.046158e-02
         vertex 5.078348e-02 2.015991e-02 -1.034651e-02
         vertex 4.990958e-02 2.222118e-02 -1.034651e-02
      endloop
   endfacet
   facet normal -6.561337e-01 -1.860296e-01 -7.313559e-01
      outer loop
         vertex 5.291609e-02 1.368503e-02 -1.034651e-02
         vertex 5.280313e-02 1.365582e-02 -1.023774e-02
         vertex 5.230599e-02 1.583689e-02 -1.034651e-02
      endloop
   endfacet
   facet normal -5.734794e-01 -1.706751e-01 -8.012437e-01
      outer loop
         vertex 5.230599e-02 1.583689e-02 -1.034651e-02
         vertex 5.280313e-02 1.365582e-02 -1.023774e-02
         vertex 5.205822e-02 1.576113e-02 -1.015303e-02
      endloop
   endfacet
   facet normal -5.684720e-01 -1.869124e-01 -8.011887e-01
      outer loop
         vertex 5.230599e-02 1.583689e-02 -1.034651e-02
         vertex 5.205822e-02 1.576113e-02 -1.015303e-02
         vertex 5.159026e-02 1.801370e-02 -1.034651e-02
      endloop
   endfacet
   facet normal -5.684670e-01 -1.869117e-01 -8.011924e-01
      outer loop
         vertex 5.159026e-02 1.801370e-02 -1.034651e-02
         vertex 5.205822e-02 1.576113e-02 -1.015303e-02
         vertex 5.134587e-02 1.792764e-02 -1.015303e-02
      endloop
   endfacet
   facet normal -5.601383e-01 -2.105611e-01 -8.011923e-01
      outer loop
         vertex 5.159026e-02 1.801370e-02 -1.034651e-02
         vertex 5.134587e-02 1.792764e-02 -1.015303e-02
         vertex 5.078348e-02 2.015991e-02 -1.034651e-02
      endloop
   endfacet
   facet normal -5.601400e-01 -2.105614e-01 -8.011910e-01
      outer loop
         vertex 5.078348e-02 2.015991e-02 -1.034651e-02
         vertex 5.134587e-02 1.792764e-02 -1.015303e-02
         vertex 5.054292e-02 2.006368e-02 -1.015303e-02
      endloop
   endfacet
   facet normal -5.536050e-01 -2.270036e-01 -8.012433e-01
      outer loop
         vertex 5.078348e-02 2.015991e-02 -1.034651e-02
         vertex 5.054292e-02 2.006368e-02 -1.015303e-02
         vertex 4.983478e-02 2.218788e-02 -1.026558e-02
      endloop
   endfacet
   facet normal -4.685325e-01 -2.017617e-01 -8.600985e-01
      outer loop
         vertex 4.983478e-02 2.218788e-02 -1.026558e-02
         vertex 5.054292e-02 2.006368e-02 -1.015303e-02
         vertex 4.963374e-02 2.209837e-02 -1.013506e-02
      endloop
   endfacet
   facet normal -1.454877e-01 -5.026679e-02 -9.880823e-01
      outer loop
         vertex 5.258305e-02 1.359890e-02 -1.012031e-02
         vertex 5.235932e-02 1.354104e-02 -1.008443e-02
         vertex 5.205822e-02 1.576113e-02 -1.015303e-02
      endloop
   endfacet
   facet normal -2.041687e-01 -5.788971e-02 -9.772226e-01
      outer loop
         vertex 5.205822e-02 1.576113e-02 -1.015303e-02
         vertex 5.235932e-02 1.354104e-02 -1.008443e-02
         vertex 5.175603e-02 1.566874e-02 -1.008443e-02
      endloop
   endfacet
   facet normal -2.016013e-01 -6.628644e-02 -9.772221e-01
      outer loop
         vertex 5.205822e-02 1.576113e-02 -1.015303e-02
         vertex 5.175603e-02 1.566874e-02 -1.008443e-02
         vertex 5.134587e-02 1.792764e-02 -1.015303e-02
      endloop
   endfacet
   facet normal -2.016016e-01 -6.628649e-02 -9.772220e-01
      outer loop
         vertex 5.134587e-02 1.792764e-02 -1.015303e-02
         vertex 5.175603e-02 1.566874e-02 -1.008443e-02
         vertex 5.104782e-02 1.782267e-02 -1.008443e-02
      endloop
   endfacet
   facet normal -1.986479e-01 -7.467345e-02 -9.772220e-01
      outer loop
         vertex 5.134587e-02 1.792764e-02 -1.015303e-02
         vertex 5.104782e-02 1.782267e-02 -1.008443e-02
         vertex 5.054292e-02 2.006368e-02 -1.015303e-02
      endloop
   endfacet
   facet normal -1.986483e-01 -7.467353e-02 -9.772219e-01
      outer loop
         vertex 5.054292e-02 2.006368e-02 -1.015303e-02
         vertex 5.104782e-02 1.782267e-02 -1.008443e-02
         vertex 5.024952e-02 1.994632e-02 -1.008443e-02
      endloop
   endfacet
   facet normal -1.967976e-01 -7.930557e-02 -9.772315e-01
      outer loop
         vertex 5.054292e-02 2.006368e-02 -1.015303e-02
         vertex 5.024952e-02 1.994632e-02 -1.008443e-02
         vertex 4.963374e-02 2.209837e-02 -1.013506e-02
      endloop
   endfacet
   facet normal -1.678471e-01 -7.116313e-02 -9.832412e-01
      outer loop
         vertex 4.963374e-02 2.209837e-02 -1.013506e-02
         vertex 5.024952e-02 1.994632e-02 -1.008443e-02
         vertex 4.938421e-02 2.198727e-02 -1.008443e-02
      endloop
   endfacet
   facet normal 5.624187e-02 2.251280e-02 -9.981633e-01
      outer loop
         vertex 3.921107e-02 1.745789e-02 -7.515965e-03
         vertex 3.954758e-02 1.760772e-02 -7.493625e-03
         vertex 4.088065e-02 1.427744e-02 -7.493625e-03
      endloop
   endfacet
   facet normal 2.675836e-01 8.234243e-02 -9.600098e-01
      outer loop
         vertex 4.128240e-02 1.067635e-02 -7.569038e-03
         vertex 4.093938e-02 1.058764e-02 -7.672255e-03
         vertex 3.989641e-02 1.397692e-02 -7.672255e-03
      endloop
   endfacet
   facet normal 1.064283e-01 3.268491e-02 -9.937830e-01
      outer loop
         vertex 4.088065e-02 1.427744e-02 -7.493625e-03
         vertex 4.193475e-02 1.084506e-02 -7.493625e-03
         vertex 4.128240e-02 1.067635e-02 -7.569038e-03
      endloop
   endfacet
   facet normal 1.668239e-01 3.924323e-02 -9.852054e-01
      outer loop
         vertex 4.128240e-02 1.067635e-02 -7.569038e-03
         vertex 3.989641e-02 1.397692e-02 -7.672255e-03
         vertex 4.088065e-02 1.427744e-02 -7.493625e-03
      endloop
   endfacet
   facet normal 1.592972e-01 6.386838e-02 -9.851625e-01
      outer loop
         vertex 4.088065e-02 1.427744e-02 -7.493625e-03
         vertex 3.989641e-02 1.397692e-02 -7.672255e-03
         vertex 3.860835e-02 1.718955e-02 -7.672255e-03
      endloop
   endfacet
   facet normal 2.069802e-01 1.018192e-01 -9.730324e-01
      outer loop
         vertex 4.088065e-02 1.427744e-02 -7.493625e-03
         vertex 3.860835e-02 1.718955e-02 -7.672255e-03
         vertex 3.921107e-02 1.745789e-02 -7.515965e-03
      endloop
   endfacet
   facet normal -9.106836e-01 -3.787290e-01 -1.649839e-01
      outer loop
         vertex 4.900226e-02 2.181721e-02 -1.003856e-02
         vertex 4.900927e-02 2.182033e-02 -1.008443e-02
         vertex 5.013178e-02 1.910120e-02 -1.003856e-02
      endloop
   endfacet
   facet normal -7.493794e-01 -2.993950e-01 5.905872e-01
      outer loop
         vertex 5.013178e-02 1.910120e-02 -1.003856e-02
         vertex 4.900927e-02 2.182033e-02 -1.008443e-02
         vertex 5.065925e-02 1.769048e-02 -1.008443e-02
      endloop
   endfacet
   facet normal -7.997645e-01 -2.817990e-01 -5.300623e-01
      outer loop
         vertex 5.013178e-02 1.910120e-02 -1.003856e-02
         vertex 5.065925e-02 1.769048e-02 -1.008443e-02
         vertex 5.112985e-02 1.626861e-02 -1.003856e-02
      endloop
   endfacet
   facet normal -7.724605e-01 -2.366538e-01 5.893214e-01
      outer loop
         vertex 5.112985e-02 1.626861e-02 -1.003856e-02
         vertex 5.065925e-02 1.769048e-02 -1.008443e-02
         vertex 5.196197e-02 1.343828e-02 -1.008443e-02
      endloop
   endfacet
   facet normal -9.469781e-01 -2.757394e-01 -1.649249e-01
      outer loop
         vertex 5.112985e-02 1.626861e-02 -1.003856e-02
         vertex 5.196197e-02 1.343828e-02 -1.008443e-02
         vertex 5.195454e-02 1.343636e-02 -1.003856e-02
      endloop
   endfacet
   facet normal -8.992960e-01 -3.168692e-01 -3.014310e-01
      outer loop
         vertex 5.013178e-02 1.910120e-02 -1.003856e-02
         vertex 5.112985e-02 1.626861e-02 -1.003856e-02
         vertex 5.088477e-02 1.618988e-02 -9.224628e-03
      endloop
   endfacet
   facet normal -1.345000e-01 -3.917558e-02 -9.901389e-01
      outer loop
         vertex 4.826769e-02 1.534923e-02 -7.493625e-03
         vertex 4.907244e-02 1.560773e-02 -7.613171e-03
         vertex 4.904408e-02 1.268366e-02 -7.493625e-03
      endloop
   endfacet
   facet normal -7.735678e-02 -3.997768e-02 -9.962016e-01
      outer loop
         vertex 4.904408e-02 1.268366e-02 -7.493625e-03
         vertex 4.907244e-02 1.560773e-02 -7.613171e-03
         vertex 4.954345e-02 1.281281e-02 -7.537585e-03
      endloop
   endfacet
   facet normal -2.685110e-01 -7.122968e-02 -9.606395e-01
      outer loop
         vertex 4.954345e-02 1.281281e-02 -7.537585e-03
         vertex 4.907244e-02 1.560773e-02 -7.613171e-03
         vertex 5.017405e-02 1.297589e-02 -7.725936e-03
      endloop
   endfacet
   facet normal -3.898569e-01 -1.240846e-01 -9.124772e-01
      outer loop
         vertex 5.017405e-02 1.297589e-02 -7.725936e-03
         vertex 4.907244e-02 1.560773e-02 -7.613171e-03
         vertex 4.981408e-02 1.584596e-02 -7.962429e-03
      endloop
   endfacet
   facet normal -4.166698e-01 -1.264377e-01 -9.002221e-01
      outer loop
         vertex 5.017405e-02 1.297589e-02 -7.725936e-03
         vertex 4.981408e-02 1.584596e-02 -7.962429e-03
         vertex 5.047799e-02 1.305449e-02 -7.877655e-03
      endloop
   endfacet
   facet normal -5.584041e-01 -1.575431e-01 -8.144722e-01
      outer loop
         vertex 5.047799e-02 1.305449e-02 -7.877655e-03
         vertex 4.981408e-02 1.584596e-02 -7.962429e-03
         vertex 5.101267e-02 1.319277e-02 -8.270985e-03
      endloop
   endfacet
   facet normal -6.175207e-01 -1.902113e-01 -7.632089e-01
      outer loop
         vertex 5.101267e-02 1.319277e-02 -8.270985e-03
         vertex 4.981408e-02 1.584596e-02 -7.962429e-03
         vertex 5.043440e-02 1.604522e-02 -8.514004e-03
      endloop
   endfacet
   facet normal -6.805510e-01 -1.980660e-01 -7.054219e-01
      outer loop
         vertex 5.101267e-02 1.319277e-02 -8.270985e-03
         vertex 5.043440e-02 1.604522e-02 -8.514004e-03
         vertex 5.125086e-02 1.325437e-02 -8.518067e-03
      endloop
   endfacet
   facet normal -7.992578e-01 -2.330138e-01 -5.539779e-01
      outer loop
         vertex 5.125086e-02 1.325437e-02 -8.518067e-03
         vertex 5.043440e-02 1.604522e-02 -8.514004e-03
         vertex 5.088477e-02 1.618988e-02 -9.224628e-03
      endloop
   endfacet
   facet normal -7.823422e-01 -2.362756e-01 -5.762938e-01
      outer loop
         vertex 5.125086e-02 1.325437e-02 -8.518067e-03
         vertex 5.088477e-02 1.618988e-02 -9.224628e-03
         vertex 5.162936e-02 1.335226e-02 -9.072030e-03
      endloop
   endfacet
   facet normal -8.667816e-01 -2.506260e-01 -4.311337e-01
      outer loop
         vertex 5.162936e-02 1.335226e-02 -9.072030e-03
         vertex 5.088477e-02 1.618988e-02 -9.224628e-03
         vertex 5.177486e-02 1.338989e-02 -9.386433e-03
      endloop
   endfacet
   facet normal -9.135573e-01 -2.729878e-01 -3.014808e-01
      outer loop
         vertex 5.177486e-02 1.338989e-02 -9.386433e-03
         vertex 5.088477e-02 1.618988e-02 -9.224628e-03
         vertex 5.112985e-02 1.626861e-02 -1.003856e-02
      endloop
   endfacet
   facet normal -9.234879e-01 -2.688995e-01 -2.736114e-01
      outer loop
         vertex 5.177486e-02 1.338989e-02 -9.386433e-03
         vertex 5.112985e-02 1.626861e-02 -1.003856e-02
         vertex 5.195454e-02 1.343636e-02 -1.003856e-02
      endloop
   endfacet
   facet normal -8.803893e-01 -3.661304e-01 -3.014353e-01
      outer loop
         vertex 5.013178e-02 1.910120e-02 -1.003856e-02
         vertex 4.989149e-02 1.900890e-02 -9.224628e-03
         vertex 4.900226e-02 2.181721e-02 -1.003856e-02
      endloop
   endfacet
   facet normal -8.908434e-01 -3.617365e-01 -2.748541e-01
      outer loop
         vertex 4.900226e-02 2.181721e-02 -1.003856e-02
         vertex 4.989149e-02 1.900890e-02 -9.224628e-03
         vertex 4.882992e-02 2.174048e-02 -9.378984e-03
      endloop
   endfacet
   facet normal -8.072219e-01 -3.409345e-01 -4.818262e-01
      outer loop
         vertex 4.882992e-02 2.174048e-02 -9.378984e-03
         vertex 4.989149e-02 1.900890e-02 -9.224628e-03
         vertex 4.853143e-02 2.160759e-02 -8.784878e-03
      endloop
   endfacet
   facet normal -7.724010e-01 -3.104852e-01 -5.540718e-01
      outer loop
         vertex 4.853143e-02 2.160759e-02 -8.784878e-03
         vertex 4.989149e-02 1.900890e-02 -9.224628e-03
         vertex 4.944991e-02 1.883928e-02 -8.514004e-03
      endloop
   endfacet
   facet normal -7.229293e-01 -3.007223e-01 -6.220445e-01
      outer loop
         vertex 4.853143e-02 2.160759e-02 -8.784878e-03
         vertex 4.944991e-02 1.883928e-02 -8.514004e-03
         vertex 4.833325e-02 2.151935e-02 -8.511897e-03
      endloop
   endfacet
   facet normal -5.967665e-01 -2.480452e-01 -7.631142e-01
      outer loop
         vertex 4.833325e-02 2.151935e-02 -8.511897e-03
         vertex 4.944991e-02 1.883928e-02 -8.514004e-03
         vertex 4.884169e-02 1.860566e-02 -7.962429e-03
      endloop
   endfacet
   facet normal -6.195995e-01 -2.485258e-01 -7.445343e-01
      outer loop
         vertex 4.833325e-02 2.151935e-02 -8.511897e-03
         vertex 4.884169e-02 1.860566e-02 -7.962429e-03
         vertex 4.787194e-02 2.131396e-02 -8.059434e-03
      endloop
   endfacet
   facet normal -4.913742e-01 -2.062530e-01 -8.461744e-01
      outer loop
         vertex 4.787194e-02 2.131396e-02 -8.059434e-03
         vertex 4.884169e-02 1.860566e-02 -7.962429e-03
         vertex 4.760238e-02 2.119394e-02 -7.873648e-03
      endloop
   endfacet
   facet normal -3.803365e-01 -1.508124e-01 -9.124691e-01
      outer loop
         vertex 4.760238e-02 2.119394e-02 -7.873648e-03
         vertex 4.884169e-02 1.860566e-02 -7.962429e-03
         vertex 4.811453e-02 1.832636e-02 -7.613171e-03
      endloop
   endfacet
   facet normal -3.539298e-01 -1.471099e-01 -9.236300e-01
      outer loop
         vertex 4.760238e-02 2.119394e-02 -7.873648e-03
         vertex 4.811453e-02 1.832636e-02 -7.613171e-03
         vertex 4.703025e-02 2.093921e-02 -7.613839e-03
      endloop
   endfacet
   facet normal -2.303861e-01 -9.585323e-02 -9.683669e-01
      outer loop
         vertex 4.703025e-02 2.093921e-02 -7.613839e-03
         vertex 4.811453e-02 1.832636e-02 -7.613171e-03
         vertex 4.687029e-02 2.086800e-02 -7.568734e-03
      endloop
   endfacet
   facet normal -1.318657e-01 -4.724271e-02 -9.901412e-01
      outer loop
         vertex 4.687029e-02 2.086800e-02 -7.568734e-03
         vertex 4.811453e-02 1.832636e-02 -7.613171e-03
         vertex 4.732548e-02 1.802328e-02 -7.493625e-03
      endloop
   endfacet
   facet normal -1.025177e-01 -4.264372e-02 -9.938167e-01
      outer loop
         vertex 4.687029e-02 2.086800e-02 -7.568734e-03
         vertex 4.732548e-02 1.802328e-02 -7.493625e-03
         vertex 4.625595e-02 2.059448e-02 -7.493625e-03
      endloop
   endfacet
   facet normal -8.992961e-01 -3.168691e-01 -3.014309e-01
      outer loop
         vertex 5.013178e-02 1.910120e-02 -1.003856e-02
         vertex 5.088477e-02 1.618988e-02 -9.224628e-03
         vertex 4.989149e-02 1.900890e-02 -9.224628e-03
      endloop
   endfacet
   facet normal -7.852196e-01 -2.766740e-01 -5.539691e-01
      outer loop
         vertex 4.989149e-02 1.900890e-02 -9.224628e-03
         vertex 5.088477e-02 1.618988e-02 -9.224628e-03
         vertex 5.043440e-02 1.604522e-02 -8.514004e-03
      endloop
   endfacet
   facet normal -7.852206e-01 -2.766739e-01 -5.539677e-01
      outer loop
         vertex 4.989149e-02 1.900890e-02 -9.224628e-03
         vertex 5.043440e-02 1.604522e-02 -8.514004e-03
         vertex 4.944991e-02 1.883928e-02 -8.514004e-03
      endloop
   endfacet
   facet normal -6.095408e-01 -2.147728e-01 -7.631073e-01
      outer loop
         vertex 4.944991e-02 1.883928e-02 -8.514004e-03
         vertex 5.043440e-02 1.604522e-02 -8.514004e-03
         vertex 4.981408e-02 1.584596e-02 -7.962429e-03
      endloop
   endfacet
   facet normal -6.095406e-01 -2.147728e-01 -7.631074e-01
      outer loop
         vertex 4.944991e-02 1.883928e-02 -8.514004e-03
         vertex 4.981408e-02 1.584596e-02 -7.962429e-03
         vertex 4.884169e-02 1.860566e-02 -7.962429e-03
      endloop
   endfacet
   facet normal -3.859991e-01 -1.360075e-01 -9.124180e-01
      outer loop
         vertex 4.884169e-02 1.860566e-02 -7.962429e-03
         vertex 4.981408e-02 1.584596e-02 -7.962429e-03
         vertex 4.907244e-02 1.560773e-02 -7.613171e-03
      endloop
   endfacet
   facet normal -3.859987e-01 -1.360075e-01 -9.124182e-01
      outer loop
         vertex 4.884169e-02 1.860566e-02 -7.962429e-03
         vertex 4.907244e-02 1.560773e-02 -7.613171e-03
         vertex 4.811453e-02 1.832636e-02 -7.613171e-03
      endloop
   endfacet
   facet normal -1.321292e-01 -4.655603e-02 -9.901386e-01
      outer loop
         vertex 4.811453e-02 1.832636e-02 -7.613171e-03
         vertex 4.907244e-02 1.560773e-02 -7.613171e-03
         vertex 4.826769e-02 1.534923e-02 -7.493625e-03
      endloop
   endfacet
   facet normal -1.321291e-01 -4.655603e-02 -9.901386e-01
      outer loop
         vertex 4.811453e-02 1.832636e-02 -7.613171e-03
         vertex 4.826769e-02 1.534923e-02 -7.493625e-03
         vertex 4.732548e-02 1.802328e-02 -7.493625e-03
      endloop
   endfacet
   facet normal 9.627316e-01 2.700260e-01 1.529242e-02
      outer loop
         vertex 5.465055e-02 1.461803e-02 -1.151143e-02
         vertex 5.477107e-02 1.416477e-02 -1.109525e-02
         vertex 5.477203e-02 1.416501e-02 -1.116005e-02
      endloop
   endfacet
   facet normal 9.224958e-01 3.584573e-01 1.432126e-01
      outer loop
         vertex 5.477203e-02 1.416501e-02 -1.116005e-02
         vertex 5.480559e-02 1.436241e-02 -1.187033e-02
         vertex 5.465055e-02 1.461803e-02 -1.151143e-02
      endloop
   endfacet
   facet normal 9.025131e-01 4.211723e-01 8.991073e-02
      outer loop
         vertex 5.465055e-02 1.461803e-02 -1.151143e-02
         vertex 5.480559e-02 1.436241e-02 -1.187033e-02
         vertex 5.476470e-02 1.451055e-02 -1.215385e-02
      endloop
   endfacet
   facet normal 9.094969e-01 4.049757e-01 9.386158e-02
      outer loop
         vertex 5.465055e-02 1.461803e-02 -1.151143e-02
         vertex 5.476470e-02 1.451055e-02 -1.215385e-02
         vertex 5.458313e-02 1.486519e-02 -1.192459e-02
      endloop
   endfacet
   facet normal 8.978548e-01 4.391427e-01 3.178796e-02
      outer loop
         vertex 5.458313e-02 1.486519e-02 -1.192459e-02
         vertex 5.476470e-02 1.451055e-02 -1.215385e-02
         vertex 5.475041e-02 1.456313e-02 -1.247646e-02
      endloop
   endfacet
   facet normal 9.037461e-01 4.261300e-01 4.069598e-02
      outer loop
         vertex 5.458313e-02 1.486519e-02 -1.192459e-02
         vertex 5.475041e-02 1.456313e-02 -1.247646e-02
         vertex 5.455649e-02 1.496167e-02 -1.234321e-02
      endloop
   endfacet
   facet normal 9.016130e-01 4.240802e-01 -8.514715e-02
      outer loop
         vertex 5.476471e-02 1.451440e-02 -1.280008e-02
         vertex 5.480515e-02 1.437012e-02 -1.309051e-02
         vertex 5.456569e-02 1.492842e-02 -1.284544e-02
      endloop
   endfacet
   facet normal 9.058291e-01 4.182073e-01 -6.764810e-02
      outer loop
         vertex 5.456569e-02 1.492842e-02 -1.284544e-02
         vertex 5.480515e-02 1.437012e-02 -1.309051e-02
         vertex 5.461268e-02 1.475738e-02 -1.327356e-02
      endloop
   endfacet
   facet normal 9.273106e-01 3.438916e-01 -1.477621e-01
      outer loop
         vertex 5.477106e-02 1.416476e-02 -1.383410e-02
         vertex 5.469757e-02 1.444298e-02 -1.364779e-02
         vertex 5.484506e-02 1.418390e-02 -1.332511e-02
      endloop
   endfacet
   facet normal 9.173276e-01 3.818404e-01 -1.127299e-01
      outer loop
         vertex 5.484506e-02 1.418390e-02 -1.332511e-02
         vertex 5.469757e-02 1.444298e-02 -1.364779e-02
         vertex 5.461268e-02 1.475738e-02 -1.327356e-02
      endloop
   endfacet
   facet normal 8.792983e-01 3.818800e-01 -2.846089e-01
      outer loop
         vertex 5.484506e-02 1.418390e-02 -1.332511e-02
         vertex 5.461268e-02 1.475738e-02 -1.327356e-02
         vertex 5.486281e-02 1.418849e-02 -1.326414e-02
      endloop
   endfacet
   facet normal 9.101177e-01 3.982514e-01 -1.143746e-01
      outer loop
         vertex 5.486281e-02 1.418849e-02 -1.326414e-02
         vertex 5.461268e-02 1.475738e-02 -1.327356e-02
         vertex 5.480515e-02 1.437012e-02 -1.309051e-02
      endloop
   endfacet
   facet normal 7.732147e-01 5.489472e-01 -3.174838e-01
      outer loop
         vertex 5.486281e-02 1.418849e-02 -1.326414e-02
         vertex 5.480515e-02 1.437012e-02 -1.309051e-02
         vertex 5.496318e-02 1.421444e-02 -1.297482e-02
      endloop
   endfacet
   facet normal 7.584253e-01 6.195983e-01 -2.022104e-01
      outer loop
         vertex 5.496318e-02 1.421444e-02 -1.297482e-02
         vertex 5.480515e-02 1.437012e-02 -1.309051e-02
         vertex 5.476471e-02 1.451440e-02 -1.280008e-02
      endloop
   endfacet
   facet normal 7.264160e-01 6.344802e-01 -2.641112e-01
      outer loop
         vertex 5.496318e-02 1.421444e-02 -1.297482e-02
         vertex 5.476471e-02 1.451440e-02 -1.280008e-02
         vertex 5.507681e-02 1.424383e-02 -1.259167e-02
      endloop
   endfacet
   facet normal 8.922268e-01 4.224563e-01 1.595682e-01
      outer loop
         vertex 5.477203e-02 1.416501e-02 -1.116005e-02
         vertex 5.485903e-02 1.418751e-02 -1.170612e-02
         vertex 5.480559e-02 1.436241e-02 -1.187033e-02
      endloop
   endfacet
   facet normal 7.832102e-01 5.356786e-01 3.156425e-01
      outer loop
         vertex 5.480559e-02 1.436241e-02 -1.187033e-02
         vertex 5.485903e-02 1.418751e-02 -1.170612e-02
         vertex 5.506013e-02 1.423952e-02 -1.229335e-02
      endloop
   endfacet
   facet normal 7.153644e-01 6.563256e-01 2.397717e-01
      outer loop
         vertex 5.480559e-02 1.436241e-02 -1.187033e-02
         vertex 5.506013e-02 1.423952e-02 -1.229335e-02
         vertex 5.476470e-02 1.451055e-02 -1.215385e-02
      endloop
   endfacet
   facet normal 6.876763e-01 7.243656e-01 4.894554e-02
      outer loop
         vertex 5.476470e-02 1.451055e-02 -1.215385e-02
         vertex 5.506013e-02 1.423952e-02 -1.229335e-02
         vertex 5.507681e-02 1.424383e-02 -1.259167e-02
      endloop
   endfacet
   facet normal 7.115924e-01 6.977676e-01 8.219815e-02
      outer loop
         vertex 5.476470e-02 1.451055e-02 -1.215385e-02
         vertex 5.507681e-02 1.424383e-02 -1.259167e-02
         vertex 5.475041e-02 1.456313e-02 -1.247646e-02
      endloop
   endfacet
   facet normal 6.826603e-01 7.264295e-01 -7.921533e-02
      outer loop
         vertex 5.475041e-02 1.456313e-02 -1.247646e-02
         vertex 5.507681e-02 1.424383e-02 -1.259167e-02
         vertex 5.476471e-02 1.451440e-02 -1.280008e-02
      endloop
   endfacet
   facet normal 8.952332e-01 4.447549e-01 -2.739636e-02
      outer loop
         vertex 5.475041e-02 1.456313e-02 -1.247646e-02
         vertex 5.476471e-02 1.451440e-02 -1.280008e-02
         vertex 5.455649e-02 1.496167e-02 -1.234321e-02
      endloop
   endfacet
   facet normal 9.017257e-01 4.321397e-01 -1.208710e-02
      outer loop
         vertex 5.455649e-02 1.496167e-02 -1.234321e-02
         vertex 5.476471e-02 1.451440e-02 -1.280008e-02
         vertex 5.456569e-02 1.492842e-02 -1.284544e-02
      endloop
   endfacet
   facet normal 8.113915e-01 -6.686812e-02 -5.806656e-01
      outer loop
         vertex 5.199271e-02 2.314864e-02 -1.266890e-02
         vertex 5.201393e-02 2.315809e-02 -1.264033e-02
         vertex 5.228933e-02 2.250133e-02 -1.217986e-02
      endloop
   endfacet
   facet normal 5.453303e-01 -3.343780e-01 -7.686392e-01
      outer loop
         vertex 5.224752e-02 2.326209e-02 -1.240782e-02
         vertex 5.254651e-02 2.339521e-02 -1.225360e-02
         vertex 5.262209e-02 2.282074e-02 -1.195006e-02
      endloop
   endfacet
   facet normal 5.318766e-01 -7.802072e-01 -3.292173e-01
      outer loop
         vertex 5.562558e-02 1.518451e-02 -3.857253e-03
         vertex 5.565275e-02 1.504227e-02 -3.476270e-03
         vertex 5.528945e-02 1.481396e-02 -3.522143e-03
      endloop
   endfacet
   facet normal 9.961453e-01 7.327032e-02 -4.822929e-02
      outer loop
         vertex 5.477107e-02 1.416476e-02 -5.174783e-03
         vertex 5.476025e-02 1.450694e-02 -4.878224e-03
         vertex 5.480196e-02 1.417275e-02 -4.524474e-03
      endloop
   endfacet
   facet normal 9.360045e-01 2.832356e-01 -2.089812e-01
      outer loop
         vertex 5.191831e-02 2.241519e-02 -1.330359e-02
         vertex 5.166448e-02 2.300251e-02 -1.364447e-02
         vertex 5.176634e-02 2.304786e-02 -1.312678e-02
      endloop
   endfacet
   facet normal 9.251685e-01 3.776204e-01 -3.829049e-02
      outer loop
         vertex 5.166448e-02 2.300251e-02 -1.364447e-02
         vertex 5.191831e-02 2.241519e-02 -1.330359e-02
         vertex 5.165994e-02 2.300049e-02 -1.377423e-02
      endloop
   endfacet
   facet normal 9.476734e-01 2.736038e-01 -1.644875e-01
      outer loop
         vertex 5.176634e-02 2.304786e-02 -1.312678e-02
         vertex 5.212627e-02 2.216006e-02 -1.252986e-02
         vertex 5.191831e-02 2.241519e-02 -1.330359e-02
      endloop
   endfacet
   facet normal 9.519050e-01 2.533555e-01 -1.723017e-01
      outer loop
         vertex 5.191831e-02 2.241519e-02 -1.330359e-02
         vertex 5.212627e-02 2.216006e-02 -1.252986e-02
         vertex 5.290347e-02 2.024552e-02 -1.105126e-02
      endloop
   endfacet
   facet normal 9.492872e-01 2.774026e-01 -1.479921e-01
      outer loop
         vertex 5.191831e-02 2.241519e-02 -1.330359e-02
         vertex 5.290347e-02 2.024552e-02 -1.105126e-02
         vertex 5.279104e-02 2.029076e-02 -1.168768e-02
      endloop
   endfacet
   facet normal 9.611172e-01 2.295576e-01 -1.534832e-01
      outer loop
         vertex 5.279104e-02 2.029076e-02 -1.168768e-02
         vertex 5.290347e-02 2.024552e-02 -1.105126e-02
         vertex 5.345894e-02 1.847465e-02 -1.022152e-02
      endloop
   endfacet
   facet normal 9.615905e-01 2.357364e-01 -1.406129e-01
      outer loop
         vertex 5.345894e-02 1.847465e-02 -1.022152e-02
         vertex 5.290347e-02 2.024552e-02 -1.105126e-02
         vertex 5.358724e-02 1.837183e-02 -9.516505e-03
      endloop
   endfacet
   facet normal 9.671207e-01 2.085225e-01 -1.455879e-01
      outer loop
         vertex 5.345894e-02 1.847465e-02 -1.022152e-02
         vertex 5.358724e-02 1.837183e-02 -9.516505e-03
         vertex 5.359814e-02 1.807031e-02 -9.875989e-03
      endloop
   endfacet
   facet normal 9.726317e-01 1.916936e-01 -1.313053e-01
      outer loop
         vertex 5.359814e-02 1.807031e-02 -9.875989e-03
         vertex 5.358724e-02 1.837183e-02 -9.516505e-03
         vertex 5.415769e-02 1.662087e-02 -7.847203e-03
      endloop
   endfacet
   facet normal 9.696564e-01 2.171554e-01 -1.122939e-01
      outer loop
         vertex 5.359814e-02 1.807031e-02 -9.875989e-03
         vertex 5.415769e-02 1.662087e-02 -7.847203e-03
         vertex 5.392664e-02 1.707406e-02 -8.965963e-03
      endloop
   endfacet
   facet normal 9.812625e-01 1.103136e-01 -1.579707e-01
      outer loop
         vertex 5.392664e-02 1.707406e-02 -8.965963e-03
         vertex 5.415769e-02 1.662087e-02 -7.847203e-03
         vertex 5.439609e-02 1.582311e-02 -6.923403e-03
      endloop
   endfacet
   facet normal 9.763562e-01 1.856806e-01 -1.106852e-01
      outer loop
         vertex 5.392664e-02 1.707406e-02 -8.965963e-03
         vertex 5.439609e-02 1.582311e-02 -6.923403e-03
         vertex 5.425978e-02 1.599430e-02 -7.838673e-03
      endloop
   endfacet
   facet normal 9.865141e-01 1.022592e-01 -1.278007e-01
      outer loop
         vertex 5.425978e-02 1.599430e-02 -7.838673e-03
         vertex 5.439609e-02 1.582311e-02 -6.923403e-03
         vertex 5.459810e-02 1.510938e-02 -5.935193e-03
      endloop
   endfacet
   facet normal 9.826043e-01 1.547189e-01 -1.027175e-01
      outer loop
         vertex 5.425978e-02 1.599430e-02 -7.838673e-03
         vertex 5.459810e-02 1.510938e-02 -5.935193e-03
         vertex 5.451835e-02 1.509866e-02 -6.714247e-03
      endloop
   endfacet
   facet normal 9.899788e-01 1.090430e-01 -8.973034e-02
      outer loop
         vertex 5.476025e-02 1.450694e-02 -4.878224e-03
         vertex 5.477107e-02 1.416476e-02 -5.174783e-03
         vertex 5.459810e-02 1.510938e-02 -5.935193e-03
      endloop
   endfacet
   facet normal 9.898206e-01 1.212304e-01 -7.455455e-02
      outer loop
         vertex 5.459810e-02 1.510938e-02 -5.935193e-03
         vertex 5.477107e-02 1.416476e-02 -5.174783e-03
         vertex 5.470265e-02 1.442394e-02 -5.661703e-03
      endloop
   endfacet
   facet normal 9.886307e-01 1.098123e-01 -1.027164e-01
      outer loop
         vertex 5.459810e-02 1.510938e-02 -5.935193e-03
         vertex 5.470265e-02 1.442394e-02 -5.661703e-03
         vertex 5.451835e-02 1.509866e-02 -6.714247e-03
      endloop
   endfacet
   facet normal 7.821296e-01 -6.131443e-01 -1.110288e-01
      outer loop
         vertex 5.534586e-02 1.453252e-02 -2.450395e-03
         vertex 5.512250e-02 1.425565e-02 -2.494830e-03
         vertex 5.500853e-02 1.422617e-02 -3.134872e-03
      endloop
   endfacet
   facet normal 7.974251e-01 -5.886513e-01 1.326756e-01
      outer loop
         vertex 5.533549e-02 1.458016e-02 4.467887e-05
         vertex 5.507828e-02 1.424421e-02 1.000564e-04
         vertex 5.533612e-02 1.451439e-02 -2.509323e-04
      endloop
   endfacet
   facet normal 7.703600e-01 -6.327114e-01 7.887776e-02
      outer loop
         vertex 5.533612e-02 1.451439e-02 -2.509323e-04
         vertex 5.507828e-02 1.424421e-02 1.000564e-04
         vertex 5.521881e-02 1.428056e-02 -9.808997e-04
      endloop
   endfacet
   facet normal 5.619413e-01 -8.183406e-01 1.205846e-01
      outer loop
         vertex 5.566794e-02 1.480419e-02 1.579823e-05
         vertex 5.533549e-02 1.458016e-02 4.467887e-05
         vertex 5.570424e-02 1.467677e-02 -1.018103e-03
      endloop
   endfacet
   facet normal 6.634906e-01 -7.300237e-01 1.638462e-01
      outer loop
         vertex 5.570424e-02 1.467677e-02 -1.018103e-03
         vertex 5.533549e-02 1.458016e-02 4.467887e-05
         vertex 5.533612e-02 1.451439e-02 -2.509323e-04
      endloop
   endfacet
   facet normal 5.302391e-01 -8.444633e-01 7.568501e-02
      outer loop
         vertex 5.570424e-02 1.467677e-02 -1.018103e-03
         vertex 5.533612e-02 1.451439e-02 -2.509323e-04
         vertex 5.536136e-02 1.443173e-02 -1.349988e-03
      endloop
   endfacet
   facet normal 7.986720e-01 -5.984234e-01 6.334427e-02
      outer loop
         vertex 5.536136e-02 1.443173e-02 -1.349988e-03
         vertex 5.533612e-02 1.451439e-02 -2.509323e-04
         vertex 5.521881e-02 1.428056e-02 -9.808997e-04
      endloop
   endfacet
   facet normal 6.200225e-01 -7.804725e-01 -8.021716e-02
      outer loop
         vertex 5.536136e-02 1.443173e-02 -1.349988e-03
         vertex 5.521881e-02 1.428056e-02 -9.808997e-04
         vertex 5.534586e-02 1.453252e-02 -2.450395e-03
      endloop
   endfacet
   facet normal 8.522073e-01 -5.229599e-01 -1.599054e-02
      outer loop
         vertex 5.534586e-02 1.453252e-02 -2.450395e-03
         vertex 5.521881e-02 1.428056e-02 -9.808997e-04
         vertex 5.519722e-02 1.427497e-02 -1.948826e-03
      endloop
   endfacet
   facet normal 7.821170e-01 -6.172806e-01 -8.519220e-02
      outer loop
         vertex 5.534586e-02 1.453252e-02 -2.450395e-03
         vertex 5.519722e-02 1.427497e-02 -1.948826e-03
         vertex 5.512250e-02 1.425565e-02 -2.494830e-03
      endloop
   endfacet
   facet normal 5.340348e-01 -8.181411e-01 -2.131945e-01
      outer loop
         vertex 5.568371e-02 1.486603e-02 -2.883974e-03
         vertex 5.569100e-02 1.482041e-02 -2.690663e-03
         vertex 5.534586e-02 1.453252e-02 -2.450395e-03
      endloop
   endfacet
   facet normal 5.712732e-01 -8.074979e-01 -1.469493e-01
      outer loop
         vertex 5.534586e-02 1.453252e-02 -2.450395e-03
         vertex 5.569100e-02 1.482041e-02 -2.690663e-03
         vertex 5.570693e-02 1.470751e-02 -2.008321e-03
      endloop
   endfacet
   facet normal 5.171633e-01 -8.516270e-01 -8.528524e-02
      outer loop
         vertex 5.534586e-02 1.453252e-02 -2.450395e-03
         vertex 5.570693e-02 1.470751e-02 -2.008321e-03
         vertex 5.536136e-02 1.443173e-02 -1.349988e-03
      endloop
   endfacet
   facet normal 5.667709e-01 -8.225305e-01 -4.705633e-02
      outer loop
         vertex 5.536136e-02 1.443173e-02 -1.349988e-03
         vertex 5.570693e-02 1.470751e-02 -2.008321e-03
         vertex 5.570846e-02 1.467005e-02 -1.335051e-03
      endloop
   endfacet
   facet normal 5.651136e-01 -8.246338e-01 2.501435e-02
      outer loop
         vertex 5.536136e-02 1.443173e-02 -1.349988e-03
         vertex 5.570846e-02 1.467005e-02 -1.335051e-03
         vertex 5.570424e-02 1.467677e-02 -1.018103e-03
      endloop
   endfacet
   facet normal 4.436465e-01 -7.881887e-01 -4.265400e-01
      outer loop
         vertex 5.562558e-02 1.518451e-02 -3.857253e-03
         vertex 5.528945e-02 1.481396e-02 -3.522143e-03
         vertex 5.552211e-02 1.567874e-02 -4.878135e-03
      endloop
   endfacet
   facet normal 5.795482e-01 -7.285379e-01 -3.651800e-01
      outer loop
         vertex 5.528945e-02 1.481396e-02 -3.522143e-03
         vertex 5.519127e-02 1.525709e-02 -4.562005e-03
         vertex 5.552211e-02 1.567874e-02 -4.878135e-03
      endloop
   endfacet
   facet normal 4.620652e-01 -7.348243e-01 -4.965169e-01
      outer loop
         vertex 5.552211e-02 1.567874e-02 -4.878135e-03
         vertex 5.519127e-02 1.525709e-02 -4.562005e-03
         vertex 5.505207e-02 1.583241e-02 -5.542988e-03
      endloop
   endfacet
   facet normal 5.140876e-01 -6.814129e-01 -5.209514e-01
      outer loop
         vertex 5.552211e-02 1.567874e-02 -4.878135e-03
         vertex 5.505207e-02 1.583241e-02 -5.542988e-03
         vertex 5.536686e-02 1.633975e-02 -5.895962e-03
      endloop
   endfacet
   facet normal 4.364864e-01 -6.803883e-01 -5.886861e-01
      outer loop
         vertex 5.536686e-02 1.633975e-02 -5.895962e-03
         vertex 5.505207e-02 1.583241e-02 -5.542988e-03
         vertex 5.487131e-02 1.652032e-02 -6.472086e-03
      endloop
   endfacet
   facet normal 4.898416e-01 -6.179226e-01 -6.150015e-01
      outer loop
         vertex 5.536686e-02 1.633975e-02 -5.895962e-03
         vertex 5.487131e-02 1.652032e-02 -6.472086e-03
         vertex 5.511876e-02 1.727909e-02 -7.037373e-03
      endloop
   endfacet
   facet normal 4.181767e-01 -6.264380e-01 -6.578021e-01
      outer loop
         vertex 5.511876e-02 1.727909e-02 -7.037373e-03
         vertex 5.487131e-02 1.652032e-02 -6.472086e-03
         vertex 5.465063e-02 1.729610e-02 -7.351164e-03
      endloop
   endfacet
   facet normal 3.407392e-01 -5.823599e-01 -7.380744e-01
      outer loop
         vertex 5.410107e-02 1.901686e-02 -8.962603e-03
         vertex 5.479421e-02 1.837025e-02 -8.132419e-03
         vertex 5.465063e-02 1.729610e-02 -7.351164e-03
      endloop
   endfacet
   facet normal 4.197690e-01 -5.698934e-01 -7.064103e-01
      outer loop
         vertex 5.465063e-02 1.729610e-02 -7.351164e-03
         vertex 5.479421e-02 1.837025e-02 -8.132419e-03
         vertex 5.505606e-02 1.750007e-02 -7.274805e-03
      endloop
   endfacet
   facet normal 4.295416e-01 -6.016696e-01 -6.734149e-01
      outer loop
         vertex 5.465063e-02 1.729610e-02 -7.351164e-03
         vertex 5.505606e-02 1.750007e-02 -7.274805e-03
         vertex 5.511876e-02 1.727909e-02 -7.037373e-03
      endloop
   endfacet
   facet normal 3.323767e-01 -5.025827e-01 -7.980829e-01
      outer loop
         vertex 5.369156e-02 2.145232e-02 -1.066685e-02
         vertex 5.430988e-02 1.981344e-02 -9.377276e-03
         vertex 5.410107e-02 1.901686e-02 -8.962603e-03
      endloop
   endfacet
   facet normal 3.909258e-01 -5.035523e-01 -7.704623e-01
      outer loop
         vertex 5.410107e-02 1.901686e-02 -8.962603e-03
         vertex 5.430988e-02 1.981344e-02 -9.377276e-03
         vertex 5.451580e-02 1.922247e-02 -8.886551e-03
      endloop
   endfacet
   facet normal 4.000728e-01 -5.305774e-01 -7.472813e-01
      outer loop
         vertex 5.410107e-02 1.901686e-02 -8.962603e-03
         vertex 5.451580e-02 1.922247e-02 -8.886551e-03
         vertex 5.479421e-02 1.837025e-02 -8.132419e-03
      endloop
   endfacet
   facet normal 4.225327e-01 -4.708732e-01 -7.744317e-01
      outer loop
         vertex 5.410107e-02 1.901686e-02 -8.962603e-03
         vertex 5.341283e-02 2.088504e-02 -1.047400e-02
         vertex 5.369156e-02 2.145232e-02 -1.066685e-02
      endloop
   endfacet
   facet normal 3.776766e-01 -4.589508e-01 -8.041919e-01
      outer loop
         vertex 5.369156e-02 2.145232e-02 -1.066685e-02
         vertex 5.341283e-02 2.088504e-02 -1.047400e-02
         vertex 5.262209e-02 2.282074e-02 -1.195006e-02
      endloop
   endfacet
   facet normal 3.921861e-01 -4.472700e-01 -8.038281e-01
      outer loop
         vertex 5.369156e-02 2.145232e-02 -1.066685e-02
         vertex 5.262209e-02 2.282074e-02 -1.195006e-02
         vertex 5.300705e-02 2.310470e-02 -1.192025e-02
      endloop
   endfacet
   facet normal 3.593553e-01 -3.985633e-01 -8.438075e-01
      outer loop
         vertex 5.300705e-02 2.310470e-02 -1.192025e-02
         vertex 5.262209e-02 2.282074e-02 -1.195006e-02
         vertex 5.254651e-02 2.339521e-02 -1.225360e-02
      endloop
   endfacet
   facet normal 3.174569e-01 -4.527946e-01 -8.331856e-01
      outer loop
         vertex 5.300705e-02 2.310470e-02 -1.192025e-02
         vertex 5.254651e-02 2.339521e-02 -1.225360e-02
         vertex 5.284481e-02 2.352803e-02 -1.221212e-02
      endloop
   endfacet
   facet normal 7.311218e-01 -1.586388e-01 -6.635470e-01
      outer loop
         vertex 5.201393e-02 2.315809e-02 -1.264033e-02
         vertex 5.224752e-02 2.326209e-02 -1.240782e-02
         vertex 5.228933e-02 2.250133e-02 -1.217986e-02
      endloop
   endfacet
   facet normal 6.696767e-01 -1.791474e-01 -7.207214e-01
      outer loop
         vertex 5.228933e-02 2.250133e-02 -1.217986e-02
         vertex 5.224752e-02 2.326209e-02 -1.240782e-02
         vertex 5.262209e-02 2.282074e-02 -1.195006e-02
      endloop
   endfacet
   facet normal 6.955662e-01 -2.365692e-01 -6.783971e-01
      outer loop
         vertex 5.228933e-02 2.250133e-02 -1.217986e-02
         vertex 5.262209e-02 2.282074e-02 -1.195006e-02
         vertex 5.307481e-02 2.057882e-02 -1.070409e-02
      endloop
   endfacet
   facet normal 6.863651e-01 -2.424584e-01 -6.856507e-01
      outer loop
         vertex 5.307481e-02 2.057882e-02 -1.070409e-02
         vertex 5.262209e-02 2.282074e-02 -1.195006e-02
         vertex 5.341283e-02 2.088504e-02 -1.047400e-02
      endloop
   endfacet
   facet normal 6.998657e-01 -2.782527e-01 -6.578475e-01
      outer loop
         vertex 5.307481e-02 2.057882e-02 -1.070409e-02
         vertex 5.341283e-02 2.088504e-02 -1.047400e-02
         vertex 5.376138e-02 1.871298e-02 -9.184464e-03
      endloop
   endfacet
   facet normal 6.895946e-01 -2.846791e-01 -6.658957e-01
      outer loop
         vertex 5.376138e-02 1.871298e-02 -9.184464e-03
         vertex 5.341283e-02 2.088504e-02 -1.047400e-02
         vertex 5.410107e-02 1.901686e-02 -8.962603e-03
      endloop
   endfacet
   facet normal 7.103723e-01 -3.470054e-01 -6.123385e-01
      outer loop
         vertex 5.376138e-02 1.871298e-02 -9.184464e-03
         vertex 5.410107e-02 1.901686e-02 -8.962603e-03
         vertex 5.432319e-02 1.698333e-02 -7.552540e-03
      endloop
   endfacet
   facet normal 7.092686e-01 -3.477283e-01 -6.132072e-01
      outer loop
         vertex 5.432319e-02 1.698333e-02 -7.552540e-03
         vertex 5.410107e-02 1.901686e-02 -8.962603e-03
         vertex 5.465063e-02 1.729610e-02 -7.351164e-03
      endloop
   endfacet
   facet normal 7.290503e-01 -4.107215e-01 -5.475340e-01
      outer loop
         vertex 5.432319e-02 1.698333e-02 -7.552540e-03
         vertex 5.465063e-02 1.729610e-02 -7.351164e-03
         vertex 5.455420e-02 1.619952e-02 -6.656986e-03
      endloop
   endfacet
   facet normal 7.317995e-01 -4.093078e-01 -5.449189e-01
      outer loop
         vertex 5.455420e-02 1.619952e-02 -6.656986e-03
         vertex 5.465063e-02 1.729610e-02 -7.351164e-03
         vertex 5.487131e-02 1.652032e-02 -6.472086e-03
      endloop
   endfacet
   facet normal 7.452127e-01 -4.564658e-01 -4.861039e-01
      outer loop
         vertex 5.455420e-02 1.619952e-02 -6.656986e-03
         vertex 5.487131e-02 1.652032e-02 -6.472086e-03
         vertex 5.474735e-02 1.550135e-02 -5.705278e-03
      endloop
   endfacet
   facet normal 7.496205e-01 -4.537800e-01 -4.818223e-01
      outer loop
         vertex 5.474735e-02 1.550135e-02 -5.705278e-03
         vertex 5.487131e-02 1.652032e-02 -6.472086e-03
         vertex 5.505207e-02 1.583241e-02 -5.542988e-03
      endloop
   endfacet
   facet normal 7.627758e-01 -5.026459e-01 -4.068417e-01
      outer loop
         vertex 5.474735e-02 1.550135e-02 -5.705278e-03
         vertex 5.505207e-02 1.583241e-02 -5.542988e-03
         vertex 5.490000e-02 1.491461e-02 -4.694173e-03
      endloop
   endfacet
   facet normal 7.683370e-01 -4.985344e-01 -4.013997e-01
      outer loop
         vertex 5.490000e-02 1.491461e-02 -4.694173e-03
         vertex 5.505207e-02 1.583241e-02 -5.542988e-03
         vertex 5.519127e-02 1.525709e-02 -4.562005e-03
      endloop
   endfacet
   facet normal 7.799874e-01 -5.439206e-01 -3.094672e-01
      outer loop
         vertex 5.490000e-02 1.491461e-02 -4.694173e-03
         vertex 5.519127e-02 1.525709e-02 -4.562005e-03
         vertex 5.501121e-02 1.446113e-02 -3.616838e-03
      endloop
   endfacet
   facet normal 7.860815e-01 -5.383960e-01 -3.036538e-01
      outer loop
         vertex 5.501121e-02 1.446113e-02 -3.616838e-03
         vertex 5.519127e-02 1.525709e-02 -4.562005e-03
         vertex 5.528945e-02 1.481396e-02 -3.522143e-03
      endloop
   endfacet
   facet normal 8.899933e-01 5.661178e-02 -4.524456e-01
      outer loop
         vertex 5.176634e-02 2.304786e-02 -1.312678e-02
         vertex 5.199271e-02 2.314864e-02 -1.266890e-02
         vertex 5.212627e-02 2.216006e-02 -1.252986e-02
      endloop
   endfacet
   facet normal 8.838980e-01 5.408714e-02 -4.645416e-01
      outer loop
         vertex 5.212627e-02 2.216006e-02 -1.252986e-02
         vertex 5.199271e-02 2.314864e-02 -1.266890e-02
         vertex 5.228933e-02 2.250133e-02 -1.217986e-02
      endloop
   endfacet
   facet normal 8.971876e-01 2.361231e-02 -4.410179e-01
      outer loop
         vertex 5.212627e-02 2.216006e-02 -1.252986e-02
         vertex 5.228933e-02 2.250133e-02 -1.217986e-02
         vertex 5.290347e-02 2.024552e-02 -1.105126e-02
      endloop
   endfacet
   facet normal 8.907476e-01 1.524255e-02 -4.542427e-01
      outer loop
         vertex 5.290347e-02 2.024552e-02 -1.105126e-02
         vertex 5.228933e-02 2.250133e-02 -1.217986e-02
         vertex 5.307481e-02 2.057882e-02 -1.070409e-02
      endloop
   endfacet
   facet normal 9.040094e-01 -1.989972e-02 -4.270493e-01
      outer loop
         vertex 5.290347e-02 2.024552e-02 -1.105126e-02
         vertex 5.307481e-02 2.057882e-02 -1.070409e-02
         vertex 5.358724e-02 1.837183e-02 -9.516505e-03
      endloop
   endfacet
   facet normal 8.971325e-01 -2.890381e-02 -4.408150e-01
      outer loop
         vertex 5.358724e-02 1.837183e-02 -9.516505e-03
         vertex 5.307481e-02 2.057882e-02 -1.070409e-02
         vertex 5.376138e-02 1.871298e-02 -9.184464e-03
      endloop
   endfacet
   facet normal 9.143436e-01 -8.046846e-02 -3.968636e-01
      outer loop
         vertex 5.358724e-02 1.837183e-02 -9.516505e-03
         vertex 5.376138e-02 1.871298e-02 -9.184464e-03
         vertex 5.415769e-02 1.662087e-02 -7.847203e-03
      endloop
   endfacet
   facet normal 9.102461e-01 -8.641364e-02 -4.049503e-01
      outer loop
         vertex 5.415769e-02 1.662087e-02 -7.847203e-03
         vertex 5.376138e-02 1.871298e-02 -9.184464e-03
         vertex 5.432319e-02 1.698333e-02 -7.552540e-03
      endloop
   endfacet
   facet normal 9.253165e-01 -1.341754e-01 -3.546636e-01
      outer loop
         vertex 5.415769e-02 1.662087e-02 -7.847203e-03
         vertex 5.432319e-02 1.698333e-02 -7.552540e-03
         vertex 5.439609e-02 1.582311e-02 -6.923403e-03
      endloop
   endfacet
   facet normal 9.242151e-01 -1.355204e-01 -3.570163e-01
      outer loop
         vertex 5.439609e-02 1.582311e-02 -6.923403e-03
         vertex 5.432319e-02 1.698333e-02 -7.552540e-03
         vertex 5.455420e-02 1.619952e-02 -6.656986e-03
      endloop
   endfacet
   facet normal 9.340857e-01 -1.702047e-01 -3.138699e-01
      outer loop
         vertex 5.439609e-02 1.582311e-02 -6.923403e-03
         vertex 5.455420e-02 1.619952e-02 -6.656986e-03
         vertex 5.459810e-02 1.510938e-02 -5.935193e-03
      endloop
   endfacet
   facet normal 9.336457e-01 -1.708545e-01 -3.148244e-01
      outer loop
         vertex 5.459810e-02 1.510938e-02 -5.935193e-03
         vertex 5.455420e-02 1.619952e-02 -6.656986e-03
         vertex 5.474735e-02 1.550135e-02 -5.705278e-03
      endloop
   endfacet
   facet normal 9.429867e-01 -2.055103e-01 -2.618045e-01
      outer loop
         vertex 5.459810e-02 1.510938e-02 -5.935193e-03
         vertex 5.474735e-02 1.550135e-02 -5.705278e-03
         vertex 5.476025e-02 1.450694e-02 -4.878224e-03
      endloop
   endfacet
   facet normal 9.431314e-01 -2.052467e-01 -2.614898e-01
      outer loop
         vertex 5.476025e-02 1.450694e-02 -4.878224e-03
         vertex 5.474735e-02 1.550135e-02 -5.705278e-03
         vertex 5.490000e-02 1.491461e-02 -4.694173e-03
      endloop
   endfacet
   facet normal 9.377794e-01 -1.903590e-01 -2.904018e-01
      outer loop
         vertex 5.476025e-02 1.450694e-02 -4.878224e-03
         vertex 5.490000e-02 1.491461e-02 -4.694173e-03
         vertex 5.480196e-02 1.417275e-02 -4.524474e-03
      endloop
   endfacet
   facet normal 9.710084e-01 -1.673642e-01 -1.706808e-01
      outer loop
         vertex 5.480196e-02 1.417275e-02 -4.524474e-03
         vertex 5.490000e-02 1.491461e-02 -4.694173e-03
         vertex 5.501121e-02 1.446113e-02 -3.616838e-03
      endloop
   endfacet
   facet normal 9.513710e-01 -2.789447e-01 -1.307021e-01
      outer loop
         vertex 5.480196e-02 1.417275e-02 -4.524474e-03
         vertex 5.501121e-02 1.446113e-02 -3.616838e-03
         vertex 5.500853e-02 1.422617e-02 -3.134872e-03
      endloop
   endfacet
   facet normal 7.904743e-01 -5.522769e-01 -2.648409e-01
      outer loop
         vertex 5.500853e-02 1.422617e-02 -3.134872e-03
         vertex 5.501121e-02 1.446113e-02 -3.616838e-03
         vertex 5.528945e-02 1.481396e-02 -3.522143e-03
      endloop
   endfacet
   facet normal 8.360667e-01 -5.182278e-01 -1.800903e-01
      outer loop
         vertex 5.500853e-02 1.422617e-02 -3.134872e-03
         vertex 5.528945e-02 1.481396e-02 -3.522143e-03
         vertex 5.534586e-02 1.453252e-02 -2.450395e-03
      endloop
   endfacet
   facet normal 5.380595e-01 -8.078775e-01 -2.404702e-01
      outer loop
         vertex 5.534586e-02 1.453252e-02 -2.450395e-03
         vertex 5.528945e-02 1.481396e-02 -3.522143e-03
         vertex 5.565275e-02 1.504227e-02 -3.476270e-03
      endloop
   endfacet
   facet normal 4.745505e-01 -8.365837e-01 -2.737327e-01
      outer loop
         vertex 5.534586e-02 1.453252e-02 -2.450395e-03
         vertex 5.565275e-02 1.504227e-02 -3.476270e-03
         vertex 5.568371e-02 1.486603e-02 -2.883974e-03
      endloop
   endfacet
   facet normal 3.141117e-01 1.259395e-01 -9.409958e-01
      outer loop
         vertex 3.805646e-02 1.694383e-02 -7.889365e-03
         vertex 3.860835e-02 1.718955e-02 -7.672255e-03
         vertex 3.989641e-02 1.397692e-02 -7.672255e-03
      endloop
   endfacet
   facet normal 5.643088e-01 1.739733e-01 -8.070247e-01
      outer loop
         vertex 3.248920e-02 8.402280e-03 -1.205676e-02
         vertex 3.168394e-02 8.194025e-03 -1.266473e-02
         vertex 3.088516e-02 1.078501e-02 -1.266473e-02
      endloop
   endfacet
   facet normal 6.175234e-01 1.965466e-01 -7.615998e-01
      outer loop
         vertex 3.059163e-02 7.911534e-03 -1.354387e-02
         vertex 2.880472e-02 7.449407e-03 -1.511200e-02
         vertex 2.872593e-02 1.002018e-02 -1.451245e-02
      endloop
   endfacet
   facet normal 6.614377e-01 1.895112e-01 -7.256622e-01
      outer loop
         vertex 2.872593e-02 1.002018e-02 -1.451245e-02
         vertex 2.880472e-02 7.449407e-03 -1.511200e-02
         vertex 2.713487e-02 7.017556e-03 -1.674684e-02
      endloop
   endfacet
   facet normal 6.502586e-01 2.006910e-01 -7.327256e-01
      outer loop
         vertex 2.872593e-02 1.002018e-02 -1.451245e-02
         vertex 2.713487e-02 7.017556e-03 -1.674684e-02
         vertex 2.645414e-02 9.215481e-03 -1.674895e-02
      endloop
   endfacet
   facet normal 6.999560e-01 2.161331e-01 -6.806967e-01
      outer loop
         vertex 2.645414e-02 9.215481e-03 -1.674895e-02
         vertex 2.713487e-02 7.017556e-03 -1.674684e-02
         vertex 2.551764e-02 6.599312e-03 -1.854263e-02
      endloop
   endfacet
   facet normal 6.998845e-01 2.161955e-01 -6.807504e-01
      outer loop
         vertex 2.645414e-02 9.215481e-03 -1.674895e-02
         vertex 2.551764e-02 6.599312e-03 -1.854263e-02
         vertex 2.488157e-02 8.658455e-03 -1.854263e-02
      endloop
   endfacet
   facet normal 5.007687e-01 1.543029e-01 -8.517167e-01
      outer loop
         vertex 3.472964e-02 8.981696e-03 -1.055023e-02
         vertex 3.387404e-02 8.760422e-03 -1.109337e-02
         vertex 3.301747e-02 1.154030e-02 -1.109337e-02
      endloop
   endfacet
   facet normal 5.279230e-01 1.626700e-01 -8.335681e-01
      outer loop
         vertex 3.301747e-02 1.154030e-02 -1.109337e-02
         vertex 3.387404e-02 8.760422e-03 -1.109337e-02
         vertex 3.292431e-02 8.514807e-03 -1.174279e-02
      endloop
   endfacet
   facet normal 5.498036e-01 1.609914e-01 -8.196327e-01
      outer loop
         vertex 3.248920e-02 8.402280e-03 -1.205676e-02
         vertex 3.088516e-02 1.078501e-02 -1.266473e-02
         vertex 3.292431e-02 8.514807e-03 -1.174279e-02
      endloop
   endfacet
   facet normal 4.626403e-01 1.232212e-01 -8.779411e-01
      outer loop
         vertex 3.472964e-02 8.981696e-03 -1.055023e-02
         vertex 3.301747e-02 1.154030e-02 -1.109337e-02
         vertex 3.655405e-02 9.453519e-03 -9.522613e-03
      endloop
   endfacet
   facet normal 4.762249e-01 1.556558e-01 -8.654369e-01
      outer loop
         vertex 3.655405e-02 9.453519e-03 -9.522613e-03
         vertex 3.301747e-02 1.154030e-02 -1.109337e-02
         vertex 3.519757e-02 1.231253e-02 -9.754826e-03
      endloop
   endfacet
   facet normal 4.188597e-01 1.256873e-01 -8.993105e-01
      outer loop
         vertex 3.655405e-02 9.453519e-03 -9.522613e-03
         vertex 3.519757e-02 1.231253e-02 -9.754826e-03
         vertex 3.707875e-02 9.589218e-03 -9.259264e-03
      endloop
   endfacet
   facet normal 4.068745e-01 1.161790e-01 -9.060660e-01
      outer loop
         vertex 3.707875e-02 9.589218e-03 -9.259264e-03
         vertex 3.519757e-02 1.231253e-02 -9.754826e-03
         vertex 3.736459e-02 1.308012e-02 -8.683291e-03
      endloop
   endfacet
   facet normal 3.761961e-01 1.207650e-01 -9.186361e-01
      outer loop
         vertex 3.707875e-02 9.589218e-03 -9.259264e-03
         vertex 3.736459e-02 1.308012e-02 -8.683291e-03
         vertex 3.892569e-02 1.006687e-02 -8.440122e-03
      endloop
   endfacet
   facet normal 3.322348e-01 1.377577e-01 -9.330824e-01
      outer loop
         vertex 3.805646e-02 1.694383e-02 -7.889365e-03
         vertex 3.989641e-02 1.397692e-02 -7.672255e-03
         vertex 3.592492e-02 1.599481e-02 -8.788436e-03
      endloop
   endfacet
   facet normal 3.313123e-01 1.019534e-01 -9.379966e-01
      outer loop
         vertex 4.093938e-02 1.058764e-02 -7.672255e-03
         vertex 3.892569e-02 1.006687e-02 -8.440122e-03
         vertex 3.989641e-02 1.397692e-02 -7.672255e-03
      endloop
   endfacet
   facet normal 3.383260e-01 9.976618e-02 -9.357255e-01
      outer loop
         vertex 3.989641e-02 1.397692e-02 -7.672255e-03
         vertex 3.892569e-02 1.006687e-02 -8.440122e-03
         vertex 3.736459e-02 1.308012e-02 -8.683291e-03
      endloop
   endfacet
   facet normal 3.282372e-01 1.283688e-01 -9.358322e-01
      outer loop
         vertex 3.989641e-02 1.397692e-02 -7.672255e-03
         vertex 3.736459e-02 1.308012e-02 -8.683291e-03
         vertex 3.592492e-02 1.599481e-02 -8.788436e-03
      endloop
   endfacet
   facet normal 3.912182e-01 1.605468e-01 -9.061860e-01
      outer loop
         vertex 3.592492e-02 1.599481e-02 -8.788436e-03
         vertex 3.736459e-02 1.308012e-02 -8.683291e-03
         vertex 3.519757e-02 1.231253e-02 -9.754826e-03
      endloop
   endfacet
   facet normal 3.948833e-01 1.594559e-01 -9.047878e-01
      outer loop
         vertex 3.592492e-02 1.599481e-02 -8.788436e-03
         vertex 3.519757e-02 1.231253e-02 -9.754826e-03
         vertex 3.411473e-02 1.518886e-02 -9.720509e-03
      endloop
   endfacet
   facet normal 4.655600e-01 1.855927e-01 -8.653377e-01
      outer loop
         vertex 3.411473e-02 1.518886e-02 -9.720509e-03
         vertex 3.519757e-02 1.231253e-02 -9.754826e-03
         vertex 3.301747e-02 1.154030e-02 -1.109337e-02
      endloop
   endfacet
   facet normal 4.530702e-01 1.913641e-01 -8.706935e-01
      outer loop
         vertex 3.411473e-02 1.518886e-02 -9.720509e-03
         vertex 3.301747e-02 1.154030e-02 -1.109337e-02
         vertex 3.239010e-02 1.442100e-02 -1.078669e-02
      endloop
   endfacet
   facet normal 5.484782e-01 1.593070e-01 -8.208489e-01
      outer loop
         vertex 3.292431e-02 8.514807e-03 -1.174279e-02
         vertex 3.088516e-02 1.078501e-02 -1.266473e-02
         vertex 3.301747e-02 1.154030e-02 -1.109337e-02
      endloop
   endfacet
   facet normal 5.265306e-01 2.212787e-01 -8.208539e-01
      outer loop
         vertex 3.301747e-02 1.154030e-02 -1.109337e-02
         vertex 3.088516e-02 1.078501e-02 -1.266473e-02
         vertex 3.069981e-02 1.366844e-02 -1.200633e-02
      endloop
   endfacet
   facet normal 5.129517e-01 2.005689e-01 -8.346572e-01
      outer loop
         vertex 3.301747e-02 1.154030e-02 -1.109337e-02
         vertex 3.069981e-02 1.366844e-02 -1.200633e-02
         vertex 3.239010e-02 1.442100e-02 -1.078669e-02
      endloop
   endfacet
   facet normal 5.915893e-01 2.589504e-01 -7.635226e-01
      outer loop
         vertex 2.720719e-02 1.211342e-02 -1.506394e-02
         vertex 2.894188e-02 1.288576e-02 -1.345793e-02
         vertex 3.088516e-02 1.078501e-02 -1.266473e-02
      endloop
   endfacet
   facet normal 5.694586e-01 2.286386e-01 -7.895830e-01
      outer loop
         vertex 3.088516e-02 1.078501e-02 -1.266473e-02
         vertex 2.894188e-02 1.288576e-02 -1.345793e-02
         vertex 2.987492e-02 1.330117e-02 -1.266473e-02
      endloop
   endfacet
   facet normal 5.469897e-01 2.196173e-01 -8.078184e-01
      outer loop
         vertex 3.088516e-02 1.078501e-02 -1.266473e-02
         vertex 2.987492e-02 1.330117e-02 -1.266473e-02
         vertex 3.069981e-02 1.366844e-02 -1.200633e-02
      endloop
   endfacet
   facet normal 5.877504e-01 1.812002e-01 -7.884896e-01
      outer loop
         vertex 3.168394e-02 8.194025e-03 -1.266473e-02
         vertex 3.059163e-02 7.911534e-03 -1.354387e-02
         vertex 3.088516e-02 1.078501e-02 -1.266473e-02
      endloop
   endfacet
   facet normal 6.031704e-01 1.763751e-01 -7.778671e-01
      outer loop
         vertex 3.088516e-02 1.078501e-02 -1.266473e-02
         vertex 3.059163e-02 7.911534e-03 -1.354387e-02
         vertex 2.872593e-02 1.002018e-02 -1.451245e-02
      endloop
   endfacet
   facet normal 5.876200e-01 2.212930e-01 -7.782880e-01
      outer loop
         vertex 3.088516e-02 1.078501e-02 -1.266473e-02
         vertex 2.872593e-02 1.002018e-02 -1.451245e-02
         vertex 2.720719e-02 1.211342e-02 -1.506394e-02
      endloop
   endfacet
   facet normal 6.280570e-01 2.626993e-01 -7.324844e-01
      outer loop
         vertex 2.720719e-02 1.211342e-02 -1.506394e-02
         vertex 2.872593e-02 1.002018e-02 -1.451245e-02
         vertex 2.645414e-02 9.215481e-03 -1.674895e-02
      endloop
   endfacet
   facet normal 6.388951e-01 2.558278e-01 -7.255103e-01
      outer loop
         vertex 2.720719e-02 1.211342e-02 -1.506394e-02
         vertex 2.645414e-02 9.215481e-03 -1.674895e-02
         vertex 2.553694e-02 1.136978e-02 -1.679701e-02
      endloop
   endfacet
   facet normal 6.793527e-01 2.740519e-01 -6.807168e-01
      outer loop
         vertex 2.553694e-02 1.136978e-02 -1.679701e-02
         vertex 2.645414e-02 9.215481e-03 -1.674895e-02
         vertex 2.488157e-02 8.658455e-03 -1.854263e-02
      endloop
   endfacet
   facet normal 6.801507e-01 2.734910e-01 -6.801454e-01
      outer loop
         vertex 2.553694e-02 1.136978e-02 -1.679701e-02
         vertex 2.488157e-02 8.658455e-03 -1.854263e-02
         vertex 2.405640e-02 1.071060e-02 -1.854263e-02
      endloop
   endfacet
   facet normal 2.503802e-01 -9.681476e-01 0.000000e+00
      outer loop
         vertex 2.455060e-02 6.349217e-03 1.778063e-02
         vertex 2.381286e-02 6.158424e-03 1.854263e-02
         vertex 2.455060e-02 6.349217e-03 1.320863e-02
      endloop
   endfacet
   facet normal 2.503800e-01 -9.681476e-01 -2.098478e-08
      outer loop
         vertex 2.455060e-02 6.349217e-03 1.320863e-02
         vertex 2.381286e-02 6.158424e-03 1.854263e-02
         vertex 1.058852e-02 2.738377e-03 1.854263e-02
      endloop
   endfacet
   facet normal 2.503799e-01 -9.681477e-01 -3.276493e-07
      outer loop
         vertex 2.455060e-02 6.349217e-03 1.320863e-02
         vertex 1.058852e-02 2.738377e-03 1.854263e-02
         vertex 2.457826e-02 6.356370e-03 1.304067e-02
      endloop
   endfacet
   facet normal 2.503787e-01 -9.681480e-01 6.663982e-07
      outer loop
         vertex 5.280313e-02 1.365582e-02 -1.023774e-02
         vertex 5.477107e-02 1.416476e-02 -5.174783e-03
         vertex 5.258305e-02 1.359890e-02 -1.012031e-02
      endloop
   endfacet
   facet normal 2.503797e-01 -9.681477e-01 1.565693e-07
      outer loop
         vertex 5.258305e-02 1.359890e-02 -1.012031e-02
         vertex 5.477107e-02 1.416476e-02 -5.174783e-03
         vertex 5.480196e-02 1.417275e-02 -4.524474e-03
      endloop
   endfacet
   facet normal 2.503835e-01 -9.681467e-01 -3.167036e-06
      outer loop
         vertex 4.093938e-02 1.058764e-02 -7.672255e-03
         vertex 4.128240e-02 1.067635e-02 -7.569038e-03
         vertex 4.786039e-02 1.237754e-02 4.445021e-04
      endloop
   endfacet
   facet normal 2.503800e-01 -9.681476e-01 -1.742272e-07
      outer loop
         vertex 1.058852e-02 2.738377e-03 -1.854263e-02
         vertex 2.551764e-02 6.599312e-03 -1.854263e-02
         vertex 2.713487e-02 7.017556e-03 -1.674684e-02
      endloop
   endfacet
   facet normal 2.503800e-01 -9.681476e-01 0.000000e+00
      outer loop
         vertex 3.298903e-02 8.531542e-03 3.682374e-03
         vertex 3.298903e-02 8.531542e-03 4.475723e-03
         vertex 1.058852e-02 2.738377e-03 -1.854263e-02
      endloop
   endfacet
   facet normal 2.503799e-01 -9.681477e-01 5.167931e-08
      outer loop
         vertex 1.058852e-02 2.738377e-03 -1.854263e-02
         vertex 3.298903e-02 8.531542e-03 4.475723e-03
         vertex 2.911172e-02 7.528803e-03 6.750781e-03
      endloop
   endfacet
   facet normal 2.503802e-01 -9.681476e-01 -1.583614e-07
      outer loop
         vertex 2.911172e-02 7.528803e-03 6.750781e-03
         vertex 2.872938e-02 7.429922e-03 7.018024e-03
         vertex 1.058852e-02 2.738377e-03 -1.854263e-02
      endloop
   endfacet
   facet normal 2.503799e-01 -9.681477e-01 6.642008e-08
      outer loop
         vertex 1.058852e-02 2.738377e-03 -1.854263e-02
         vertex 2.872938e-02 7.429922e-03 7.018024e-03
         vertex 2.826487e-02 7.309793e-03 7.497113e-03
      endloop
   endfacet
   facet normal 2.503792e-01 -9.681478e-01 5.738392e-07
      outer loop
         vertex 1.058852e-02 2.738377e-03 -1.854263e-02
         vertex 2.826487e-02 7.309793e-03 7.497113e-03
         vertex 2.806944e-02 7.259251e-03 7.781405e-03
      endloop
   endfacet
   facet normal 2.503793e-01 -9.681478e-01 3.263826e-07
      outer loop
         vertex 1.058852e-02 2.738377e-03 -1.854263e-02
         vertex 2.493426e-02 6.448439e-03 1.271306e-02
         vertex 2.479651e-02 6.412814e-03 1.276868e-02
      endloop
   endfacet
   facet normal 2.503822e-01 -9.681471e-01 -1.057059e-06
      outer loop
         vertex 2.479651e-02 6.412814e-03 1.276868e-02
         vertex 2.478155e-02 6.408945e-03 1.277798e-02
         vertex 1.058852e-02 2.738377e-03 -1.854263e-02
      endloop
   endfacet
   facet normal 2.503804e-01 -9.681475e-01 -1.898304e-07
      outer loop
         vertex 1.058852e-02 2.738377e-03 -1.854263e-02
         vertex 2.478155e-02 6.408945e-03 1.277798e-02
         vertex 2.465825e-02 6.377057e-03 1.289144e-02
      endloop
   endfacet
   facet normal 2.503800e-01 -9.681476e-01 0.000000e+00
      outer loop
         vertex 1.058852e-02 2.738377e-03 -1.854263e-02
         vertex 2.465825e-02 6.377057e-03 1.289144e-02
         vertex 1.058852e-02 2.738377e-03 1.854263e-02
      endloop
   endfacet
   facet normal 2.503791e-01 -9.681479e-01 -2.359032e-06
      outer loop
         vertex 1.058852e-02 2.738377e-03 1.854263e-02
         vertex 2.465825e-02 6.377057e-03 1.289144e-02
         vertex 2.461649e-02 6.366258e-03 1.295463e-02
      endloop
   endfacet
   facet normal 2.503813e-01 -9.681473e-01 3.428522e-06
      outer loop
         vertex 1.058852e-02 2.738377e-03 1.854263e-02
         vertex 2.461649e-02 6.366258e-03 1.295463e-02
         vertex 2.457826e-02 6.356370e-03 1.304067e-02
      endloop
   endfacet
   facet normal 2.503812e-01 -9.681473e-01 -4.556156e-07
      outer loop
         vertex 5.480196e-02 1.417275e-02 -4.524474e-03
         vertex 5.500853e-02 1.422617e-02 -3.134872e-03
         vertex 5.258305e-02 1.359890e-02 -1.012031e-02
      endloop
   endfacet
   facet normal 2.503761e-01 -9.681486e-01 1.418829e-06
      outer loop
         vertex 5.258305e-02 1.359890e-02 -1.012031e-02
         vertex 5.500853e-02 1.422617e-02 -3.134872e-03
         vertex 5.512250e-02 1.425565e-02 -2.494830e-03
      endloop
   endfacet
   facet normal 2.503837e-01 -9.681467e-01 -1.262111e-06
      outer loop
         vertex 5.258305e-02 1.359890e-02 -1.012031e-02
         vertex 5.512250e-02 1.425565e-02 -2.494830e-03
         vertex 5.519722e-02 1.427497e-02 -1.948826e-03
      endloop
   endfacet
   facet normal 2.503804e-01 -9.681475e-01 4.047479e-06
      outer loop
         vertex 5.405383e-02 1.397927e-02 -1.407223e-02
         vertex 5.477107e-02 1.416476e-02 -1.407223e-02
         vertex 5.477106e-02 1.416476e-02 -1.383410e-02
      endloop
   endfacet
   facet normal 2.503802e-01 -9.681476e-01 2.997535e-07
      outer loop
         vertex 5.153298e-02 1.332734e-02 2.162901e-03
         vertex 5.130919e-02 1.326946e-02 1.525697e-03
         vertex 5.507828e-02 1.424421e-02 1.000564e-04
      endloop
   endfacet
   facet normal 2.503815e-01 -9.681472e-01 5.233856e-07
      outer loop
         vertex 5.405383e-02 1.397927e-02 -1.407223e-02
         vertex 5.477106e-02 1.416476e-02 -1.383410e-02
         vertex 5.306667e-02 1.372397e-02 -1.063001e-02
      endloop
   endfacet
   facet normal 2.503806e-01 -9.681475e-01 -6.266730e-07
      outer loop
         vertex 4.786039e-02 1.237754e-02 4.445021e-04
         vertex 4.128240e-02 1.067635e-02 -7.569038e-03
         vertex 4.810081e-02 1.243972e-02 1.982469e-04
      endloop
   endfacet
   facet normal 2.503781e-01 -9.681481e-01 1.735874e-06
      outer loop
         vertex 4.810081e-02 1.243972e-02 1.982469e-04
         vertex 4.128240e-02 1.067635e-02 -7.569038e-03
         vertex 4.193475e-02 1.084506e-02 -7.493625e-03
      endloop
   endfacet
   facet normal 2.503762e-01 -9.681486e-01 3.420418e-06
      outer loop
         vertex 4.810081e-02 1.243972e-02 1.982469e-04
         vertex 4.193475e-02 1.084506e-02 -7.493625e-03
         vertex 4.823039e-02 1.247323e-02 1.042070e-04
      endloop
   endfacet
   facet normal 2.504097e-01 -9.681400e-01 1.136043e-05
      outer loop
         vertex 4.751709e-02 1.228875e-02 3.318154e-03
         vertex 4.744442e-02 1.226996e-02 3.471324e-03
         vertex 4.753720e-02 1.229396e-02 3.174374e-03
      endloop
   endfacet
   facet normal 2.503708e-01 -9.681500e-01 -1.614505e-06
      outer loop
         vertex 4.753720e-02 1.229396e-02 3.174374e-03
         vertex 4.744442e-02 1.226996e-02 3.471324e-03
         vertex 4.739315e-02 1.225670e-02 3.533585e-03
      endloop
   endfacet
   facet normal 2.503785e-01 -9.681480e-01 1.695027e-06
      outer loop
         vertex 4.753720e-02 1.229396e-02 3.174374e-03
         vertex 4.739315e-02 1.225670e-02 3.533585e-03
         vertex 4.732677e-02 1.223953e-02 3.591015e-03
      endloop
   endfacet
   facet normal 2.503844e-01 -9.681465e-01 -1.707244e-06
      outer loop
         vertex 5.280313e-02 1.365582e-02 -1.023774e-02
         vertex 5.291609e-02 1.368503e-02 -1.034651e-02
         vertex 5.477107e-02 1.416476e-02 -5.174783e-03
      endloop
   endfacet
   facet normal 2.503781e-01 -9.681481e-01 6.979149e-07
      outer loop
         vertex 5.477107e-02 1.416476e-02 -5.174783e-03
         vertex 5.291609e-02 1.368503e-02 -1.034651e-02
         vertex 5.297317e-02 1.369979e-02 -1.042379e-02
      endloop
   endfacet
   facet normal 2.503825e-01 -9.681470e-01 -9.137701e-07
      outer loop
         vertex 5.477107e-02 1.416476e-02 -5.174783e-03
         vertex 5.297317e-02 1.369979e-02 -1.042379e-02
         vertex 5.477107e-02 1.416477e-02 -1.109525e-02
      endloop
   endfacet
   facet normal 2.503836e-01 -9.681467e-01 2.359531e-06
      outer loop
         vertex 5.477107e-02 1.416477e-02 -1.109525e-02
         vertex 5.297317e-02 1.369979e-02 -1.042379e-02
         vertex 5.306667e-02 1.372397e-02 -1.063001e-02
      endloop
   endfacet
   facet normal 2.504041e-01 -9.681414e-01 8.238449e-05
      outer loop
         vertex 5.477107e-02 1.416477e-02 -1.109525e-02
         vertex 5.306667e-02 1.372397e-02 -1.063001e-02
         vertex 5.477203e-02 1.416501e-02 -1.116005e-02
      endloop
   endfacet
   facet normal 2.503802e-01 -9.681476e-01 1.760412e-07
      outer loop
         vertex 5.477203e-02 1.416501e-02 -1.116005e-02
         vertex 5.306667e-02 1.372397e-02 -1.063001e-02
         vertex 5.485903e-02 1.418751e-02 -1.170612e-02
      endloop
   endfacet
   facet normal 2.503800e-01 -9.681476e-01 2.251345e-07
      outer loop
         vertex 2.713487e-02 7.017556e-03 -1.674684e-02
         vertex 2.880472e-02 7.449407e-03 -1.511200e-02
         vertex 1.058852e-02 2.738377e-03 -1.854263e-02
      endloop
   endfacet
   facet normal 2.503800e-01 -9.681476e-01 4.676582e-08
      outer loop
         vertex 1.058852e-02 2.738377e-03 -1.854263e-02
         vertex 2.880472e-02 7.449407e-03 -1.511200e-02
         vertex 3.059163e-02 7.911534e-03 -1.354387e-02
      endloop
   endfacet
   facet normal 2.503803e-01 -9.681476e-01 -1.115321e-06
      outer loop
         vertex 1.058852e-02 2.738377e-03 -1.854263e-02
         vertex 3.059163e-02 7.911534e-03 -1.354387e-02
         vertex 3.168394e-02 8.194025e-03 -1.266473e-02
      endloop
   endfacet
   facet normal 2.503804e-01 -9.681475e-01 -2.818854e-07
      outer loop
         vertex 2.806944e-02 7.259251e-03 7.781405e-03
         vertex 2.778465e-02 7.185599e-03 8.392295e-03
         vertex 1.058852e-02 2.738377e-03 -1.854263e-02
      endloop
   endfacet
   facet normal 2.503799e-01 -9.681477e-01 6.247545e-08
      outer loop
         vertex 1.058852e-02 2.738377e-03 -1.854263e-02
         vertex 2.778465e-02 7.185599e-03 8.392295e-03
         vertex 2.769138e-02 7.161478e-03 8.727190e-03
      endloop
   endfacet
   facet normal 2.503800e-01 -9.681477e-01 2.641208e-08
      outer loop
         vertex 1.058852e-02 2.738377e-03 -1.854263e-02
         vertex 2.769138e-02 7.161478e-03 8.727190e-03
         vertex 2.493426e-02 6.448439e-03 1.271306e-02
      endloop
   endfacet
   facet normal 2.503801e-01 -9.681476e-01 1.227847e-07
      outer loop
         vertex 2.493426e-02 6.448439e-03 1.271306e-02
         vertex 2.769138e-02 7.161478e-03 8.727190e-03
         vertex 2.761837e-02 7.142595e-03 9.401001e-03
      endloop
   endfacet
   facet normal 2.503772e-01 -9.681484e-01 -2.399728e-06
      outer loop
         vertex 2.493426e-02 6.448439e-03 1.271306e-02
         vertex 2.761837e-02 7.142595e-03 9.401001e-03
         vertex 2.504243e-02 6.476412e-03 1.270063e-02
      endloop
   endfacet
   facet normal 2.503801e-01 -9.681476e-01 0.000000e+00
      outer loop
         vertex 2.504243e-02 6.476412e-03 1.270063e-02
         vertex 2.761837e-02 7.142595e-03 9.401001e-03
         vertex 2.761837e-02 7.142595e-03 1.270063e-02
      endloop
   endfacet
   facet normal 2.503802e-01 -9.681476e-01 2.976215e-07
      outer loop
         vertex 5.507828e-02 1.424421e-02 1.000564e-04
         vertex 5.130919e-02 1.326946e-02 1.525697e-03
         vertex 5.521881e-02 1.428056e-02 -9.808997e-04
      endloop
   endfacet
   facet normal 2.503800e-01 -9.681476e-01 2.832503e-09
      outer loop
         vertex 5.521881e-02 1.428056e-02 -9.808997e-04
         vertex 5.130919e-02 1.326946e-02 1.525697e-03
         vertex 5.114244e-02 1.322633e-02 1.222525e-03
      endloop
   endfacet
   facet normal 2.503801e-01 -9.681476e-01 2.245868e-07
      outer loop
         vertex 5.521881e-02 1.428056e-02 -9.808997e-04
         vertex 5.114244e-02 1.322633e-02 1.222525e-03
         vertex 5.519722e-02 1.427497e-02 -1.948826e-03
      endloop
   endfacet
   facet normal 2.503796e-01 -9.681477e-01 -4.507421e-07
      outer loop
         vertex 5.519722e-02 1.427497e-02 -1.948826e-03
         vertex 5.114244e-02 1.322633e-02 1.222525e-03
         vertex 5.072696e-02 1.311888e-02 6.975951e-04
      endloop
   endfacet
   facet normal 2.503799e-01 -9.681477e-01 2.289358e-08
      outer loop
         vertex 5.519722e-02 1.427497e-02 -1.948826e-03
         vertex 5.072696e-02 1.311888e-02 6.975951e-04
         vertex 5.258305e-02 1.359890e-02 -1.012031e-02
      endloop
   endfacet
   facet normal 2.503799e-01 -9.681477e-01 2.908261e-08
      outer loop
         vertex 5.258305e-02 1.359890e-02 -1.012031e-02
         vertex 5.072696e-02 1.311888e-02 6.975951e-04
         vertex 5.047245e-02 1.305306e-02 4.685247e-04
      endloop
   endfacet
   facet normal 2.503796e-01 -9.681478e-01 -4.779661e-08
      outer loop
         vertex 5.258305e-02 1.359890e-02 -1.012031e-02
         vertex 5.047245e-02 1.305306e-02 4.685247e-04
         vertex 4.991217e-02 1.290817e-02 1.152362e-04
      endloop
   endfacet
   facet normal 2.503804e-01 -9.681475e-01 1.672549e-07
      outer loop
         vertex 5.101267e-02 1.319277e-02 -8.270985e-03
         vertex 5.125086e-02 1.325437e-02 -8.518067e-03
         vertex 4.991217e-02 1.290817e-02 1.152362e-04
      endloop
   endfacet
   facet normal 2.503793e-01 -9.681478e-01 -1.004705e-08
      outer loop
         vertex 4.991217e-02 1.290817e-02 1.152362e-04
         vertex 5.125086e-02 1.325437e-02 -8.518067e-03
         vertex 5.162936e-02 1.335226e-02 -9.072030e-03
      endloop
   endfacet
   facet normal 2.503806e-01 -9.681475e-01 2.468445e-07
      outer loop
         vertex 4.991217e-02 1.290817e-02 1.152362e-04
         vertex 5.162936e-02 1.335226e-02 -9.072030e-03
         vertex 5.258305e-02 1.359890e-02 -1.012031e-02
      endloop
   endfacet
   facet normal 2.503768e-01 -9.681485e-01 -3.463103e-06
      outer loop
         vertex 5.258305e-02 1.359890e-02 -1.012031e-02
         vertex 5.162936e-02 1.335226e-02 -9.072030e-03
         vertex 5.177486e-02 1.338989e-02 -9.386433e-03
      endloop
   endfacet
   facet normal 2.503790e-01 -9.681479e-01 -8.307020e-07
      outer loop
         vertex 5.258305e-02 1.359890e-02 -1.012031e-02
         vertex 5.177486e-02 1.338989e-02 -9.386433e-03
         vertex 5.235932e-02 1.354104e-02 -1.008443e-02
      endloop
   endfacet
   facet normal 2.503814e-01 -9.681473e-01 1.241864e-06
      outer loop
         vertex 5.235932e-02 1.354104e-02 -1.008443e-02
         vertex 5.177486e-02 1.338989e-02 -9.386433e-03
         vertex 5.195454e-02 1.343636e-02 -1.003856e-02
      endloop
   endfacet
   facet normal 2.503786e-01 -9.681480e-01 -2.513883e-05
      outer loop
         vertex 5.235932e-02 1.354104e-02 -1.008443e-02
         vertex 5.195454e-02 1.343636e-02 -1.003856e-02
         vertex 5.196197e-02 1.343828e-02 -1.008443e-02
      endloop
   endfacet
   facet normal 2.503785e-01 -9.681480e-01 -1.168387e-06
      outer loop
         vertex 5.477106e-02 1.416476e-02 -1.383410e-02
         vertex 5.484506e-02 1.418390e-02 -1.332511e-02
         vertex 5.306667e-02 1.372397e-02 -1.063001e-02
      endloop
   endfacet
   facet normal 2.503775e-01 -9.681483e-01 -1.912106e-06
      outer loop
         vertex 5.306667e-02 1.372397e-02 -1.063001e-02
         vertex 5.484506e-02 1.418390e-02 -1.332511e-02
         vertex 5.486281e-02 1.418849e-02 -1.326414e-02
      endloop
   endfacet
   facet normal 2.503781e-01 -9.681481e-01 -1.472148e-06
      outer loop
         vertex 5.306667e-02 1.372397e-02 -1.063001e-02
         vertex 5.486281e-02 1.418849e-02 -1.326414e-02
         vertex 5.496318e-02 1.421444e-02 -1.297482e-02
      endloop
   endfacet
   facet normal 2.503819e-01 -9.681472e-01 -1.623304e-06
      outer loop
         vertex 4.823039e-02 1.247323e-02 1.042070e-04
         vertex 4.193475e-02 1.084506e-02 -7.493625e-03
         vertex 4.868858e-02 1.259172e-02 -9.040756e-05
      endloop
   endfacet
   facet normal 2.503801e-01 -9.681476e-01 7.137944e-08
      outer loop
         vertex 4.868858e-02 1.259172e-02 -9.040756e-05
         vertex 4.193475e-02 1.084506e-02 -7.493625e-03
         vertex 4.904408e-02 1.268366e-02 -7.493625e-03
      endloop
   endfacet
   facet normal 2.503787e-01 -9.681480e-01 -1.268913e-09
      outer loop
         vertex 4.868858e-02 1.259172e-02 -9.040756e-05
         vertex 4.904408e-02 1.268366e-02 -7.493625e-03
         vertex 4.918331e-02 1.271967e-02 -1.173988e-04
      endloop
   endfacet
   facet normal 2.503789e-01 -9.681479e-01 -4.384426e-09
      outer loop
         vertex 4.918331e-02 1.271967e-02 -1.173988e-04
         vertex 4.904408e-02 1.268366e-02 -7.493625e-03
         vertex 4.954345e-02 1.281281e-02 -7.537585e-03
      endloop
   endfacet
   facet normal 2.503805e-01 -9.681475e-01 8.154906e-08
      outer loop
         vertex 4.918331e-02 1.271967e-02 -1.173988e-04
         vertex 4.954345e-02 1.281281e-02 -7.537585e-03
         vertex 4.936107e-02 1.276564e-02 -8.452711e-05
      endloop
   endfacet
   facet normal 2.503801e-01 -9.681476e-01 7.117219e-08
      outer loop
         vertex 4.936107e-02 1.276564e-02 -8.452711e-05
         vertex 4.954345e-02 1.281281e-02 -7.537585e-03
         vertex 5.017405e-02 1.297589e-02 -7.725936e-03
      endloop
   endfacet
   facet normal 2.503810e-01 -9.681474e-01 1.678500e-07
      outer loop
         vertex 4.936107e-02 1.276564e-02 -8.452711e-05
         vertex 5.017405e-02 1.297589e-02 -7.725936e-03
         vertex 4.991217e-02 1.290817e-02 1.152362e-04
      endloop
   endfacet
   facet normal 2.503819e-01 -9.681472e-01 1.996938e-07
      outer loop
         vertex 4.991217e-02 1.290817e-02 1.152362e-04
         vertex 5.017405e-02 1.297589e-02 -7.725936e-03
         vertex 5.047799e-02 1.305449e-02 -7.877655e-03
      endloop
   endfacet
   facet normal 2.503792e-01 -9.681478e-01 6.467238e-10
      outer loop
         vertex 4.991217e-02 1.290817e-02 1.152362e-04
         vertex 5.047799e-02 1.305449e-02 -7.877655e-03
         vertex 5.101267e-02 1.319277e-02 -8.270985e-03
      endloop
   endfacet
   facet normal 2.503809e-01 -9.681474e-01 -1.150526e-06
      outer loop
         vertex 3.292431e-02 8.514807e-03 -1.174279e-02
         vertex 3.387404e-02 8.760422e-03 -1.109337e-02
         vertex 4.786039e-02 1.237754e-02 4.445021e-04
      endloop
   endfacet
   facet normal 2.503804e-01 -9.681475e-01 -5.250793e-07
      outer loop
         vertex 4.786039e-02 1.237754e-02 4.445021e-04
         vertex 3.387404e-02 8.760422e-03 -1.109337e-02
         vertex 3.472964e-02 8.981696e-03 -1.055023e-02
      endloop
   endfacet
   facet normal 2.503782e-01 -9.681481e-01 2.303402e-06
      outer loop
         vertex 4.786039e-02 1.237754e-02 4.445021e-04
         vertex 3.472964e-02 8.981696e-03 -1.055023e-02
         vertex 3.655405e-02 9.453519e-03 -9.522613e-03
      endloop
   endfacet
   facet normal 2.503833e-01 -9.681468e-01 -3.862854e-06
      outer loop
         vertex 3.655405e-02 9.453519e-03 -9.522613e-03
         vertex 3.707875e-02 9.589218e-03 -9.259264e-03
         vertex 4.786039e-02 1.237754e-02 4.445021e-04
      endloop
   endfacet
   facet normal 2.503802e-01 -9.681476e-01 -2.343472e-07
      outer loop
         vertex 4.786039e-02 1.237754e-02 4.445021e-04
         vertex 3.707875e-02 9.589218e-03 -9.259264e-03
         vertex 3.892569e-02 1.006687e-02 -8.440122e-03
      endloop
   endfacet
   facet normal 2.503795e-01 -9.681478e-01 5.545374e-07
      outer loop
         vertex 4.786039e-02 1.237754e-02 4.445021e-04
         vertex 3.892569e-02 1.006687e-02 -8.440122e-03
         vertex 4.093938e-02 1.058764e-02 -7.672255e-03
      endloop
   endfacet
   facet normal 2.503800e-01 -9.681476e-01 -1.048091e-07
      outer loop
         vertex 5.507828e-02 1.424421e-02 1.000564e-04
         vertex 5.496395e-02 1.421464e-02 7.398468e-04
         vertex 5.153298e-02 1.332734e-02 2.162901e-03
      endloop
   endfacet
   facet normal 2.503799e-01 -9.681477e-01 -1.846542e-07
      outer loop
         vertex 5.153298e-02 1.332734e-02 2.162901e-03
         vertex 5.496395e-02 1.421464e-02 7.398468e-04
         vertex 5.480554e-02 1.417368e-02 1.855616e-03
      endloop
   endfacet
   facet normal 2.503799e-01 -9.681477e-01 -9.233647e-07
      outer loop
         vertex 5.153298e-02 1.332734e-02 2.162901e-03
         vertex 5.480554e-02 1.417368e-02 1.855616e-03
         vertex 5.157299e-02 1.333768e-02 2.363720e-03
      endloop
   endfacet
   facet normal 2.503800e-01 -9.681476e-01 -1.400769e-08
      outer loop
         vertex 5.157299e-02 1.333768e-02 2.363720e-03
         vertex 5.480554e-02 1.417368e-02 1.855616e-03
         vertex 5.477107e-02 1.416476e-02 2.563970e-03
      endloop
   endfacet
   facet normal 2.503829e-01 -9.681469e-01 2.660234e-06
      outer loop
         vertex 5.496318e-02 1.421444e-02 -1.297482e-02
         vertex 5.507681e-02 1.424383e-02 -1.259167e-02
         vertex 5.306667e-02 1.372397e-02 -1.063001e-02
      endloop
   endfacet
   facet normal 2.503758e-01 -9.681487e-01 -5.110974e-06
      outer loop
         vertex 5.306667e-02 1.372397e-02 -1.063001e-02
         vertex 5.507681e-02 1.424383e-02 -1.259167e-02
         vertex 5.506013e-02 1.423952e-02 -1.229335e-02
      endloop
   endfacet
   facet normal 2.503809e-01 -9.681474e-01 1.402256e-06
      outer loop
         vertex 5.306667e-02 1.372397e-02 -1.063001e-02
         vertex 5.506013e-02 1.423952e-02 -1.229335e-02
         vertex 5.485903e-02 1.418751e-02 -1.170612e-02
      endloop
   endfacet
   facet normal 2.503873e-01 -9.681457e-01 6.458733e-06
      outer loop
         vertex 4.732677e-02 1.223953e-02 3.591015e-03
         vertex 4.717739e-02 1.220090e-02 3.663733e-03
         vertex 4.753720e-02 1.229396e-02 3.174374e-03
      endloop
   endfacet
   facet normal 2.503766e-01 -9.681485e-01 -1.956266e-06
      outer loop
         vertex 4.753720e-02 1.229396e-02 3.174374e-03
         vertex 4.717739e-02 1.220090e-02 3.663733e-03
         vertex 4.704538e-02 1.216676e-02 3.682374e-03
      endloop
   endfacet
   facet normal 2.503785e-01 -9.681480e-01 0.000000e+00
      outer loop
         vertex 4.753720e-02 1.229396e-02 3.174374e-03
         vertex 4.704538e-02 1.216676e-02 3.682374e-03
         vertex 4.753720e-02 1.229396e-02 1.396374e-03
      endloop
   endfacet
   facet normal 2.503801e-01 -9.681476e-01 3.566031e-07
      outer loop
         vertex 4.753720e-02 1.229396e-02 1.396374e-03
         vertex 4.704538e-02 1.216676e-02 3.682374e-03
         vertex 3.298903e-02 8.531542e-03 3.682374e-03
      endloop
   endfacet
   facet normal 2.503797e-01 -9.681477e-01 -1.839075e-06
      outer loop
         vertex 4.753720e-02 1.229396e-02 1.396374e-03
         vertex 3.298903e-02 8.531542e-03 3.682374e-03
         vertex 4.762031e-02 1.231545e-02 8.921124e-04
      endloop
   endfacet
   facet normal 2.503800e-01 -9.681476e-01 -6.446564e-08
      outer loop
         vertex 4.762031e-02 1.231545e-02 8.921124e-04
         vertex 3.298903e-02 8.531542e-03 3.682374e-03
         vertex 1.058852e-02 2.738377e-03 -1.854263e-02
      endloop
   endfacet
   facet normal 2.503782e-01 -9.681481e-01 3.760445e-06
      outer loop
         vertex 4.762031e-02 1.231545e-02 8.921124e-04
         vertex 1.058852e-02 2.738377e-03 -1.854263e-02
         vertex 4.768556e-02 1.233232e-02 7.303381e-04
      endloop
   endfacet
   facet normal 2.503800e-01 -9.681476e-01 4.317743e-08
      outer loop
         vertex 4.768556e-02 1.233232e-02 7.303381e-04
         vertex 1.058852e-02 2.738377e-03 -1.854263e-02
         vertex 3.168394e-02 8.194025e-03 -1.266473e-02
      endloop
   endfacet
   facet normal 2.503805e-01 -9.681475e-01 -6.396252e-07
      outer loop
         vertex 4.768556e-02 1.233232e-02 7.303381e-04
         vertex 3.168394e-02 8.194025e-03 -1.266473e-02
         vertex 4.786039e-02 1.237754e-02 4.445021e-04
      endloop
   endfacet
   facet normal 2.503934e-01 -9.681442e-01 -1.767525e-05
      outer loop
         vertex 4.786039e-02 1.237754e-02 4.445021e-04
         vertex 3.168394e-02 8.194025e-03 -1.266473e-02
         vertex 3.248920e-02 8.402280e-03 -1.205676e-02
      endloop
   endfacet
   facet normal 2.503785e-01 -9.681480e-01 1.934903e-06
      outer loop
         vertex 4.786039e-02 1.237754e-02 4.445021e-04
         vertex 3.248920e-02 8.402280e-03 -1.205676e-02
         vertex 3.292431e-02 8.514807e-03 -1.174279e-02
      endloop
   endfacet
   facet normal 2.503800e-01 -9.681476e-01 0.000000e+00
      outer loop
         vertex 5.477107e-02 1.416476e-02 2.563970e-03
         vertex 5.477107e-02 1.416476e-02 4.708122e-03
         vertex 5.157299e-02 1.333768e-02 2.363720e-03
      endloop
   endfacet
   facet normal 2.503800e-01 -9.681476e-01 -4.498775e-08
      outer loop
         vertex 5.157299e-02 1.333768e-02 2.363720e-03
         vertex 5.477107e-02 1.416476e-02 4.708122e-03
         vertex 5.350177e-02 1.383650e-02 6.019175e-03
      endloop
   endfacet
   facet normal 2.503796e-01 -9.681477e-01 1.893196e-07
      outer loop
         vertex 5.157299e-02 1.333768e-02 2.363720e-03
         vertex 5.350177e-02 1.383650e-02 6.019175e-03
         vertex 5.217793e-02 1.349413e-02 6.019175e-03
      endloop
   endfacet
   facet normal -4.067367e-01 9.135454e-01 -2.508362e-07
      outer loop
         vertex 9.969322e-03 4.438628e-03 1.854263e-02
         vertex 2.244776e-02 9.994387e-03 1.854263e-02
         vertex 2.314389e-02 1.030433e-02 1.778063e-02
      endloop
   endfacet
   facet normal -4.067367e-01 9.135454e-01 0.000000e+00
      outer loop
         vertex 2.314389e-02 1.030433e-02 1.778063e-02
         vertex 2.314389e-02 1.030433e-02 1.320863e-02
         vertex 9.969322e-03 4.438628e-03 1.854263e-02
      endloop
   endfacet
   facet normal -4.067368e-01 9.135454e-01 -2.673956e-07
      outer loop
         vertex 9.969322e-03 4.438628e-03 1.854263e-02
         vertex 2.314389e-02 1.030433e-02 1.320863e-02
         vertex 2.318870e-02 1.032427e-02 1.299086e-02
      endloop
   endfacet
   facet normal -4.067367e-01 9.135455e-01 0.000000e+00
      outer loop
         vertex 9.969322e-03 4.438628e-03 1.854263e-02
         vertex 2.318870e-02 1.032427e-02 1.299086e-02
         vertex 9.969322e-03 4.438628e-03 -1.854263e-02
      endloop
   endfacet
   facet normal -4.067365e-01 9.135455e-01 0.000000e+00
      outer loop
         vertex 2.360798e-02 1.051095e-02 1.270063e-02
         vertex 2.603864e-02 1.159315e-02 1.270063e-02
         vertex 2.603864e-02 1.159315e-02 9.401001e-03
      endloop
   endfacet
   facet normal -4.067366e-01 9.135455e-01 0.000000e+00
      outer loop
         vertex 2.744777e-02 1.222053e-02 6.750781e-03
         vertex 3.110639e-02 1.384946e-02 4.475723e-03
         vertex 3.110639e-02 1.384946e-02 3.682374e-03
      endloop
   endfacet
   facet normal -4.067375e-01 9.135451e-01 1.852217e-06
      outer loop
         vertex 4.484178e-02 1.996485e-02 1.236039e-03
         vertex 4.496831e-02 2.002118e-02 7.434246e-04
         vertex 9.969322e-03 4.438628e-03 -1.854263e-02
      endloop
   endfacet
   facet normal -4.067402e-01 9.135439e-01 -9.420512e-07
      outer loop
         vertex 5.254651e-02 2.339521e-02 -1.225360e-02
         vertex 5.242752e-02 2.334224e-02 -1.153204e-02
         vertex 5.276446e-02 2.349225e-02 -1.162055e-02
      endloop
   endfacet
   facet normal -4.067376e-01 9.135450e-01 1.976716e-06
      outer loop
         vertex 4.484178e-02 1.996485e-02 1.236039e-03
         vertex 9.969322e-03 4.438628e-03 -1.854263e-02
         vertex 4.483406e-02 1.996141e-02 1.396374e-03
      endloop
   endfacet
   facet normal -4.067331e-01 9.135470e-01 6.565388e-07
      outer loop
         vertex 4.655506e-02 2.072765e-02 -8.452711e-05
         vertex 4.787194e-02 2.131396e-02 -8.059434e-03
         vertex 4.760238e-02 2.119394e-02 -7.873648e-03
      endloop
   endfacet
   facet normal -4.067366e-01 9.135455e-01 -1.362105e-07
      outer loop
         vertex 2.553694e-02 1.136978e-02 -1.679701e-02
         vertex 2.405640e-02 1.071060e-02 -1.854263e-02
         vertex 9.969322e-03 4.438628e-03 -1.854263e-02
      endloop
   endfacet
   facet normal -4.067394e-01 9.135442e-01 4.959560e-07
      outer loop
         vertex 5.165994e-02 2.300049e-02 4.708122e-03
         vertex 4.963374e-02 2.209837e-02 -1.013506e-02
         vertex 4.938421e-02 2.198727e-02 -1.008443e-02
      endloop
   endfacet
   facet normal -4.067278e-01 9.135494e-01 -4.445316e-06
      outer loop
         vertex 2.318870e-02 1.032427e-02 1.299086e-02
         vertex 2.320607e-02 1.033201e-02 1.295463e-02
         vertex 9.969322e-03 4.438628e-03 -1.854263e-02
      endloop
   endfacet
   facet normal -4.067383e-01 9.135447e-01 8.421802e-07
      outer loop
         vertex 9.969322e-03 4.438628e-03 -1.854263e-02
         vertex 2.320607e-02 1.033201e-02 1.295463e-02
         vertex 2.327819e-02 1.036412e-02 1.285121e-02
      endloop
   endfacet
   facet normal -4.067403e-01 9.135438e-01 1.865702e-06
      outer loop
         vertex 9.969322e-03 4.438628e-03 -1.854263e-02
         vertex 2.327819e-02 1.036412e-02 1.285121e-02
         vertex 2.337594e-02 1.040764e-02 1.276868e-02
      endloop
   endfacet
   facet normal -4.067307e-01 9.135481e-01 1.705588e-06
      outer loop
         vertex 5.185127e-02 2.308567e-02 -1.090914e-02
         vertex 5.224752e-02 2.326209e-02 -1.240782e-02
         vertex 5.172341e-02 2.302874e-02 -1.053888e-02
      endloop
   endfacet
   facet normal -4.067358e-01 9.135458e-01 -3.383820e-08
      outer loop
         vertex 5.172341e-02 2.302874e-02 -1.053888e-02
         vertex 5.224752e-02 2.326209e-02 -1.240782e-02
         vertex 5.201393e-02 2.315809e-02 -1.264033e-02
      endloop
   endfacet
   facet normal -4.067339e-01 9.135467e-01 2.799794e-07
      outer loop
         vertex 5.201393e-02 2.315809e-02 -1.264033e-02
         vertex 5.199271e-02 2.314864e-02 -1.266890e-02
         vertex 5.172341e-02 2.302874e-02 -1.053888e-02
      endloop
   endfacet
   facet normal -4.067327e-01 9.135472e-01 4.649982e-07
      outer loop
         vertex 5.172341e-02 2.302874e-02 -1.053888e-02
         vertex 5.199271e-02 2.314864e-02 -1.266890e-02
         vertex 5.176634e-02 2.304786e-02 -1.312678e-02
      endloop
   endfacet
   facet normal -4.067406e-01 9.135437e-01 3.079326e-07
      outer loop
         vertex 5.172341e-02 2.302874e-02 -1.053888e-02
         vertex 5.176634e-02 2.304786e-02 -1.312678e-02
         vertex 5.165994e-02 2.300049e-02 -9.984288e-03
      endloop
   endfacet
   facet normal -4.067370e-01 9.135453e-01 2.392536e-07
      outer loop
         vertex 2.623683e-02 1.168139e-02 8.271647e-03
         vertex 9.969322e-03 4.438628e-03 -1.854263e-02
         vertex 2.607274e-02 1.160833e-02 8.925443e-03
      endloop
   endfacet
   facet normal -4.067366e-01 9.135455e-01 -4.312675e-08
      outer loop
         vertex 2.607274e-02 1.160833e-02 8.925443e-03
         vertex 9.969322e-03 4.438628e-03 -1.854263e-02
         vertex 2.337594e-02 1.040764e-02 1.276868e-02
      endloop
   endfacet
   facet normal -4.067353e-01 9.135460e-01 1.017971e-06
      outer loop
         vertex 2.607274e-02 1.160833e-02 8.925443e-03
         vertex 2.337594e-02 1.040764e-02 1.276868e-02
         vertex 2.603864e-02 1.159315e-02 9.401001e-03
      endloop
   endfacet
   facet normal -4.067309e-01 9.135480e-01 5.266616e-06
      outer loop
         vertex 2.603864e-02 1.159315e-02 9.401001e-03
         vertex 2.337594e-02 1.040764e-02 1.276868e-02
         vertex 2.340486e-02 1.042051e-02 1.275187e-02
      endloop
   endfacet
   facet normal -4.067355e-01 9.135460e-01 8.666221e-07
      outer loop
         vertex 2.603864e-02 1.159315e-02 9.401001e-03
         vertex 2.340486e-02 1.042051e-02 1.275187e-02
         vertex 2.360798e-02 1.051095e-02 1.270063e-02
      endloop
   endfacet
   facet normal -4.067330e-01 9.135471e-01 9.601988e-07
      outer loop
         vertex 5.185127e-02 2.308567e-02 -1.090914e-02
         vertex 5.209584e-02 2.319456e-02 -1.128093e-02
         vertex 5.224752e-02 2.326209e-02 -1.240782e-02
      endloop
   endfacet
   facet normal -4.067118e-01 9.135565e-01 4.379017e-06
      outer loop
         vertex 5.224752e-02 2.326209e-02 -1.240782e-02
         vertex 5.209584e-02 2.319456e-02 -1.128093e-02
         vertex 5.213112e-02 2.321027e-02 -1.131796e-02
      endloop
   endfacet
   facet normal -4.067366e-01 9.135455e-01 1.200504e-06
      outer loop
         vertex 5.224752e-02 2.326209e-02 -1.240782e-02
         vertex 5.213112e-02 2.321027e-02 -1.131796e-02
         vertex 5.254651e-02 2.339521e-02 -1.225360e-02
      endloop
   endfacet
   facet normal -4.067484e-01 9.135402e-01 -5.048309e-06
      outer loop
         vertex 5.254651e-02 2.339521e-02 -1.225360e-02
         vertex 5.213112e-02 2.321027e-02 -1.131796e-02
         vertex 5.225871e-02 2.326708e-02 -1.142917e-02
      endloop
   endfacet
   facet normal -4.067371e-01 9.135453e-01 -3.216628e-07
      outer loop
         vertex 5.254651e-02 2.339521e-02 -1.225360e-02
         vertex 5.225871e-02 2.326708e-02 -1.142917e-02
         vertex 5.242752e-02 2.334224e-02 -1.153204e-02
      endloop
   endfacet
   facet normal -4.067249e-01 9.135507e-01 6.022800e-06
      outer loop
         vertex 4.468302e-02 1.989416e-02 3.549389e-03
         vertex 4.477878e-02 1.993680e-02 3.414821e-03
         vertex 4.483406e-02 1.996141e-02 3.174374e-03
      endloop
   endfacet
   facet normal -4.067331e-01 9.135470e-01 -3.155786e-06
      outer loop
         vertex 3.954758e-02 1.760772e-02 -7.493625e-03
         vertex 3.921107e-02 1.745789e-02 -7.515965e-03
         vertex 4.523667e-02 2.014066e-02 3.244240e-04
      endloop
   endfacet
   facet normal -4.067370e-01 9.135453e-01 4.474224e-07
      outer loop
         vertex 4.523667e-02 2.014066e-02 3.244240e-04
         vertex 3.921107e-02 1.745789e-02 -7.515965e-03
         vertex 3.860835e-02 1.718955e-02 -7.672255e-03
      endloop
   endfacet
   facet normal -4.067356e-01 9.135459e-01 -2.582655e-07
      outer loop
         vertex 4.882992e-02 2.174048e-02 -9.378984e-03
         vertex 5.165994e-02 2.300049e-02 4.708122e-03
         vertex 4.900226e-02 2.181721e-02 -1.003856e-02
      endloop
   endfacet
   facet normal -4.067373e-01 9.135452e-01 1.190149e-07
      outer loop
         vertex 4.900226e-02 2.181721e-02 -1.003856e-02
         vertex 5.165994e-02 2.300049e-02 4.708122e-03
         vertex 4.938421e-02 2.198727e-02 -1.008443e-02
      endloop
   endfacet
   facet normal -4.067367e-01 9.135454e-01 5.888283e-06
      outer loop
         vertex 4.900226e-02 2.181721e-02 -1.003856e-02
         vertex 4.938421e-02 2.198727e-02 -1.008443e-02
         vertex 4.900927e-02 2.182033e-02 -1.008443e-02
      endloop
   endfacet
   facet normal -4.067421e-01 9.135430e-01 -4.843142e-07
      outer loop
         vertex 4.774785e-02 2.125871e-02 5.995515e-04
         vertex 4.797339e-02 2.135913e-02 8.457729e-04
         vertex 4.833325e-02 2.151935e-02 -8.511897e-03
      endloop
   endfacet
   facet normal -4.067351e-01 9.135461e-01 -1.117143e-06
      outer loop
         vertex 2.623683e-02 1.168139e-02 8.271647e-03
         vertex 2.637159e-02 1.174139e-02 7.955698e-03
         vertex 9.969322e-03 4.438628e-03 -1.854263e-02
      endloop
   endfacet
   facet normal -4.067369e-01 9.135453e-01 1.826419e-07
      outer loop
         vertex 9.969322e-03 4.438628e-03 -1.854263e-02
         vertex 2.637159e-02 1.174139e-02 7.955698e-03
         vertex 2.672414e-02 1.189835e-02 7.398212e-03
      endloop
   endfacet
   facet normal -4.067369e-01 9.135453e-01 1.989250e-07
      outer loop
         vertex 9.969322e-03 4.438628e-03 -1.854263e-02
         vertex 2.672414e-02 1.189835e-02 7.398212e-03
         vertex 2.694657e-02 1.199738e-02 7.149174e-03
      endloop
   endfacet
   facet normal -4.067365e-01 9.135455e-01 -5.710195e-06
      outer loop
         vertex 5.165994e-02 2.300049e-02 -1.407223e-02
         vertex 5.098315e-02 2.269916e-02 -1.407223e-02
         vertex 5.165994e-02 2.300049e-02 -1.377423e-02
      endloop
   endfacet
   facet normal -4.067404e-01 9.135438e-01 4.851924e-06
      outer loop
         vertex 5.165994e-02 2.300049e-02 -1.377423e-02
         vertex 5.098315e-02 2.269916e-02 -1.407223e-02
         vertex 5.166448e-02 2.300251e-02 -1.364447e-02
      endloop
   endfacet
   facet normal -4.067369e-01 9.135453e-01 0.000000e+00
      outer loop
         vertex 5.165994e-02 2.300049e-02 -9.984288e-03
         vertex 4.990958e-02 2.222118e-02 -1.034651e-02
         vertex 5.165994e-02 2.300049e-02 4.708122e-03
      endloop
   endfacet
   facet normal -4.067284e-01 9.135491e-01 -1.196800e-06
      outer loop
         vertex 5.165994e-02 2.300049e-02 4.708122e-03
         vertex 4.990958e-02 2.222118e-02 -1.034651e-02
         vertex 4.983478e-02 2.218788e-02 -1.026558e-02
      endloop
   endfacet
   facet normal -4.067346e-01 9.135464e-01 -2.862771e-07
      outer loop
         vertex 5.165994e-02 2.300049e-02 4.708122e-03
         vertex 4.983478e-02 2.218788e-02 -1.026558e-02
         vertex 4.963374e-02 2.209837e-02 -1.013506e-02
      endloop
   endfacet
   facet normal -4.067367e-01 9.135454e-01 1.492247e-07
      outer loop
         vertex 2.553694e-02 1.136978e-02 -1.679701e-02
         vertex 9.969322e-03 4.438628e-03 -1.854263e-02
         vertex 2.720719e-02 1.211342e-02 -1.506394e-02
      endloop
   endfacet
   facet normal -4.067381e-01 9.135448e-01 -1.496044e-07
      outer loop
         vertex 4.760238e-02 2.119394e-02 -7.873648e-03
         vertex 4.703025e-02 2.093921e-02 -7.613839e-03
         vertex 4.655506e-02 2.072765e-02 -8.452711e-05
      endloop
   endfacet
   facet normal -4.067325e-01 9.135473e-01 2.719559e-07
      outer loop
         vertex 4.655506e-02 2.072765e-02 -8.452711e-05
         vertex 4.703025e-02 2.093921e-02 -7.613839e-03
         vertex 4.687029e-02 2.086800e-02 -7.568734e-03
      endloop
   endfacet
   facet normal -4.067341e-01 9.135466e-01 1.918930e-07
      outer loop
         vertex 4.655506e-02 2.072765e-02 -8.452711e-05
         vertex 4.687029e-02 2.086800e-02 -7.568734e-03
         vertex 4.606528e-02 2.050959e-02 -1.173987e-04
      endloop
   endfacet
   facet normal -4.067359e-01 9.135458e-01 -4.136259e-08
      outer loop
         vertex 4.606528e-02 2.050959e-02 -1.173987e-04
         vertex 4.687029e-02 2.086800e-02 -7.568734e-03
         vertex 4.625595e-02 2.059448e-02 -7.493625e-03
      endloop
   endfacet
   facet normal -4.067377e-01 9.135450e-01 -9.610679e-08
      outer loop
         vertex 4.606528e-02 2.050959e-02 -1.173987e-04
         vertex 4.625595e-02 2.059448e-02 -7.493625e-03
         vertex 4.561661e-02 2.030982e-02 2.627802e-05
      endloop
   endfacet
   facet normal -4.067367e-01 9.135454e-01 -1.284228e-09
      outer loop
         vertex 4.561661e-02 2.030982e-02 2.627802e-05
         vertex 4.625595e-02 2.059448e-02 -7.493625e-03
         vertex 3.954758e-02 1.760772e-02 -7.493625e-03
      endloop
   endfacet
   facet normal -4.067387e-01 9.135446e-01 1.873993e-06
      outer loop
         vertex 4.561661e-02 2.030982e-02 2.627802e-05
         vertex 3.954758e-02 1.760772e-02 -7.493625e-03
         vertex 4.536588e-02 2.019819e-02 1.982470e-04
      endloop
   endfacet
   facet normal -4.067334e-01 9.135469e-01 -2.924133e-06
      outer loop
         vertex 4.536588e-02 2.019819e-02 1.982470e-04
         vertex 3.954758e-02 1.760772e-02 -7.493625e-03
         vertex 4.523667e-02 2.014066e-02 3.244240e-04
      endloop
   endfacet
   facet normal -4.067355e-01 9.135459e-01 1.744505e-08
      outer loop
         vertex 4.774785e-02 2.125871e-02 5.995515e-04
         vertex 4.833325e-02 2.151935e-02 -8.511897e-03
         vertex 4.724207e-02 2.103353e-02 2.081520e-04
      endloop
   endfacet
   facet normal -4.067366e-01 9.135455e-01 1.892210e-06
      outer loop
         vertex 5.633101e-02 2.508018e-02 -1.221474e-02
         vertex 5.507364e-02 2.452037e-02 -1.224256e-02
         vertex 5.481727e-02 2.440622e-02 -1.168448e-02
      endloop
   endfacet
   facet normal -4.067372e-01 9.135452e-01 1.577574e-06
      outer loop
         vertex 5.481727e-02 2.440622e-02 -1.168448e-02
         vertex 5.507364e-02 2.452037e-02 -1.224256e-02
         vertex 5.442161e-02 2.423006e-02 -1.224236e-02
      endloop
   endfacet
   facet normal -4.067360e-01 9.135457e-01 6.013503e-07
      outer loop
         vertex 5.481727e-02 2.440622e-02 -1.168448e-02
         vertex 5.442161e-02 2.423006e-02 -1.224236e-02
         vertex 5.276446e-02 2.349225e-02 -1.162055e-02
      endloop
   endfacet
   facet normal -4.067355e-01 9.135460e-01 2.270073e-06
      outer loop
         vertex 5.276446e-02 2.349225e-02 -1.162055e-02
         vertex 5.442161e-02 2.423006e-02 -1.224236e-02
         vertex 5.284481e-02 2.352803e-02 -1.221212e-02
      endloop
   endfacet
   facet normal -4.067445e-01 9.135420e-01 8.101808e-07
      outer loop
         vertex 5.276446e-02 2.349225e-02 -1.162055e-02
         vertex 5.284481e-02 2.352803e-02 -1.221212e-02
         vertex 5.254651e-02 2.339521e-02 -1.225360e-02
      endloop
   endfacet
   facet normal -4.067363e-01 9.135456e-01 -2.207247e-07
      outer loop
         vertex 4.797339e-02 2.135913e-02 8.457729e-04
         vertex 4.833231e-02 2.151893e-02 1.398368e-03
         vertex 4.833325e-02 2.151935e-02 -8.511897e-03
      endloop
   endfacet
   facet normal -4.067362e-01 9.135457e-01 -2.207092e-07
      outer loop
         vertex 4.833325e-02 2.151935e-02 -8.511897e-03
         vertex 4.833231e-02 2.151893e-02 1.398368e-03
         vertex 5.165994e-02 2.300049e-02 4.708122e-03
      endloop
   endfacet
   facet normal -4.067397e-01 9.135441e-01 8.310762e-07
      outer loop
         vertex 4.833325e-02 2.151935e-02 -8.511897e-03
         vertex 5.165994e-02 2.300049e-02 4.708122e-03
         vertex 4.853143e-02 2.160759e-02 -8.784878e-03
      endloop
   endfacet
   facet normal -4.067370e-01 9.135453e-01 8.302695e-08
      outer loop
         vertex 4.853143e-02 2.160759e-02 -8.784878e-03
         vertex 5.165994e-02 2.300049e-02 4.708122e-03
         vertex 4.882992e-02 2.174048e-02 -9.378984e-03
      endloop
   endfacet
   facet normal -4.067364e-01 9.135456e-01 -2.074939e-07
      outer loop
         vertex 2.694657e-02 1.199738e-02 7.149174e-03
         vertex 2.744777e-02 1.222053e-02 6.750781e-03
         vertex 9.969322e-03 4.438628e-03 -1.854263e-02
      endloop
   endfacet
   facet normal -4.067366e-01 9.135455e-01 -3.120063e-08
      outer loop
         vertex 9.969322e-03 4.438628e-03 -1.854263e-02
         vertex 2.744777e-02 1.222053e-02 6.750781e-03
         vertex 3.110639e-02 1.384946e-02 3.682374e-03
      endloop
   endfacet
   facet normal -4.067367e-01 9.135455e-01 1.959809e-08
      outer loop
         vertex 9.969322e-03 4.438628e-03 -1.854263e-02
         vertex 3.110639e-02 1.384946e-02 3.682374e-03
         vertex 4.483406e-02 1.996141e-02 1.396374e-03
      endloop
   endfacet
   facet normal -4.067366e-01 9.135455e-01 2.906366e-07
      outer loop
         vertex 4.483406e-02 1.996141e-02 1.396374e-03
         vertex 3.110639e-02 1.384946e-02 3.682374e-03
         vertex 4.436997e-02 1.975478e-02 3.682374e-03
      endloop
   endfacet
   facet normal -4.067378e-01 9.135449e-01 0.000000e+00
      outer loop
         vertex 4.483406e-02 1.996141e-02 1.396374e-03
         vertex 4.436997e-02 1.975478e-02 3.682374e-03
         vertex 4.483406e-02 1.996141e-02 3.174374e-03
      endloop
   endfacet
   facet normal -4.067443e-01 9.135420e-01 -7.134169e-06
      outer loop
         vertex 4.483406e-02 1.996141e-02 3.174374e-03
         vertex 4.436997e-02 1.975478e-02 3.682374e-03
         vertex 4.455198e-02 1.983582e-02 3.641678e-03
      endloop
   endfacet
   facet normal -4.067287e-01 9.135490e-01 4.207808e-06
      outer loop
         vertex 4.483406e-02 1.996141e-02 3.174374e-03
         vertex 4.455198e-02 1.983582e-02 3.641678e-03
         vertex 4.468302e-02 1.989416e-02 3.549389e-03
      endloop
   endfacet
   facet normal -4.067373e-01 9.135452e-01 -3.915441e-07
      outer loop
         vertex 5.481727e-02 2.440622e-02 -1.168448e-02
         vertex 5.604494e-02 2.495281e-02 -1.165070e-02
         vertex 5.633101e-02 2.508018e-02 -1.221474e-02
      endloop
   endfacet
   facet normal -4.067359e-01 9.135458e-01 4.492747e-07
      outer loop
         vertex 5.633101e-02 2.508018e-02 -1.221474e-02
         vertex 5.604494e-02 2.495281e-02 -1.165070e-02
         vertex 5.682445e-02 2.529987e-02 -1.160700e-02
      endloop
   endfacet
   facet normal -4.067362e-01 9.135457e-01 7.371229e-07
      outer loop
         vertex 5.633101e-02 2.508018e-02 -1.221474e-02
         vertex 5.682445e-02 2.529987e-02 -1.160700e-02
         vertex 5.771898e-02 2.569815e-02 -1.209339e-02
      endloop
   endfacet
   facet normal -4.067367e-01 9.135454e-01 -3.729660e-07
      outer loop
         vertex 5.771898e-02 2.569815e-02 -1.209339e-02
         vertex 5.682445e-02 2.529987e-02 -1.160700e-02
         vertex 5.765114e-02 2.566794e-02 -1.153911e-02
      endloop
   endfacet
   facet normal -4.067372e-01 9.135452e-01 -4.465076e-07
      outer loop
         vertex 5.771898e-02 2.569815e-02 -1.209339e-02
         vertex 5.765114e-02 2.566794e-02 -1.153911e-02
         vertex 5.790827e-02 2.578242e-02 -1.206750e-02
      endloop
   endfacet
   facet normal -4.067376e-01 9.135450e-01 -5.152269e-07
      outer loop
         vertex 5.166448e-02 2.300251e-02 -1.364447e-02
         vertex 5.098315e-02 2.269916e-02 -1.407223e-02
         vertex 5.176634e-02 2.304786e-02 -1.312678e-02
      endloop
   endfacet
   facet normal -4.067375e-01 9.135451e-01 -5.512041e-07
      outer loop
         vertex 5.176634e-02 2.304786e-02 -1.312678e-02
         vertex 5.098315e-02 2.269916e-02 -1.407223e-02
         vertex 5.005167e-02 2.228444e-02 -1.063001e-02
      endloop
   endfacet
   facet normal -4.067363e-01 9.135456e-01 4.833672e-07
      outer loop
         vertex 5.176634e-02 2.304786e-02 -1.312678e-02
         vertex 5.005167e-02 2.228444e-02 -1.063001e-02
         vertex 5.165994e-02 2.300049e-02 -9.984288e-03
      endloop
   endfacet
   facet normal -4.067377e-01 9.135450e-01 4.557590e-06
      outer loop
         vertex 5.165994e-02 2.300049e-02 -9.984288e-03
         vertex 5.005167e-02 2.228444e-02 -1.063001e-02
         vertex 4.998503e-02 2.225477e-02 -1.046158e-02
      endloop
   endfacet
   facet normal -4.067379e-01 9.135449e-01 5.746591e-06
      outer loop
         vertex 5.165994e-02 2.300049e-02 -9.984288e-03
         vertex 4.998503e-02 2.225477e-02 -1.046158e-02
         vertex 4.990958e-02 2.222118e-02 -1.034651e-02
      endloop
   endfacet
   facet normal -4.067378e-01 9.135449e-01 1.247398e-06
      outer loop
         vertex 3.860835e-02 1.718955e-02 -7.672255e-03
         vertex 3.805646e-02 1.694383e-02 -7.889365e-03
         vertex 4.523667e-02 2.014066e-02 3.244240e-04
      endloop
   endfacet
   facet normal -4.067369e-01 9.135454e-01 2.389581e-07
      outer loop
         vertex 4.523667e-02 2.014066e-02 3.244240e-04
         vertex 3.805646e-02 1.694383e-02 -7.889365e-03
         vertex 3.592492e-02 1.599481e-02 -8.788436e-03
      endloop
   endfacet
   facet normal -4.067351e-01 9.135461e-01 -1.931382e-06
      outer loop
         vertex 4.523667e-02 2.014066e-02 3.244240e-04
         vertex 3.592492e-02 1.599481e-02 -8.788436e-03
         vertex 4.496831e-02 2.002118e-02 7.434246e-04
      endloop
   endfacet
   facet normal -4.067364e-01 9.135456e-01 -4.153693e-07
      outer loop
         vertex 4.496831e-02 2.002118e-02 7.434246e-04
         vertex 3.592492e-02 1.599481e-02 -8.788436e-03
         vertex 3.411473e-02 1.518886e-02 -9.720509e-03
      endloop
   endfacet
   facet normal -4.067366e-01 9.135455e-01 -2.407505e-07
      outer loop
         vertex 4.496831e-02 2.002118e-02 7.434246e-04
         vertex 3.411473e-02 1.518886e-02 -9.720509e-03
         vertex 9.969322e-03 4.438628e-03 -1.854263e-02
      endloop
   endfacet
   facet normal -4.067373e-01 9.135452e-01 2.030308e-06
      outer loop
         vertex 9.969322e-03 4.438628e-03 -1.854263e-02
         vertex 3.411473e-02 1.518886e-02 -9.720509e-03
         vertex 3.239010e-02 1.442100e-02 -1.078669e-02
      endloop
   endfacet
   facet normal -4.067366e-01 9.135455e-01 -3.263303e-07
      outer loop
         vertex 9.969322e-03 4.438628e-03 -1.854263e-02
         vertex 3.239010e-02 1.442100e-02 -1.078669e-02
         vertex 3.069981e-02 1.366844e-02 -1.200633e-02
      endloop
   endfacet
   facet normal -4.067365e-01 9.135455e-01 -1.728046e-08
      outer loop
         vertex 5.790827e-02 2.578242e-02 -1.206750e-02
         vertex 5.765114e-02 2.566794e-02 -1.153911e-02
         vertex 5.825382e-02 2.593627e-02 -1.201434e-02
      endloop
   endfacet
   facet normal -4.067368e-01 9.135454e-01 -5.839532e-07
      outer loop
         vertex 5.825382e-02 2.593627e-02 -1.201434e-02
         vertex 5.765114e-02 2.566794e-02 -1.153911e-02
         vertex 5.927287e-02 2.638998e-02 -1.127906e-02
      endloop
   endfacet
   facet normal -4.067364e-01 9.135456e-01 -1.318593e-06
      outer loop
         vertex 5.825382e-02 2.593627e-02 -1.201434e-02
         vertex 5.927287e-02 2.638998e-02 -1.127906e-02
         vertex 6.135987e-02 2.731918e-02 -1.141408e-02
      endloop
   endfacet
   facet normal -4.067364e-01 9.135456e-01 -1.682629e-06
      outer loop
         vertex 6.135987e-02 2.731918e-02 -1.141408e-02
         vertex 5.927287e-02 2.638998e-02 -1.127906e-02
         vertex 6.106355e-02 2.718724e-02 -1.091670e-02
      endloop
   endfacet
   facet normal -4.067378e-01 9.135449e-01 -2.693494e-06
      outer loop
         vertex 6.135987e-02 2.731918e-02 -1.141408e-02
         vertex 6.106355e-02 2.718724e-02 -1.091670e-02
         vertex 6.205522e-02 2.762877e-02 -1.128061e-02
      endloop
   endfacet
   facet normal -4.067367e-01 9.135454e-01 -5.260190e-08
      outer loop
         vertex 4.787194e-02 2.131396e-02 -8.059434e-03
         vertex 4.655506e-02 2.072765e-02 -8.452711e-05
         vertex 4.833325e-02 2.151935e-02 -8.511897e-03
      endloop
   endfacet
   facet normal -4.067367e-01 9.135454e-01 -7.242859e-08
      outer loop
         vertex 4.833325e-02 2.151935e-02 -8.511897e-03
         vertex 4.655506e-02 2.072765e-02 -8.452711e-05
         vertex 4.695479e-02 2.090562e-02 5.752927e-05
      endloop
   endfacet
   facet normal -4.067389e-01 9.135445e-01 -4.793813e-07
      outer loop
         vertex 4.833325e-02 2.151935e-02 -8.511897e-03
         vertex 4.695479e-02 2.090562e-02 5.752927e-05
         vertex 4.724207e-02 2.103353e-02 2.081520e-04
      endloop
   endfacet
   facet normal -4.067368e-01 9.135454e-01 3.562011e-08
      outer loop
         vertex 4.921305e-02 2.191106e-02 6.019175e-03
         vertex 5.046223e-02 2.246723e-02 6.019175e-03
         vertex 4.864223e-02 2.165692e-02 2.363720e-03
      endloop
   endfacet
   facet normal -4.067366e-01 9.135455e-01 -1.256060e-07
      outer loop
         vertex 4.864223e-02 2.165692e-02 2.363720e-03
         vertex 5.046223e-02 2.246723e-02 6.019175e-03
         vertex 5.165994e-02 2.300049e-02 4.708122e-03
      endloop
   endfacet
   facet normal -4.067374e-01 9.135451e-01 1.217253e-06
      outer loop
         vertex 4.864223e-02 2.165692e-02 2.363720e-03
         vertex 5.165994e-02 2.300049e-02 4.708122e-03
         vertex 4.847061e-02 2.158051e-02 1.712245e-03
      endloop
   endfacet
   facet normal -4.067380e-01 9.135448e-01 1.974639e-06
      outer loop
         vertex 4.847061e-02 2.158051e-02 1.712245e-03
         vertex 5.165994e-02 2.300049e-02 4.708122e-03
         vertex 4.833231e-02 2.151893e-02 1.398368e-03
      endloop
   endfacet
   facet normal -4.067325e-01 9.135473e-01 1.609214e-06
      outer loop
         vertex 6.513429e-02 2.899966e-02 -1.081213e-02
         vertex 6.511734e-02 2.899211e-02 -1.031722e-02
         vertex 6.558825e-02 2.920177e-02 -1.076979e-02
      endloop
   endfacet
   facet normal -4.067392e-01 9.135443e-01 -6.748355e-06
      outer loop
         vertex 6.558825e-02 2.920177e-02 -1.076979e-02
         vertex 6.511734e-02 2.899211e-02 -1.031722e-02
         vertex 6.532678e-02 2.908536e-02 -1.029091e-02
      endloop
   endfacet
   facet normal -4.067411e-01 9.135435e-01 -7.997329e-06
      outer loop
         vertex 6.558825e-02 2.920177e-02 -1.076979e-02
         vertex 6.532678e-02 2.908536e-02 -1.029091e-02
         vertex 6.597003e-02 2.937175e-02 -1.073644e-02
      endloop
   endfacet
   facet normal -4.067360e-01 9.135457e-01 8.427381e-07
      outer loop
         vertex 6.597003e-02 2.937175e-02 -1.073644e-02
         vertex 6.532678e-02 2.908536e-02 -1.029091e-02
         vertex 6.639889e-02 2.956269e-02 -1.019397e-02
      endloop
   endfacet
   facet normal -4.067353e-01 9.135461e-01 1.155005e-07
      outer loop
         vertex 6.597003e-02 2.937175e-02 -1.073644e-02
         vertex 6.639889e-02 2.956269e-02 -1.019397e-02
         vertex 6.641389e-02 2.956937e-02 -1.068255e-02
      endloop
   endfacet
   facet normal -4.055876e-01 9.140562e-01 4.231832e-05
      outer loop
         vertex 6.641389e-02 2.956937e-02 -1.068255e-02
         vertex 6.639889e-02 2.956269e-02 -1.019397e-02
         vertex 6.641431e-02 2.956953e-02 -1.019297e-02
      endloop
   endfacet
   facet normal -4.067365e-01 9.135455e-01 -5.119845e-07
      outer loop
         vertex 3.069981e-02 1.366844e-02 -1.200633e-02
         vertex 2.987492e-02 1.330117e-02 -1.266473e-02
         vertex 9.969322e-03 4.438628e-03 -1.854263e-02
      endloop
   endfacet
   facet normal -4.067364e-01 9.135456e-01 -1.223671e-06
      outer loop
         vertex 9.969322e-03 4.438628e-03 -1.854263e-02
         vertex 2.987492e-02 1.330117e-02 -1.266473e-02
         vertex 2.894188e-02 1.288576e-02 -1.345793e-02
      endloop
   endfacet
   facet normal -4.067367e-01 9.135454e-01 1.956676e-07
      outer loop
         vertex 9.969322e-03 4.438628e-03 -1.854263e-02
         vertex 2.894188e-02 1.288576e-02 -1.345793e-02
         vertex 2.720719e-02 1.211342e-02 -1.506394e-02
      endloop
   endfacet
   facet normal -4.067360e-01 9.135457e-01 3.151900e-06
      outer loop
         vertex 6.106355e-02 2.718724e-02 -1.091670e-02
         vertex 6.189189e-02 2.755604e-02 -1.075868e-02
         vertex 6.205522e-02 2.762877e-02 -1.128061e-02
      endloop
   endfacet
   facet normal -4.067364e-01 9.135456e-01 3.014710e-06
      outer loop
         vertex 6.205522e-02 2.762877e-02 -1.128061e-02
         vertex 6.189189e-02 2.755604e-02 -1.075868e-02
         vertex 6.318980e-02 2.813391e-02 -1.055673e-02
      endloop
   endfacet
   facet normal -4.067356e-01 9.135459e-01 1.463915e-06
      outer loop
         vertex 6.205522e-02 2.762877e-02 -1.128061e-02
         vertex 6.318980e-02 2.813391e-02 -1.055673e-02
         vertex 6.349945e-02 2.827178e-02 -1.104107e-02
      endloop
   endfacet
   facet normal -4.067409e-01 9.135436e-01 -2.609322e-06
      outer loop
         vertex 6.349945e-02 2.827178e-02 -1.104107e-02
         vertex 6.318980e-02 2.813391e-02 -1.055673e-02
         vertex 6.347843e-02 2.826242e-02 -1.051658e-02
      endloop
   endfacet
   facet normal -4.067357e-01 9.135459e-01 -2.361988e-06
      outer loop
         vertex 6.349945e-02 2.827178e-02 -1.104107e-02
         vertex 6.347843e-02 2.826242e-02 -1.051658e-02
         vertex 6.396385e-02 2.847854e-02 -1.097027e-02
      endloop
   endfacet
   facet normal -4.067345e-01 9.135464e-01 -7.449394e-07
      outer loop
         vertex 6.396385e-02 2.847854e-02 -1.097027e-02
         vertex 6.347843e-02 2.826242e-02 -1.051658e-02
         vertex 6.425726e-02 2.860918e-02 -1.041390e-02
      endloop
   endfacet
   facet normal -4.067409e-01 9.135436e-01 3.306700e-06
      outer loop
         vertex 6.396385e-02 2.847854e-02 -1.097027e-02
         vertex 6.425726e-02 2.860918e-02 -1.041390e-02
         vertex 6.432518e-02 2.863942e-02 -1.091719e-02
      endloop
   endfacet
   facet normal -4.067719e-01 9.135298e-01 -1.709457e-06
      outer loop
         vertex 6.432518e-02 2.863942e-02 -1.091719e-02
         vertex 6.425726e-02 2.860918e-02 -1.041390e-02
         vertex 6.430560e-02 2.863070e-02 -1.040822e-02
      endloop
   endfacet
   facet normal -4.067366e-01 9.135455e-01 -8.283032e-08
      outer loop
         vertex 6.432518e-02 2.863942e-02 -1.091719e-02
         vertex 6.430560e-02 2.863070e-02 -1.040822e-02
         vertex 6.513429e-02 2.899966e-02 -1.081213e-02
      endloop
   endfacet
   facet normal -4.067336e-01 9.135468e-01 7.471025e-06
      outer loop
         vertex 6.513429e-02 2.899966e-02 -1.081213e-02
         vertex 6.430560e-02 2.863070e-02 -1.040822e-02
         vertex 6.471484e-02 2.881290e-02 -1.036317e-02
      endloop
   endfacet
   facet normal -4.067390e-01 9.135444e-01 1.342153e-06
      outer loop
         vertex 6.513429e-02 2.899966e-02 -1.081213e-02
         vertex 6.471484e-02 2.881290e-02 -1.036317e-02
         vertex 6.511734e-02 2.899211e-02 -1.031722e-02
      endloop
   endfacet
   facet normal 2.503805e-01 -9.681475e-01 8.023383e-08
      outer loop
         vertex 6.734775e-02 1.741731e-02 -3.133039e-03
         vertex 6.937978e-02 1.794283e-02 -1.112216e-03
         vertex 6.671967e-02 1.725488e-02 -2.827421e-03
      endloop
   endfacet
   facet normal 2.503815e-01 -9.681473e-01 -1.433136e-06
      outer loop
         vertex 6.671967e-02 1.725488e-02 -2.827421e-03
         vertex 6.937978e-02 1.794283e-02 -1.112216e-03
         vertex 6.910020e-02 1.787053e-02 -7.839429e-04
      endloop
   endfacet
   facet normal 2.503800e-01 -9.681476e-01 3.939288e-07
      outer loop
         vertex 6.671967e-02 1.725488e-02 -2.827421e-03
         vertex 6.910020e-02 1.787053e-02 -7.839429e-04
         vertex 6.641793e-02 1.717684e-02 -2.621719e-03
      endloop
   endfacet
   facet normal 2.503805e-01 -9.681475e-01 -4.211445e-07
      outer loop
         vertex 6.641793e-02 1.717684e-02 -2.621719e-03
         vertex 6.910020e-02 1.787053e-02 -7.839429e-04
         vertex 6.871530e-02 1.777099e-02 -1.505061e-04
      endloop
   endfacet
   facet normal 2.503785e-01 -9.681480e-01 1.585019e-06
      outer loop
         vertex 6.641793e-02 1.717684e-02 -2.621719e-03
         vertex 6.871530e-02 1.777099e-02 -1.505061e-04
         vertex 6.604818e-02 1.708122e-02 -2.249794e-03
      endloop
   endfacet
   facet normal 2.503802e-01 -9.681476e-01 -4.456656e-07
      outer loop
         vertex 7.040632e-02 1.820831e-02 -4.280237e-03
         vertex 7.040687e-02 1.820845e-02 -2.051186e-03
         vertex 6.931204e-02 1.792531e-02 -3.784898e-03
      endloop
   endfacet
   facet normal 2.503793e-01 -9.681478e-01 1.983587e-07
      outer loop
         vertex 6.931204e-02 1.792531e-02 -3.784898e-03
         vertex 7.040687e-02 1.820845e-02 -2.051186e-03
         vertex 7.029684e-02 1.818000e-02 -1.952835e-03
      endloop
   endfacet
   facet normal 2.503798e-01 -9.681477e-01 -1.192275e-07
      outer loop
         vertex 6.931204e-02 1.792531e-02 -3.784898e-03
         vertex 7.029684e-02 1.818000e-02 -1.952835e-03
         vertex 6.867980e-02 1.776180e-02 -3.569838e-03
      endloop
   endfacet
   facet normal 2.503791e-01 -9.681479e-01 6.448676e-07
      outer loop
         vertex 6.867980e-02 1.776180e-02 -3.569838e-03
         vertex 7.029684e-02 1.818000e-02 -1.952835e-03
         vertex 6.937978e-02 1.794283e-02 -1.112216e-03
      endloop
   endfacet
   facet normal 2.503793e-01 -9.681478e-01 5.895524e-07
      outer loop
         vertex 6.867980e-02 1.776180e-02 -3.569838e-03
         vertex 6.937978e-02 1.794283e-02 -1.112216e-03
         vertex 6.748244e-02 1.745215e-02 -3.185628e-03
      endloop
   endfacet
   facet normal 2.503878e-01 -9.681456e-01 -7.701787e-06
      outer loop
         vertex 6.748244e-02 1.745215e-02 -3.185628e-03
         vertex 6.937978e-02 1.794283e-02 -1.112216e-03
         vertex 6.734775e-02 1.741731e-02 -3.133039e-03
      endloop
   endfacet
   facet normal 2.503833e-01 -9.681468e-01 -3.079993e-06
      outer loop
         vertex 6.806114e-02 1.760181e-02 6.638970e-04
         vertex 6.790128e-02 1.756047e-02 7.363476e-04
         vertex 6.583832e-02 1.702695e-02 -1.852246e-03
      endloop
   endfacet
   facet normal 2.503655e-01 -9.681514e-01 1.653802e-05
      outer loop
         vertex 6.774083e-02 1.751897e-02 7.833254e-04
         vertex 6.587369e-02 1.703610e-02 -9.249594e-04
         vertex 6.582164e-02 1.702263e-02 -1.103488e-03
      endloop
   endfacet
   facet normal 2.503727e-01 -9.681495e-01 5.971145e-06
      outer loop
         vertex 6.790128e-02 1.756047e-02 7.363476e-04
         vertex 6.784805e-02 1.754670e-02 7.545427e-04
         vertex 6.583832e-02 1.702695e-02 -1.852246e-03
      endloop
   endfacet
   facet normal 2.503792e-01 -9.681479e-01 6.365229e-07
      outer loop
         vertex 6.583832e-02 1.702695e-02 -1.852246e-03
         vertex 6.784805e-02 1.754670e-02 7.545427e-04
         vertex 6.774083e-02 1.751897e-02 7.833254e-04
      endloop
   endfacet
   facet normal 2.503777e-01 -9.681482e-01 1.755399e-06
      outer loop
         vertex 6.583832e-02 1.702695e-02 -1.852246e-03
         vertex 6.774083e-02 1.751897e-02 7.833254e-04
         vertex 6.577812e-02 1.701138e-02 -1.401135e-03
      endloop
   endfacet
   facet normal 2.503896e-01 -9.681452e-01 -9.621743e-06
      outer loop
         vertex 6.577812e-02 1.701138e-02 -1.401135e-03
         vertex 6.774083e-02 1.751897e-02 7.833254e-04
         vertex 6.582164e-02 1.702263e-02 -1.103488e-03
      endloop
   endfacet
   facet normal 2.503792e-01 -9.681479e-01 1.297986e-06
      outer loop
         vertex 6.656668e-02 1.721532e-02 2.631726e-04
         vertex 6.620836e-02 1.712264e-02 -2.417723e-04
         vertex 6.774083e-02 1.751897e-02 7.833254e-04
      endloop
   endfacet
   facet normal 2.503794e-01 -9.681478e-01 9.605138e-07
      outer loop
         vertex 6.774083e-02 1.751897e-02 7.833254e-04
         vertex 6.620836e-02 1.712264e-02 -2.417723e-04
         vertex 6.589197e-02 1.704082e-02 -8.731974e-04
      endloop
   endfacet
   facet normal 2.504040e-01 -9.681414e-01 -2.841370e-05
      outer loop
         vertex 6.774083e-02 1.751897e-02 7.833254e-04
         vertex 6.589197e-02 1.704082e-02 -8.731974e-04
         vertex 6.587369e-02 1.703610e-02 -9.249594e-04
      endloop
   endfacet
   facet normal 2.503800e-01 -9.681476e-01 -4.871903e-07
      outer loop
         vertex 6.604818e-02 1.708122e-02 -2.249794e-03
         vertex 6.871530e-02 1.777099e-02 -1.505061e-04
         vertex 6.583832e-02 1.702695e-02 -1.852246e-03
      endloop
   endfacet
   facet normal 2.503771e-01 -9.681484e-01 4.715694e-06
      outer loop
         vertex 6.583832e-02 1.702695e-02 -1.852246e-03
         vertex 6.871530e-02 1.777099e-02 -1.505061e-04
         vertex 6.860621e-02 1.774277e-02 6.498907e-05
      endloop
   endfacet
   facet normal 2.503819e-01 -9.681472e-01 -2.575954e-06
      outer loop
         vertex 6.583832e-02 1.702695e-02 -1.852246e-03
         vertex 6.860621e-02 1.774277e-02 6.498907e-05
         vertex 6.842002e-02 1.769462e-02 3.562569e-04
      endloop
   endfacet
   facet normal 2.503105e-01 -9.681656e-01 1.666513e-04
      outer loop
         vertex 6.774083e-02 1.751897e-02 7.833254e-04
         vertex 6.773316e-02 1.751699e-02 7.849995e-04
         vertex 6.656668e-02 1.721532e-02 2.631726e-04
      endloop
   endfacet
   facet normal 2.503785e-01 -9.681480e-01 4.537391e-06
      outer loop
         vertex 6.656668e-02 1.721532e-02 2.631726e-04
         vertex 6.773316e-02 1.751699e-02 7.849995e-04
         vertex 6.742400e-02 1.743703e-02 8.113304e-04
      endloop
   endfacet
   facet normal 2.503829e-01 -9.681469e-01 -2.775300e-06
      outer loop
         vertex 6.656668e-02 1.721532e-02 2.631726e-04
         vertex 6.742400e-02 1.743703e-02 8.113304e-04
         vertex 6.673615e-02 1.725914e-02 4.668848e-04
      endloop
   endfacet
   facet normal 2.504124e-01 -9.681393e-01 -6.563870e-05
      outer loop
         vertex 6.673615e-02 1.725914e-02 4.668848e-04
         vertex 6.742400e-02 1.743703e-02 8.113304e-04
         vertex 6.733698e-02 1.741453e-02 8.036557e-04
      endloop
   endfacet
   facet normal 2.503866e-01 -9.681459e-01 -1.657435e-05
      outer loop
         vertex 6.673615e-02 1.725914e-02 4.668848e-04
         vertex 6.733698e-02 1.741453e-02 8.036557e-04
         vertex 6.700374e-02 1.732834e-02 6.929822e-04
      endloop
   endfacet
   facet normal 2.503790e-01 -9.681479e-01 1.028227e-06
      outer loop
         vertex 6.842002e-02 1.769462e-02 3.562569e-04
         vertex 6.830133e-02 1.766392e-02 4.869044e-04
         vertex 6.583832e-02 1.702695e-02 -1.852246e-03
      endloop
   endfacet
   facet normal 2.503828e-01 -9.681469e-01 -3.320342e-06
      outer loop
         vertex 6.583832e-02 1.702695e-02 -1.852246e-03
         vertex 6.830133e-02 1.766392e-02 4.869044e-04
         vertex 6.811017e-02 1.761449e-02 6.354177e-04
      endloop
   endfacet
   facet normal 2.503607e-01 -9.681526e-01 1.827690e-05
      outer loop
         vertex 6.583832e-02 1.702695e-02 -1.852246e-03
         vertex 6.811017e-02 1.761449e-02 6.354177e-04
         vertex 6.806114e-02 1.760181e-02 6.638970e-04
      endloop
   endfacet
endsolid BliskSection